 demo                      SWAT+ 2026-07-13        MODULAR Rev 2026.cb442f7c05fc3bfc34349c446010f452d2737c
 freq       soil_lyr  soil_depth        jday         mon         day          yr        unit                gis_id    name           residue_c   structural_c    metabolic_c           hs_c           hp_c   microbrial_c       lignin_c    nonlignin_c        water_c       manure_c      root_mass     soil_water
                              mm                                                                                                         kg/ha          kg/ha          kg/ha          kg/ha          kg/ha          kg/ha          kg/ha          kg/ha          kg/ha          kg/ha          kg/ha          mm/mm
 day               1          10           1           1           1        1975           1                     1 hru0001           0.0000000E+00   31.26732       206.3743       700.6562       1279.833       48.55915       27.52797       3.739352      0.0000000E+00  0.0000000E+00  0.0000000E+00  0.2039255    
 day               2          25           1           1           1        1975           1                     1 hru0001           0.0000000E+00   29.73950       161.2183       1050.995       1919.746       72.38935       24.12934       5.610167      0.0000000E+00  0.0000000E+00  0.0000000E+00  0.2042876    
 day               3          50           1           1           1        1975           1                     1 hru0001           0.0000000E+00   49.56567       268.6602       1751.660       3199.577       120.6622       40.21543       9.350247      0.0000000E+00  0.0000000E+00  0.0000000E+00  0.2062289    
 day               4         100           1           1           1        1975           1                     1 hru0001           0.0000000E+00   70.78545       392.5649       2652.064       4844.253       182.5500       56.62836       14.15709      0.0000000E+00  0.0000000E+00  0.0000000E+00  0.2067711    
 day               5         150           1           1           1        1975           1                     1 hru0001           0.0000000E+00   70.78518       392.5011       2652.066       4844.253       182.5728       56.62814       14.15704      0.0000000E+00  0.0000000E+00  0.0000000E+00  0.2077833    
 day               6         200           1           1           1        1975           1                     1 hru0001           0.0000000E+00   42.16508       233.7614       1579.782       2885.621       108.7704       33.73207       8.433014      0.0000000E+00  0.0000000E+00  0.0000000E+00  0.2160000    
 day               7         300           1           1           1        1975           1                     1 hru0001           0.0000000E+00   84.32989       467.4580       3159.566       5771.243       217.5639       67.46391       16.86597      0.0000000E+00  0.0000000E+00  0.0000000E+00  0.2160001    
 day               8         450           1           1           1        1975           1                     1 hru0001           0.0000000E+00   126.4955       701.3490       4739.345       8656.864       326.2879       101.1964       25.29910      0.0000000E+00  0.0000000E+00  0.0000000E+00  0.2160001    
 day               9         600           1           1           1        1975           1                     1 hru0001           0.0000000E+00   126.5249       708.3020       4739.122       8656.868       323.8020       101.2200       25.30499      0.0000000E+00  0.0000000E+00  0.0000000E+00  0.2160001    
 day              10         750           1           1           1        1975           1                     1 hru0001           0.0000000E+00   126.5476       713.6635       4738.950       8656.873       321.8851       101.2381       25.30952      0.0000000E+00  0.0000000E+00  0.0000000E+00  0.2160001    
 day              11         900           1           1           1        1975           1                     1 hru0001           0.0000000E+00   95.27704       537.4479       3465.554       6517.674       242.2888       76.22163       19.05540      0.0000000E+00  0.0000000E+00  0.0000000E+00  0.2045763    
 day              12        1050           1           1           1        1975           1                     1 hru0001           0.0000000E+00   44.99502       253.8052       1564.123       3078.003       114.4203       35.99602       8.999003      0.0000000E+00  0.0000000E+00  0.0000000E+00  0.1860002    
 day              13        1200           1           1           1        1975           1                     1 hru0001           0.0000000E+00   44.99499       253.7975       1564.123       3078.003       114.4231       35.99599       8.998998      0.0000000E+00  0.0000000E+00  0.0000000E+00  0.1860002    
 day              14        1500           1           1           1        1975           1                     1 hru0001           0.0000000E+00   89.99000       507.5760       3128.250       6156.014       228.8533       71.99200       17.99800      0.0000000E+00  0.0000000E+00  0.0000000E+00  0.1860004    
 day              15        1800           1           1           1        1975           1                     1 hru0001           0.0000000E+00   89.98991       507.5562       3128.250       6156.014       228.8602       71.99193       17.99798      0.0000000E+00  0.0000000E+00  0.0000000E+00  0.1860004    
 day              16        2000           1           1           1        1975           1                     1 hru0001           0.0000000E+00   59.99320       338.3623       2085.499       4104.006       152.5763       47.99456       11.99864      0.0000000E+00  0.0000000E+00  0.0000000E+00  0.1860003    
 day              -1          -1           1           1           1        1975           1                     1 hru0001           0.0000000E+00   1183.446       6644.397       42700.00       79804.85       2986.465       950.1718       233.2745      0.0000000E+00  0.0000000E+00  0.0000000E+00  1.6217873E-03
 day               1          10           1           1           1        1975           2                     1 hru0002           0.0000000E+00   15.62563       102.7285       350.9176       640.9941       24.30834       13.75278       1.872846      0.0000000E+00  0.0000000E+00  0.0000000E+00  0.1817998    
 day               2          25           1           1           1        1975           2                     1 hru0002           0.0000000E+00   14.94656       80.67306       526.3819       961.4894       36.24657       12.13674       2.809820      0.0000000E+00  0.0000000E+00  0.0000000E+00  0.1823969    
 day               3          50           1           1           1        1975           2                     1 hru0002           0.0000000E+00   24.91082       134.4285       877.3038       1602.482       60.42052       20.22781       4.683010      0.0000000E+00  0.0000000E+00  0.0000000E+00  0.1855975    
 day               4         100           1           1           1        1975           2                     1 hru0002           0.0000000E+00   112.1756       622.2111       4202.775       7676.784       289.2529       89.74045       22.43511      0.0000000E+00  0.0000000E+00  0.0000000E+00  0.2311836    
 day               5         150           1           1           1        1975           2                     1 hru0002           0.0000000E+00   112.1750       622.0925       4202.779       7676.784       289.2952       89.74004       22.43501      0.0000000E+00  0.0000000E+00  0.0000000E+00  0.2328525    
 day               6         200           1           1           1        1975           2                     1 hru0002           0.0000000E+00   49.19271       272.7480       1843.078       3366.558       126.8893       39.35416       9.838542      0.0000000E+00  0.0000000E+00  0.0000000E+00  0.2370000    
 day               7         300           1           1           1        1975           2                     1 hru0002           0.0000000E+00   98.38512       545.4265       3686.159       6733.116       253.8035       78.70810       19.67703      0.0000000E+00  0.0000000E+00  0.0000000E+00  0.2370001    
 day               8         450           1           1           1        1975           2                     1 hru0002           0.0000000E+00   147.5785       818.3395       5529.232       10099.67       380.6339       118.0628       29.51571      0.0000000E+00  0.0000000E+00  0.0000000E+00  0.2370001    
 day               9         600           1           1           1        1975           2                     1 hru0002           0.0000000E+00   147.6127       826.4134       5528.973       10099.68       377.7471       118.0902       29.52254      0.0000000E+00  0.0000000E+00  0.0000000E+00  0.2370001    
 day              10         750           1           1           1        1975           2                     1 hru0002           0.0000000E+00   147.6390       832.6328       5528.774       10099.68       375.5235       118.1112       29.52780      0.0000000E+00  0.0000000E+00  0.0000000E+00  0.2370001    
 day              11         900           1           1           1        1975           2                     1 hru0002           0.0000000E+00   113.2187       638.6734       4118.151       7745.015       287.9074       90.57497       22.64374      0.0000000E+00  0.0000000E+00  0.0000000E+00  0.1694340    
 day              12        1050           1           1           1        1975           2                     1 hru0002           0.0000000E+00   54.83763       309.3337       1906.271       3751.310       139.4464       43.87010       10.96753      0.0000000E+00  0.0000000E+00  0.0000000E+00  0.1241511    
 day              13        1200           1           1           1        1975           2                     1 hru0002           0.0000000E+00   54.83759       309.3240       1906.271       3751.310       139.4498       43.87007       10.96752      0.0000000E+00  0.0000000E+00  0.0000000E+00  0.1241511    
 day              14        1500           1           1           1        1975           2                     1 hru0002           0.0000000E+00   109.6754       618.6252       3812.555       7502.645       278.9091       87.74033       21.93508      0.0000000E+00  0.0000000E+00  0.0000000E+00  0.1241487    
 day              15        1800           1           1           1        1975           2                     1 hru0002           0.0000000E+00   109.6753       618.5992       3812.556       7502.645       278.9183       87.74024       21.93506      0.0000000E+00  0.0000000E+00  0.0000000E+00  0.1241487    
 day              16        2000           1           1           1        1975           2                     1 hru0002           0.0000000E+00   73.11671       412.3877       2541.701       5001.755       185.9492       58.49337       14.62334      0.0000000E+00  0.0000000E+00  0.0000000E+00  0.1241498    
 day              -1          -1           1           1           1        1975           2                     1 hru0002           0.0000000E+00   1385.603       7764.637       50373.87       94211.93       3524.701       1110.214       275.3897      0.0000000E+00  0.0000000E+00  0.0000000E+00  1.4945068E-03
 day               1          10           1           1           1        1975           3                     1 hru0003           0.0000000E+00   56.96067       349.5156       1663.169       3037.988       114.2796       48.08264       8.878027      0.0000000E+00  0.0000000E+00  0.0000000E+00  0.2165255    
 day               2          25           1           1           1        1975           3                     1 hru0003           0.0000000E+00   68.27547       374.9707       2494.787       4556.974       171.7563       54.95810       13.31737      0.0000000E+00  0.0000000E+00  0.0000000E+00  0.2168876    
 day               3          50           1           1           1        1975           3                     1 hru0003           0.0000000E+00   113.7920       624.8653       4157.979       7594.954       286.2911       91.59652       22.19553      0.0000000E+00  0.0000000E+00  0.0000000E+00  0.2188289    
 day               4         100           1           1           1        1975           3                     1 hru0003           0.0000000E+00   157.0241       870.8314       5883.101       10746.06       404.9524       125.6193       31.40482      0.0000000E+00  0.0000000E+00  0.0000000E+00  0.2109712    
 day               5         150           1           1           1        1975           3                     1 hru0003           0.0000000E+00   157.0235       870.6902       5883.105       10746.06       405.0028       125.6188       31.40470      0.0000000E+00  0.0000000E+00  0.0000000E+00  0.2119834    
 day               6         200           1           1           1        1975           3                     1 hru0003           0.0000000E+00   42.16508       233.7617       1579.782       2885.621       108.7703       33.73207       8.433014      0.0000000E+00  0.0000000E+00  0.0000000E+00  0.2160000    
 day               7         300           1           1           1        1975           3                     1 hru0003           0.0000000E+00   84.32990       467.4589       3159.566       5771.243       217.5636       67.46392       16.86597      0.0000000E+00  0.0000000E+00  0.0000000E+00  0.2160001    
 day               8         450           1           1           1        1975           3                     1 hru0003           0.0000000E+00   126.4955       701.3510       4739.345       8656.864       326.2872       101.1964       25.29911      0.0000000E+00  0.0000000E+00  0.0000000E+00  0.2160001    
 day               9         600           1           1           1        1975           3                     1 hru0003           0.0000000E+00   126.5249       708.3033       4739.122       8656.868       323.8015       101.2200       25.30499      0.0000000E+00  0.0000000E+00  0.0000000E+00  0.2160001    
 day              10         750           1           1           1        1975           3                     1 hru0003           0.0000000E+00   126.5476       713.6641       4738.950       8656.873       321.8848       101.2381       25.30953      0.0000000E+00  0.0000000E+00  0.0000000E+00  0.2160001    
 day              11         900           1           1           1        1975           3                     1 hru0003           0.0000000E+00   95.27704       537.4484       3465.554       6517.674       242.2886       76.22163       19.05540      0.0000000E+00  0.0000000E+00  0.0000000E+00  0.2045763    
 day              12        1050           1           1           1        1975           3                     1 hru0003           0.0000000E+00   44.99503       253.8055       1564.123       3078.003       114.4203       35.99602       8.999004      0.0000000E+00  0.0000000E+00  0.0000000E+00  0.1860002    
 day              13        1200           1           1           1        1975           3                     1 hru0003           0.0000000E+00   44.99499       253.7977       1564.123       3078.003       114.4230       35.99599       8.998998      0.0000000E+00  0.0000000E+00  0.0000000E+00  0.1860002    
 day              14        1500           1           1           1        1975           3                     1 hru0003           0.0000000E+00   89.99000       507.5764       3128.250       6156.014       228.8531       71.99200       17.99800      0.0000000E+00  0.0000000E+00  0.0000000E+00  0.1860004    
 day              15        1800           1           1           1        1975           3                     1 hru0003           0.0000000E+00   89.98991       507.5566       3128.250       6156.014       228.8601       71.99193       17.99798      0.0000000E+00  0.0000000E+00  0.0000000E+00  0.1860004    
 day              16        2000           1           1           1        1975           3                     1 hru0003           0.0000000E+00   59.99320       338.3626       2085.499       4104.006       152.5762       47.99456       11.99864      0.0000000E+00  0.0000000E+00  0.0000000E+00  0.1860003    
 day              -1          -1           1           1           1        1975           3                     1 hru0003           0.0000000E+00   1484.379       8313.960       53974.70       100399.2       3762.010       1190.918       293.4611      0.0000000E+00  0.0000000E+00  0.0000000E+00  1.6448875E-03
 day               1          10           1           1           1        1975           4                     1 hru0004           0.0000000E+00   53.66574       331.1592       1539.737       2812.524       105.8517       45.44670       8.219048      0.0000000E+00  0.0000000E+00  0.0000000E+00  0.2064455    
 day               2          25           1           1           1        1975           4                     1 hru0004           0.0000000E+00   63.33362       347.5593       2309.637       4218.779       159.0135       51.00462       12.32900      0.0000000E+00  0.0000000E+00  0.0000000E+00  0.2068076    
 day               3          50           1           1           1        1975           4                     1 hru0004           0.0000000E+00   105.5557       579.1864       3849.398       7031.301       265.0511       85.00745       20.54828      0.0000000E+00  0.0000000E+00  0.0000000E+00  0.2087489    
 day               4         100           1           1           1        1975           4                     1 hru0004           0.0000000E+00   158.5196       879.1257       5939.130       10848.40       408.8088       126.8157       31.70391      0.0000000E+00  0.0000000E+00  0.0000000E+00  0.1992112    
 day               5         150           1           1           1        1975           4                     1 hru0004           0.0000000E+00   158.5190       878.9836       5939.135       10848.40       408.8596       126.8152       31.70379      0.0000000E+00  0.0000000E+00  0.0000000E+00  0.2002234    
 day               6         200           1           1           1        1975           4                     1 hru0004           0.0000000E+00   43.57059       241.5542       1632.442       2981.809       112.3958       34.85648       8.714119      0.0000000E+00  0.0000000E+00  0.0000000E+00  0.2202000    
 day               7         300           1           1           1        1975           4                     1 hru0004           0.0000000E+00   87.14098       483.0424       3264.888       5963.623       224.8155       69.71278       17.42820      0.0000000E+00  0.0000000E+00  0.0000000E+00  0.2202002    
 day               8         450           1           1           1        1975           4                     1 hru0004           0.0000000E+00   130.7122       724.7325       4897.329       8945.437       337.1631       104.5698       26.14244      0.0000000E+00  0.0000000E+00  0.0000000E+00  0.2202003    
 day               9         600           1           1           1        1975           4                     1 hru0004           0.0000000E+00   130.7426       731.9160       4897.098       8945.441       334.5947       104.5941       26.14852      0.0000000E+00  0.0000000E+00  0.0000000E+00  0.2202003    
 day              10         750           1           1           1        1975           4                     1 hru0004           0.0000000E+00   130.7661       737.4545       4896.920       8945.445       332.6145       104.6128       26.15321      0.0000000E+00  0.0000000E+00  0.0000000E+00  0.2202003    
 day              11         900           1           1           1        1975           4                     1 hru0004           0.0000000E+00   97.13314       547.9190       3533.067       6644.645       247.0085       77.70651       19.42663      0.0000000E+00  0.0000000E+00  0.0000000E+00  0.2068083    
 day              12        1050           1           1           1        1975           4                     1 hru0004           0.0000000E+00   44.99503       253.8057       1564.123       3078.003       114.4202       35.99602       8.999004      0.0000000E+00  0.0000000E+00  0.0000000E+00  0.1860002    
 day              13        1200           1           1           1        1975           4                     1 hru0004           0.0000000E+00   44.99499       253.7979       1564.123       3078.003       114.4229       35.99599       8.998998      0.0000000E+00  0.0000000E+00  0.0000000E+00  0.1860002    
 day              14        1500           1           1           1        1975           4                     1 hru0004           0.0000000E+00   89.99000       507.5769       3128.250       6156.014       228.8530       71.99200       17.99800      0.0000000E+00  0.0000000E+00  0.0000000E+00  0.1860004    
 day              15        1800           1           1           1        1975           4                     1 hru0004           0.0000000E+00   89.98991       507.5570       3128.250       6156.014       228.8599       71.99193       17.99798      0.0000000E+00  0.0000000E+00  0.0000000E+00  0.1860004    
 day              16        2000           1           1           1        1975           4                     1 hru0004           0.0000000E+00   59.99321       338.3628       2085.499       4104.006       152.5761       47.99457       11.99864      0.0000000E+00  0.0000000E+00  0.0000000E+00  0.1860003    
 day              -1          -1           1           1           1        1975           4                     1 hru0004           0.0000000E+00   1489.622       8343.734       54169.02       100757.8       3775.309       1195.113       294.5097      0.0000000E+00  0.0000000E+00  0.0000000E+00  1.6296239E-03
 day               1          10           1           1           1        1975           5                     1 hru0005           0.0000000E+00   65.24624       395.6758       1973.560       3604.957       135.4731       54.71109       10.53514      0.0000000E+00  0.0000000E+00  0.0000000E+00  0.2190455    
 day               2          25           1           1           1        1975           5                     1 hru0005           0.0000000E+00   80.70251       443.9015       2960.379       5407.425       203.8000       64.89973       15.80278      0.0000000E+00  0.0000000E+00  0.0000000E+00  0.2194076    
 day               3          50           1           1           1        1975           5                     1 hru0005           0.0000000E+00   134.5037       739.7342       4933.967       9012.371       339.7029       108.1658       26.33787      0.0000000E+00  0.0000000E+00  0.0000000E+00  0.2213489    
 day               4         100           1           1           1        1975           5                     1 hru0005           0.0000000E+00   154.3441       855.9692       5782.693       10562.65       398.0408       123.4753       30.86883      0.0000000E+00  0.0000000E+00  0.0000000E+00  0.2067711    
 day               5         150           1           1           1        1975           5                     1 hru0005           0.0000000E+00   154.3436       855.8307       5782.697       10562.65       398.0903       123.4748       30.86871      0.0000000E+00  0.0000000E+00  0.0000000E+00  0.2077833    
 day               6         200           1           1           1        1975           5                     1 hru0005           0.0000000E+00   42.72728       236.8788       1600.846       2924.096       110.2204       34.18183       8.545454      0.0000000E+00  0.0000000E+00  0.0000000E+00  0.2176800    
 day               7         300           1           1           1        1975           5                     1 hru0005           0.0000000E+00   85.45425       473.6923       3201.693       5848.190       220.4641       68.36340       17.09085      0.0000000E+00  0.0000000E+00  0.0000000E+00  0.2176800    
 day               8         450           1           1           1        1975           5                     1 hru0005           0.0000000E+00   128.1822       710.7044       4802.539       8772.295       330.6374       102.5458       25.63645      0.0000000E+00  0.0000000E+00  0.0000000E+00  0.2176802    
 day               9         600           1           1           1        1975           5                     1 hru0005           0.0000000E+00   128.2120       717.7490       4802.313       8772.301       328.1187       102.5696       25.64241      0.0000000E+00  0.0000000E+00  0.0000000E+00  0.2176802    
 day              10         750           1           1           1        1975           5                     1 hru0005           0.0000000E+00   128.2350       723.1805       4802.139       8772.305       326.1767       102.5880       25.64700      0.0000000E+00  0.0000000E+00  0.0000000E+00  0.2176802    
 day              11         900           1           1           1        1975           5                     1 hru0005           0.0000000E+00   96.01941       541.6364       3518.344       6568.457       244.1765       76.81553       19.20388      0.0000000E+00  0.0000000E+00  0.0000000E+00  0.2054690    
 day              12        1050           1           1           1        1975           5                     1 hru0005           0.0000000E+00   44.99503       253.8056       1594.332       3078.003       114.4204       35.99602       8.999004      0.0000000E+00  0.0000000E+00  0.0000000E+00  0.1860002    
 day              13        1200           1           1           1        1975           5                     1 hru0005           0.0000000E+00   44.99499       253.7979       1594.332       3078.004       114.4231       35.99599       8.998998      0.0000000E+00  0.0000000E+00  0.0000000E+00  0.1860002    
 day              14        1500           1           1           1        1975           5                     1 hru0005           0.0000000E+00   89.99000       507.5768       3188.668       6156.014       228.8534       71.99200       17.99800      0.0000000E+00  0.0000000E+00  0.0000000E+00  0.1860004    
 day              15        1800           1           1           1        1975           5                     1 hru0005           0.0000000E+00   89.98991       507.5569       3188.669       6156.014       228.8604       71.99193       17.99798      0.0000000E+00  0.0000000E+00  0.0000000E+00  0.1860004    
 day              16        2000           1           1           1        1975           5                     1 hru0005           0.0000000E+00   59.99321       338.3628       2125.779       4104.006       152.5764       47.99457       11.99864      0.0000000E+00  0.0000000E+00  0.0000000E+00  0.1860003    
 day              -1          -1           1           1           1        1975           5                     1 hru0005           0.0000000E+00   1527.933       8556.053       55852.95       103379.7       3874.035       1225.761       302.1720      0.0000000E+00  0.0000000E+00  0.0000000E+00  1.6491138E-03
 day               1          10           1           1           1        1975           6                     1 hru0006           0.0000000E+00   63.41695       385.4846       1905.034       3479.785       130.7941       53.24766       10.16929      0.0000000E+00  0.0000000E+00  0.0000000E+00  0.2148455    
 day               2          25           1           1           1        1975           6                     1 hru0006           0.0000000E+00   77.95886       428.6831       2857.588       5219.666       196.7255       62.70480       15.25406      0.0000000E+00  0.0000000E+00  0.0000000E+00  0.2152076    
 day               3          50           1           1           1        1975           6                     1 hru0006           0.0000000E+00   129.9310       714.3740       4762.648       8699.440       327.9108       104.5077       25.42334      0.0000000E+00  0.0000000E+00  0.0000000E+00  0.2171488    
 day               4         100           1           1           1        1975           6                     1 hru0006           0.0000000E+00   177.5671       984.7612       6652.770       12151.93       457.9306       142.0537       35.51341      0.0000000E+00  0.0000000E+00  0.0000000E+00  0.2059312    
 day               5         150           1           1           1        1975           6                     1 hru0006           0.0000000E+00   177.5664       984.6024       6652.775       12151.93       457.9874       142.0532       35.51328      0.0000000E+00  0.0000000E+00  0.0000000E+00  0.2069434    
 day               6         200           1           1           1        1975           6                     1 hru0006           0.0000000E+00   43.57059       241.5546       1632.442       2981.809       112.3957       34.85648       8.714119      0.0000000E+00  0.0000000E+00  0.0000000E+00  0.2202000    
 day               7         300           1           1           1        1975           6                     1 hru0006           0.0000000E+00   87.14098       483.0435       3264.888       5963.623       224.8151       69.71278       17.42820      0.0000000E+00  0.0000000E+00  0.0000000E+00  0.2202002    
 day               8         450           1           1           1        1975           6                     1 hru0006           0.0000000E+00   130.7122       724.7346       4897.329       8945.437       337.1623       104.5698       26.14244      0.0000000E+00  0.0000000E+00  0.0000000E+00  0.2202003    
 day               9         600           1           1           1        1975           6                     1 hru0006           0.0000000E+00   130.7426       731.9174       4897.098       8945.441       334.5942       104.5941       26.14852      0.0000000E+00  0.0000000E+00  0.0000000E+00  0.2202003    
 day              10         750           1           1           1        1975           6                     1 hru0006           0.0000000E+00   130.7661       737.4551       4896.920       8945.445       332.6143       104.6128       26.15321      0.0000000E+00  0.0000000E+00  0.0000000E+00  0.2202003    
 day              11         900           1           1           1        1975           6                     1 hru0006           0.0000000E+00   97.13314       547.9194       3533.066       6644.645       247.0083       77.70651       19.42663      0.0000000E+00  0.0000000E+00  0.0000000E+00  0.2068083    
 day              12        1050           1           1           1        1975           6                     1 hru0006           0.0000000E+00   44.99503       253.8059       1564.123       3078.003       114.4201       35.99602       8.999004      0.0000000E+00  0.0000000E+00  0.0000000E+00  0.1860002    
 day              13        1200           1           1           1        1975           6                     1 hru0006           0.0000000E+00   44.99499       253.7982       1564.123       3078.003       114.4228       35.99599       8.998998      0.0000000E+00  0.0000000E+00  0.0000000E+00  0.1860002    
 day              14        1500           1           1           1        1975           6                     1 hru0006           0.0000000E+00   89.99000       507.5774       3128.250       6156.014       228.8528       71.99200       17.99800      0.0000000E+00  0.0000000E+00  0.0000000E+00  0.1860004    
 day              15        1800           1           1           1        1975           6                     1 hru0006           0.0000000E+00   89.98992       507.5574       3128.250       6156.014       228.8598       71.99194       17.99799      0.0000000E+00  0.0000000E+00  0.0000000E+00  0.1860004    
 day              16        2000           1           1           1        1975           6                     1 hru0006           0.0000000E+00   59.99321       338.3631       2085.499       4104.006       152.5760       47.99457       11.99864      0.0000000E+00  0.0000000E+00  0.0000000E+00  0.1860003    
 day              -1          -1           1           1           1        1975           6                     1 hru0006           0.0000000E+00   1576.469       8825.632       57422.80       106701.2       3999.070       1264.590       311.8791      0.0000000E+00  0.0000000E+00  0.0000000E+00  1.6489436E-03
 day               1          10           1           1           1        1975           7                     1 hru0007           0.0000000E+00   29.86991       198.5891       648.3067       1184.210       44.98472       26.41005       3.459867      0.0000000E+00  0.0000000E+00  0.0000000E+00  0.1955255    
 day               2          25           1           1           1        1975           7                     1 hru0007           0.0000000E+00   27.64361       149.5927       972.4699       1776.311       66.98494       22.45263       5.190985      0.0000000E+00  0.0000000E+00  0.0000000E+00  0.1958876    
 day               3          50           1           1           1        1975           7                     1 hru0007           0.0000000E+00   46.07256       249.2869       1620.785       2960.520       111.6540       37.42094       8.651615      0.0000000E+00  0.0000000E+00  0.0000000E+00  0.1978288    
 day               4         100           1           1           1        1975           7                     1 hru0007           0.0000000E+00   63.03820       349.5998       2361.804       4314.065       162.5705       50.43056       12.60764      0.0000000E+00  0.0000000E+00  0.0000000E+00  0.2042511    
 day               5         150           1           1           1        1975           7                     1 hru0007           0.0000000E+00   63.03796       349.5428       2361.806       4314.065       162.5909       50.43037       12.60759      0.0000000E+00  0.0000000E+00  0.0000000E+00  0.2052633    
 day               6         200           1           1           1        1975           7                     1 hru0007           0.0000000E+00   42.16508       233.7612       1579.782       2885.621       108.7705       33.73207       8.433014      0.0000000E+00  0.0000000E+00  0.0000000E+00  0.2160000    
 day               7         300           1           1           1        1975           7                     1 hru0007           0.0000000E+00   84.32989       467.4573       3159.566       5771.243       217.5641       67.46391       16.86597      0.0000000E+00  0.0000000E+00  0.0000000E+00  0.2160001    
 day               8         450           1           1           1        1975           7                     1 hru0007           0.0000000E+00   126.4955       701.3477       4739.345       8656.864       326.2884       101.1964       25.29910      0.0000000E+00  0.0000000E+00  0.0000000E+00  0.2160001    
 day               9         600           1           1           1        1975           7                     1 hru0007           0.0000000E+00   126.5249       708.3011       4739.122       8656.868       323.8023       101.2199       25.30499      0.0000000E+00  0.0000000E+00  0.0000000E+00  0.2160001    
 day              10         750           1           1           1        1975           7                     1 hru0007           0.0000000E+00   126.5476       713.6630       4738.950       8656.873       321.8852       101.2381       25.30952      0.0000000E+00  0.0000000E+00  0.0000000E+00  0.2160001    
 day              11         900           1           1           1        1975           7                     1 hru0007           0.0000000E+00   95.27704       537.4476       3465.554       6517.674       242.2889       76.22163       19.05540      0.0000000E+00  0.0000000E+00  0.0000000E+00  0.2045763    
 day              12        1050           1           1           1        1975           7                     1 hru0007           0.0000000E+00   44.99502       253.8051       1564.123       3078.003       114.4204       35.99602       8.999003      0.0000000E+00  0.0000000E+00  0.0000000E+00  0.1860002    
 day              13        1200           1           1           1        1975           7                     1 hru0007           0.0000000E+00   44.99499       253.7973       1564.123       3078.003       114.4231       35.99599       8.998997      0.0000000E+00  0.0000000E+00  0.0000000E+00  0.1860002    
 day              14        1500           1           1           1        1975           7                     1 hru0007           0.0000000E+00   89.99000       507.5757       3128.250       6156.014       228.8534       71.99200       17.99800      0.0000000E+00  0.0000000E+00  0.0000000E+00  0.1860004    
 day              15        1800           1           1           1        1975           7                     1 hru0007           0.0000000E+00   89.98991       507.5559       3128.250       6156.014       228.8603       71.99193       17.99798      0.0000000E+00  0.0000000E+00  0.0000000E+00  0.1860004    
 day              16        2000           1           1           1        1975           7                     1 hru0007           0.0000000E+00   59.99320       338.3622       2085.499       4104.006       152.5764       47.99456       11.99864      0.0000000E+00  0.0000000E+00  0.0000000E+00  0.1860003    
 day              -1          -1           1           1           1        1975           7                     1 hru0007           0.0000000E+00   1160.965       6519.686       41857.73       78266.36       2928.518       932.1871       228.7783      0.0000000E+00  0.0000000E+00  0.0000000E+00  1.6066673E-03
 day               1          10           1           1           1        1975           8                     1 hru0008           0.0000000E+00   18.02126       132.5797       204.4590       373.4643       14.67869       16.93102       1.090248      0.0000000E+00  0.0000000E+00  0.0000000E+00  0.1652855    
 day               2          25           1           1           1        1975           8                     1 hru0008           0.0000000E+00   9.872591       51.02174       306.6883       560.1953       21.16334       8.235661       1.636931      0.0000000E+00  0.0000000E+00  0.0000000E+00  0.1656476    
 day               3          50           1           1           1        1975           8                     1 hru0008           0.0000000E+00   16.45426       85.02486       511.1473       933.6587       35.27639       13.72606       2.728207      0.0000000E+00  0.0000000E+00  0.0000000E+00  0.1675888    
 day               4         100           1           1           1        1975           8                     1 hru0008           0.0000000E+00   106.9128       592.9297       4005.618       7316.652       275.7164       85.53024       21.38256      0.0000000E+00  0.0000000E+00  0.0000000E+00  0.2244111    
 day               5         150           1           1           1        1975           8                     1 hru0008           0.0000000E+00   106.9124       592.8387       4005.621       7316.651       275.7490       85.52992       21.38248      0.0000000E+00  0.0000000E+00  0.0000000E+00  0.2254233    
 day               6         200           1           1           1        1975           8                     1 hru0008           0.0000000E+00   43.57063       241.5612       1632.442       2981.809       112.3933       34.85650       8.714125      0.0000000E+00  0.0000000E+00  0.0000000E+00  0.2202000    
 day               7         300           1           1           1        1975           8                     1 hru0008           0.0000000E+00   87.14106       483.0617       3264.888       5963.623       224.8086       69.71284       17.42821      0.0000000E+00  0.0000000E+00  0.0000000E+00  0.2202002    
 day               8         450           1           1           1        1975           8                     1 hru0008           0.0000000E+00   130.7124       724.7720       4897.327       8945.437       337.1490       104.5699       26.14248      0.0000000E+00  0.0000000E+00  0.0000000E+00  0.2202003    
 day               9         600           1           1           1        1975           8                     1 hru0008           0.0000000E+00   130.7427       731.9437       4897.097       8945.441       334.5848       104.5942       26.14854      0.0000000E+00  0.0000000E+00  0.0000000E+00  0.2202003    
 day              10         750           1           1           1        1975           8                     1 hru0008           0.0000000E+00   130.7661       737.4669       4896.920       8945.445       332.6100       104.6129       26.15322      0.0000000E+00  0.0000000E+00  0.0000000E+00  0.2202003    
 day              11         900           1           1           1        1975           8                     1 hru0008           0.0000000E+00   104.5570       589.8065       3803.098       7152.494       265.8836       83.64564       20.91141      0.0000000E+00  0.0000000E+00  0.0000000E+00  0.2157360    
 day              12        1050           1           1           1        1975           8                     1 hru0008           0.0000000E+00   53.43146       301.3987       1857.390       3655.118       135.8717       42.74517       10.68629      0.0000000E+00  0.0000000E+00  0.0000000E+00  0.1430199    
 day              13        1200           1           1           1        1975           8                     1 hru0008           0.0000000E+00   53.43142       301.3895       1857.390       3655.118       135.8749       42.74514       10.68628      0.0000000E+00  0.0000000E+00  0.0000000E+00  0.1430199    
 day              14        1500           1           1           1        1975           8                     1 hru0008           0.0000000E+00   106.8628       602.7559       3714.784       7310.241       271.7583       85.49025       21.37256      0.0000000E+00  0.0000000E+00  0.0000000E+00  0.1430193    
 day              15        1800           1           1           1        1975           8                     1 hru0008           0.0000000E+00   106.8627       602.7313       3714.784       7310.241       271.7669       85.49017       21.37254      0.0000000E+00  0.0000000E+00  0.0000000E+00  0.1430193    
 day              16        2000           1           1           1        1975           8                     1 hru0008           0.0000000E+00   71.24167       401.8099       2476.521       4873.489       181.1815       56.99334       14.24833      0.0000000E+00  0.0000000E+00  0.0000000E+00  0.1430202    
 day              -1          -1           1           1           1        1975           8                     1 hru0008           0.0000000E+00   1277.493       7173.093       46046.18       86239.08       3226.466       1025.409       252.0844      0.0000000E+00  0.0000000E+00  0.0000000E+00  1.4900959E-03
 day               1          10           1           1           1        1975           9                     1 hru0009           0.0000000E+00   67.70814       409.3915       2065.789       3773.425       141.7705       56.68060       11.02754      0.0000000E+00  0.0000000E+00  0.0000000E+00  0.2224055    
 day               2          25           1           1           1        1975           9                     1 hru0009           0.0000000E+00   84.39499       464.3834       3098.725       5660.127       213.3214       67.85370       16.54129      0.0000000E+00  0.0000000E+00  0.0000000E+00  0.2227676    
 day               3          50           1           1           1        1975           9                     1 hru0009           0.0000000E+00   140.6578       773.8666       5164.544       9433.544       355.5735       113.0891       27.56873      0.0000000E+00  0.0000000E+00  0.0000000E+00  0.2247088    
 day               4         100           1           1           1        1975           9                     1 hru0009           0.0000000E+00   130.9940       726.4740       4907.851       8964.669       337.8223       104.7952       26.19880      0.0000000E+00  0.0000000E+00  0.0000000E+00  0.2134911    
 day               5         150           1           1           1        1975           9                     1 hru0009           0.0000000E+00   130.9935       726.3571       4907.854       8964.668       337.8641       104.7948       26.19870      0.0000000E+00  0.0000000E+00  0.0000000E+00  0.2145034    
 day               6         200           1           1           1        1975           9                     1 hru0009           0.0000000E+00   43.57060       241.5550       1632.442       2981.809       112.3955       34.85648       8.714120      0.0000000E+00  0.0000000E+00  0.0000000E+00  0.2202000    
 day               7         300           1           1           1        1975           9                     1 hru0009           0.0000000E+00   87.14098       483.0444       3264.888       5963.623       224.8148       69.71278       17.42820      0.0000000E+00  0.0000000E+00  0.0000000E+00  0.2202002    
 day               8         450           1           1           1        1975           9                     1 hru0009           0.0000000E+00   130.7122       724.7366       4897.328       8945.437       337.1616       104.5698       26.14244      0.0000000E+00  0.0000000E+00  0.0000000E+00  0.2202003    
 day               9         600           1           1           1        1975           9                     1 hru0009           0.0000000E+00   130.7426       731.9188       4897.098       8945.441       334.5937       104.5941       26.14852      0.0000000E+00  0.0000000E+00  0.0000000E+00  0.2202003    
 day              10         750           1           1           1        1975           9                     1 hru0009           0.0000000E+00   130.7661       737.4557       4896.920       8945.445       332.6140       104.6128       26.15321      0.0000000E+00  0.0000000E+00  0.0000000E+00  0.2202003    
 day              11         900           1           1           1        1975           9                     1 hru0009           0.0000000E+00   97.13314       547.9199       3533.067       6644.645       247.0081       77.70651       19.42663      0.0000000E+00  0.0000000E+00  0.0000000E+00  0.2068083    
 day              12        1050           1           1           1        1975           9                     1 hru0009           0.0000000E+00   44.99503       253.8062       1564.123       3078.003       114.4200       35.99602       8.999004      0.0000000E+00  0.0000000E+00  0.0000000E+00  0.1860002    
 day              13        1200           1           1           1        1975           9                     1 hru0009           0.0000000E+00   44.99499       253.7984       1564.123       3078.003       114.4228       35.99599       8.998998      0.0000000E+00  0.0000000E+00  0.0000000E+00  0.1860002    
 day              14        1500           1           1           1        1975           9                     1 hru0009           0.0000000E+00   89.99001       507.5778       3128.250       6156.014       228.8526       71.99200       17.99800      0.0000000E+00  0.0000000E+00  0.0000000E+00  0.1860004    
 day              15        1800           1           1           1        1975           9                     1 hru0009           0.0000000E+00   89.98992       507.5578       3128.250       6156.014       228.8597       71.99194       17.99799      0.0000000E+00  0.0000000E+00  0.0000000E+00  0.1860004    
 day              16        2000           1           1           1        1975           9                     1 hru0009           0.0000000E+00   59.99321       338.3633       2085.499       4104.006       152.5760       47.99457       11.99864      0.0000000E+00  0.0000000E+00  0.0000000E+00  0.1860003    
 day              -1          -1           1           1           1        1975           9                     1 hru0009           0.0000000E+00   1504.777       8428.206       54736.75       101794.9       3814.070       1207.236       297.5408      0.0000000E+00  0.0000000E+00  0.0000000E+00  1.6678435E-03
 day               1          10           1           1           1        1975          10                     1 hru0010           0.0000000E+00   58.00626       355.3413       1702.347       3109.552       116.9546       48.91907       9.087189      0.0000000E+00  0.0000000E+00  0.0000000E+00  0.2114855    
 day               2          25           1           1           1        1975          10                     1 hru0010           0.0000000E+00   69.84373       383.6708       2553.554       4664.318       175.8006       56.21265       13.63108      0.0000000E+00  0.0000000E+00  0.0000000E+00  0.2118476    
 day               3          50           1           1           1        1975          10                     1 hru0010           0.0000000E+00   116.4058       639.3643       4255.925       7773.862       293.0321       93.68745       22.71838      0.0000000E+00  0.0000000E+00  0.0000000E+00  0.2137889    
 day               4         100           1           1           1        1975          10                     1 hru0010           0.0000000E+00   128.9925       715.3763       4832.861       8827.690       332.6595       103.1940       25.79849      0.0000000E+00  0.0000000E+00  0.0000000E+00  0.2084511    
 day               5         150           1           1           1        1975          10                     1 hru0010           0.0000000E+00   128.9920       715.2629       4832.864       8827.690       332.7001       103.1936       25.79840      0.0000000E+00  0.0000000E+00  0.0000000E+00  0.2094634    
 day               6         200           1           1           1        1975          10                     1 hru0010           0.0000000E+00   43.57060       241.5569       1632.442       2981.809       112.3948       34.85648       8.714121      0.0000000E+00  0.0000000E+00  0.0000000E+00  0.2202000    
 day               7         300           1           1           1        1975          10                     1 hru0010           0.0000000E+00   87.14101       483.0499       3264.888       5963.623       224.8129       69.71281       17.42820      0.0000000E+00  0.0000000E+00  0.0000000E+00  0.2202002    
 day               8         450           1           1           1        1975          10                     1 hru0010           0.0000000E+00   130.7123       724.7477       4897.328       8945.437       337.1576       104.5698       26.14245      0.0000000E+00  0.0000000E+00  0.0000000E+00  0.2202003    
 day               9         600           1           1           1        1975          10                     1 hru0010           0.0000000E+00   130.7426       731.9266       4897.098       8945.441       334.5909       104.5941       26.14853      0.0000000E+00  0.0000000E+00  0.0000000E+00  0.2202003    
 day              10         750           1           1           1        1975          10                     1 hru0010           0.0000000E+00   130.7661       737.4592       4896.920       8945.445       332.6128       104.6129       26.15321      0.0000000E+00  0.0000000E+00  0.0000000E+00  0.2202003    
 day              11         900           1           1           1        1975          10                     1 hru0010           0.0000000E+00   99.11259       559.0885       3605.066       6780.054       252.0408       79.29008       19.82252      0.0000000E+00  0.0000000E+00  0.0000000E+00  0.2091887    
 day              12        1050           1           1           1        1975          10                     1 hru0010           0.0000000E+00   47.24461       266.4968       1642.323       3231.892       120.1401       37.79569       9.448921      0.0000000E+00  0.0000000E+00  0.0000000E+00  0.1907999    
 day              13        1200           1           1           1        1975          10                     1 hru0010           0.0000000E+00   47.24458       266.4886       1642.323       3231.892       120.1430       37.79567       9.448915      0.0000000E+00  0.0000000E+00  0.0000000E+00  0.1907999    
 day              14        1500           1           1           1        1975          10                     1 hru0010           0.0000000E+00   94.48895       532.9561       3284.643       6463.776       240.2930       75.59116       18.89779      0.0000000E+00  0.0000000E+00  0.0000000E+00  0.1907998    
 day              15        1800           1           1           1        1975          10                     1 hru0010           0.0000000E+00   94.48887       532.9348       3284.643       6463.776       240.3004       75.59109       18.89777      0.0000000E+00  0.0000000E+00  0.0000000E+00  0.1907998    
 day              16        2000           1           1           1        1975          10                     1 hru0010           0.0000000E+00   62.99258       355.2812       2189.764       4309.187       160.2035       50.39407       12.59851      0.0000000E+00  0.0000000E+00  0.0000000E+00  0.1907998    
 day              -1          -1           1           1           1        1975          10                     1 hru0010           0.0000000E+00   1470.745       8241.001       53415.00       99465.45       3725.837       1180.010       290.7345      0.0000000E+00  0.0000000E+00  0.0000000E+00  1.6596126E-03
 day               1          10           1           1           1        1975          11                     1 hru0011           0.0000000E+00   73.54092       441.8880       2284.314       4172.590       156.6913       61.34672       12.19420      0.0000000E+00  0.0000000E+00  0.0000000E+00  0.2350055    
 day               2          25           1           1           1        1975          11                     1 hru0011           0.0000000E+00   93.14330       512.9122       3426.517       6258.872       235.8806       74.85220       18.29110      0.0000000E+00  0.0000000E+00  0.0000000E+00  0.2353676    
 day               3          50           1           1           1        1975          11                     1 hru0011           0.0000000E+00   155.2384       854.7402       5710.866       10431.45       393.1750       124.7533       30.48508      0.0000000E+00  0.0000000E+00  0.0000000E+00  0.2373088    
 day               4         100           1           1           1        1975          11                     1 hru0011           0.0000000E+00   117.2538       650.2819       4393.056       8024.345       302.3841       93.80304       23.45076      0.0000000E+00  0.0000000E+00  0.0000000E+00  0.2202112    
 day               5         150           1           1           1        1975          11                     1 hru0011           0.0000000E+00   117.2534       650.1832       4393.059       8024.345       302.4193       93.80270       23.45068      0.0000000E+00  0.0000000E+00  0.0000000E+00  0.2212235    
 day               6         200           1           1           1        1975          11                     1 hru0011           0.0000000E+00   50.03592       277.4074       1874.674       3424.270       129.0703       40.02874       10.00718      0.0000000E+00  0.0000000E+00  0.0000000E+00  0.1883021    
 day               7         300           1           1           1        1975          11                     1 hru0011           0.0000000E+00   100.0715       554.7459       3749.349       6848.538       258.1652       80.05724       20.01431      0.0000000E+00  0.0000000E+00  0.0000000E+00  0.1883022    
 day               8         450           1           1           1        1975          11                     1 hru0011           0.0000000E+00   150.1082       832.3273       5624.017       10272.81       387.1732       120.0865       30.02164      0.0000000E+00  0.0000000E+00  0.0000000E+00  0.1883022    
 day               9         600           1           1           1        1975          11                     1 hru0011           0.0000000E+00   150.1430       840.5603       5623.753       10272.81       384.2296       120.1144       30.02860      0.0000000E+00  0.0000000E+00  0.0000000E+00  0.1883022    
 day              10         750           1           1           1        1975          11                     1 hru0011           0.0000000E+00   150.1698       846.8992       5623.549       10272.82       381.9632       120.1359       30.03397      0.0000000E+00  0.0000000E+00  0.0000000E+00  0.1883022    
 day              11         900           1           1           1        1975          11                     1 hru0011           0.0000000E+00   115.0747       649.1389       4185.660       7871.978       292.6286       92.05975       23.01494      0.0000000E+00  0.0000000E+00  0.0000000E+00  0.1581136    
 day              12        1050           1           1           1        1975          11                     1 hru0011           0.0000000E+00   55.68130       314.0910       1935.599       3809.024       141.5924       44.54504       11.13626      0.0000000E+00  0.0000000E+00  0.0000000E+00  0.1128301    
 day              13        1200           1           1           1        1975          11                     1 hru0011           0.0000000E+00   55.68126       314.0814       1935.599       3809.024       141.5957       44.54501       11.13625      0.0000000E+00  0.0000000E+00  0.0000000E+00  0.1128301    
 day              14        1500           1           1           1        1975          11                     1 hru0011           0.0000000E+00   111.3625       628.1386       3871.201       7618.053       283.2003       89.08998       22.27250      0.0000000E+00  0.0000000E+00  0.0000000E+00  0.1128296    
 day              15        1800           1           1           1        1975          11                     1 hru0011           0.0000000E+00   111.3624       628.1128       3871.202       7618.053       283.2094       89.08989       22.27247      0.0000000E+00  0.0000000E+00  0.0000000E+00  0.1128296    
 day              16        2000           1           1           1        1975          11                     1 hru0011           0.0000000E+00   74.24158       418.7310       2580.803       5078.705       188.8103       59.39326       14.84832      0.0000000E+00  0.0000000E+00  0.0000000E+00  0.1128290    
 day              -1          -1           1           1           1        1975          11                     1 hru0011           0.0000000E+00   1680.362       9414.239       61083.22       113807.7       4262.188       1347.704       332.6583      0.0000000E+00  0.0000000E+00  0.0000000E+00  1.4064446E-03
 day               1          10           1           1           1        1975          12                     1 hru0012           0.0000000E+00   64.86813       393.5698       1959.405       3579.101       134.5066       54.40855       10.45957      0.0000000E+00  0.0000000E+00  0.0000000E+00  0.2257655    
 day               2          25           1           1           1        1975          12                     1 hru0012           0.0000000E+00   80.13546       440.7576       2939.147       5368.643       202.3385       64.44602       15.68944      0.0000000E+00  0.0000000E+00  0.0000000E+00  0.2261276    
 day               3          50           1           1           1        1975          12                     1 hru0012           0.0000000E+00   133.5586       734.4965       4898.581       8947.735       337.2663       107.4097       26.14897      0.0000000E+00  0.0000000E+00  0.0000000E+00  0.2280689    
 day               4         100           1           1           1        1975          12                     1 hru0012           0.0000000E+00   120.2071       666.6547       4503.706       8226.458       310.0026       96.16568       24.04142      0.0000000E+00  0.0000000E+00  0.0000000E+00  0.2151711    
 day               5         150           1           1           1        1975          12                     1 hru0012           0.0000000E+00   120.2067       666.5497       4503.709       8226.458       310.0402       96.16533       24.04133      0.0000000E+00  0.0000000E+00  0.0000000E+00  0.2161834    
 day               6         200           1           1           1        1975          12                     1 hru0012           0.0000000E+00   44.41393       246.2332       1664.038       3039.523       114.5700       35.53115       8.882787      0.0000000E+00  0.0000000E+00  0.0000000E+00  0.2227201    
 day               7         300           1           1           1        1975          12                     1 hru0012           0.0000000E+00   88.82761       492.4015       3328.079       6079.047       229.1632       71.06209       17.76552      0.0000000E+00  0.0000000E+00  0.0000000E+00  0.2227202    
 day               8         450           1           1           1        1975          12                     1 hru0012           0.0000000E+00   133.2422       738.7795       4992.113       9118.571       343.6815       106.5937       26.64843      0.0000000E+00  0.0000000E+00  0.0000000E+00  0.2227202    
 day               9         600           1           1           1        1975          12                     1 hru0012           0.0000000E+00   133.2731       746.0959       4991.879       9118.576       341.0656       106.6185       26.65462      0.0000000E+00  0.0000000E+00  0.0000000E+00  0.2227202    
 day              10         750           1           1           1        1975          12                     1 hru0012           0.0000000E+00   133.2970       751.7338       4991.698       9118.580       339.0498       106.6376       26.65939      0.0000000E+00  0.0000000E+00  0.0000000E+00  0.2227202    
 day              11         900           1           1           1        1975          12                     1 hru0012           0.0000000E+00   100.2262       565.3715       3645.572       6856.234       254.8724       80.18098       20.04524      0.0000000E+00  0.0000000E+00  0.0000000E+00  0.2105279    
 day              12        1050           1           1           1        1975          12                     1 hru0012           0.0000000E+00   47.24462       266.4974       1642.323       3231.892       120.1399       37.79570       9.448922      0.0000000E+00  0.0000000E+00  0.0000000E+00  0.1907999    
 day              13        1200           1           1           1        1975          12                     1 hru0012           0.0000000E+00   47.24458       266.4892       1642.323       3231.892       120.1428       37.79567       9.448915      0.0000000E+00  0.0000000E+00  0.0000000E+00  0.1907999    
 day              14        1500           1           1           1        1975          12                     1 hru0012           0.0000000E+00   94.48896       532.9571       3284.643       6463.776       240.2926       75.59117       18.89779      0.0000000E+00  0.0000000E+00  0.0000000E+00  0.1907998    
 day              15        1800           1           1           1        1975          12                     1 hru0012           0.0000000E+00   94.48887       532.9357       3284.643       6463.776       240.3001       75.59109       18.89777      0.0000000E+00  0.0000000E+00  0.0000000E+00  0.1907998    
 day              16        2000           1           1           1        1975          12                     1 hru0012           0.0000000E+00   62.99258       355.2817       2189.764       4309.187       160.2033       50.39407       12.59851      0.0000000E+00  0.0000000E+00  0.0000000E+00  0.1907998    
 day              -1          -1           1           1           1        1975          12                     1 hru0012           0.0000000E+00   1498.716       8396.805       54461.63       101379.4       3797.635       1202.387       296.3286      0.0000000E+00  0.0000000E+00  0.0000000E+00  1.6947222E-03
 day               1          10           2           1           2        1975           1                     1 hru0001           0.0000000E+00   43.15418       300.7982       700.7220       1279.834       50.19109       39.41827       3.735907      0.0000000E+00  0.0000000E+00  0.0000000E+00  0.1977640    
 day               2          25           2           1           2        1975           1                     1 hru0001           0.0000000E+00   31.13077       162.7966       1051.099       1919.744       73.55895       25.52356       5.607210      0.0000000E+00  0.0000000E+00  0.0000000E+00  0.1984230    
 day               3          50           2           1           2        1975           1                     1 hru0001           0.0000000E+00   51.88414       271.2221       1751.835       3199.573       122.6361       42.53888       9.345256      0.0000000E+00  0.0000000E+00  0.0000000E+00  0.2020018    
 day               4         100           2           1           2        1975           1                     1 hru0001           0.0000000E+00   70.75142       384.6940       2652.330       4844.248       185.3334       56.60114       14.15028      0.0000000E+00  0.0000000E+00  0.0000000E+00  0.2044258    
 day               5         150           2           1           2        1975           1                     1 hru0001           0.0000000E+00   70.75065       384.5155       2652.336       4844.248       185.3965       56.60052       14.15013      0.0000000E+00  0.0000000E+00  0.0000000E+00  0.2058837    
 day               6         200           2           1           2        1975           1                     1 hru0001           0.0000000E+00   42.14412       228.9151       1579.946       2885.618       110.4839       33.71530       8.428822      0.0000000E+00  0.0000000E+00  0.0000000E+00  0.2160000    
 day               7         300           2           1           2        1975           1                     1 hru0001           0.0000000E+00   84.28735       457.6254       3159.898       5771.235       221.0401       67.42989       16.85747      0.0000000E+00  0.0000000E+00  0.0000000E+00  0.2160001    
 day               8         450           2           1           2        1975           1                     1 hru0001           0.0000000E+00   126.4316       686.5602       4739.844       8656.854       331.5169       101.1453       25.28631      0.0000000E+00  0.0000000E+00  0.0000000E+00  0.2160001    
 day               9         600           2           1           2        1975           1                     1 hru0001           0.0000000E+00   126.4886       699.8123       4739.402       8656.862       326.8187       101.1909       25.29772      0.0000000E+00  0.0000000E+00  0.0000000E+00  0.2160001    
 day              10         750           2           1           2        1975           1                     1 hru0001           0.0000000E+00   126.5330       710.2328       4739.061       8656.871       323.1087       101.2264       25.30661      0.0000000E+00  0.0000000E+00  0.0000000E+00  0.2160001    
 day              11         900           2           1           2        1975           1                     1 hru0001           0.0000000E+00   95.26653       534.9755       3465.636       6517.671       243.1648       76.21323       19.05330      0.0000000E+00  0.0000000E+00  0.0000000E+00  0.2045763    
 day              12        1050           2           1           2        1975           1                     1 hru0001           0.0000000E+00   44.98999       252.6213       1564.163       3078.002       114.8355       35.99199       8.997997      0.0000000E+00  0.0000000E+00  0.0000000E+00  0.1860002    
 day              13        1200           2           1           2        1975           1                     1 hru0001           0.0000000E+00   44.98989       252.5980       1564.164       3078.002       114.8437       35.99192       8.997978      0.0000000E+00  0.0000000E+00  0.0000000E+00  0.1860002    
 day              14        1500           2           1           2        1975           1                     1 hru0001           0.0000000E+00   89.97964       505.1387       3128.333       6156.012       229.7079       71.98371       17.99593      0.0000000E+00  0.0000000E+00  0.0000000E+00  0.1860004    
 day              15        1800           2           1           2        1975           1                     1 hru0001           0.0000000E+00   89.97939       505.0801       3128.335       6156.012       229.7285       71.98351       17.99588      0.0000000E+00  0.0000000E+00  0.0000000E+00  0.1860004    
 day              16        2000           2           1           2        1975           1                     1 hru0001           0.0000000E+00   59.98612       336.6956       2085.556       4104.005       153.1608       47.98890       11.99722      0.0000000E+00  0.0000000E+00  0.0000000E+00  0.1860003    
 day              -1          -1           2           1           2        1975           1                     1 hru0001           0.0000000E+00   1198.747       6674.282       42702.66       79804.80       3015.525       965.5435       233.2040      0.0000000E+00  0.0000000E+00  0.0000000E+00  1.6115381E-03
 day               1          10           2           1           2        1975           2                     1 hru0002           0.0000000E+00   21.48865       149.0378       350.9496       640.9946       25.09389       19.61747       1.871177      0.0000000E+00  0.0000000E+00  0.0000000E+00  0.1722554    
 day               2          25           2           1           2        1975           2                     1 hru0002           0.0000000E+00   15.67937       81.40661       526.4326       961.4883       36.81596       12.87100       2.808368      0.0000000E+00  0.0000000E+00  0.0000000E+00  0.1732867    
 day               3          50           2           1           2        1975           2                     1 hru0002           0.0000000E+00   26.13194       135.6038       877.3897       1602.480       61.38642       21.45140       4.680546      0.0000000E+00  0.0000000E+00  0.0000000E+00  0.1789321    
 day               4         100           2           1           2        1975           2                     1 hru0002           0.0000000E+00   112.1225       609.9393       4203.188       7676.775       293.5928       89.69801       22.42450      0.0000000E+00  0.0000000E+00  0.0000000E+00  0.2274371    
 day               5         150           2           1           2        1975           2                     1 hru0002           0.0000000E+00   112.1212       609.6371       4203.199       7676.775       293.6997       89.69696       22.42424      0.0000000E+00  0.0000000E+00  0.0000000E+00  0.2292954    
 day               6         200           2           1           2        1975           2                     1 hru0002           0.0000000E+00   49.16850       267.1501       1843.267       3366.554       128.8687       39.33480       9.833700      0.0000000E+00  0.0000000E+00  0.0000000E+00  0.2370000    
 day               7         300           2           1           2        1975           2                     1 hru0002           0.0000000E+00   98.33605       534.0787       3686.542       6733.108       257.8156       78.66884       19.66721      0.0000000E+00  0.0000000E+00  0.0000000E+00  0.2370001    
 day               8         450           2           1           2        1975           2                     1 hru0002           0.0000000E+00   147.5048       801.2907       5529.807       10099.66       386.6623       118.0039       29.50096      0.0000000E+00  0.0000000E+00  0.0000000E+00  0.2370001    
 day               9         600           2           1           2        1975           2                     1 hru0002           0.0000000E+00   147.5708       816.6349       5529.296       10099.67       381.2220       118.0567       29.51416      0.0000000E+00  0.0000000E+00  0.0000000E+00  0.2370001    
 day              10         750           2           1           2        1975           2                     1 hru0002           0.0000000E+00   147.6222       828.6830       5528.902       10099.68       376.9323       118.0978       29.52444      0.0000000E+00  0.0000000E+00  0.0000000E+00  0.2370001    
 day              11         900           2           1           2        1975           2                     1 hru0002           0.0000000E+00   113.2064       635.7739       4118.247       7745.012       288.9347       90.56511       22.64128      0.0000000E+00  0.0000000E+00  0.0000000E+00  0.1694340    
 day              12        1050           2           1           2        1975           2                     1 hru0002           0.0000000E+00   54.83157       307.9092       1906.319       3751.309       139.9459       43.86526       10.96631      0.0000000E+00  0.0000000E+00  0.0000000E+00  0.1241511    
 day              13        1200           2           1           2        1975           2                     1 hru0002           0.0000000E+00   54.83145       307.8802       1906.320       3751.309       139.9561       43.86516       10.96629      0.0000000E+00  0.0000000E+00  0.0000000E+00  0.1241511    
 day              14        1500           2           1           2        1975           2                     1 hru0002           0.0000000E+00   109.6629       615.6883       3812.655       7502.642       279.9391       87.73035       21.93258      0.0000000E+00  0.0000000E+00  0.0000000E+00  0.1241487    
 day              15        1800           2           1           2        1975           2                     1 hru0002           0.0000000E+00   109.6626       615.6109       3812.658       7502.642       279.9662       87.73008       21.93252      0.0000000E+00  0.0000000E+00  0.0000000E+00  0.1241487    
 day              16        2000           2           1           2        1975           2                     1 hru0002           0.0000000E+00   73.10815       410.3736       2541.769       5001.753       186.6555       58.48652       14.62163      0.0000000E+00  0.0000000E+00  0.0000000E+00  0.1241498    
 day              -1          -1           2           1           2        1975           2                     1 hru0002           0.0000000E+00   1393.049       7726.699       50376.95       94211.86       3557.487       1117.739       275.3099      0.0000000E+00  0.0000000E+00  0.0000000E+00  1.4781950E-03
 day               1          10           2           1           2        1975           3                     1 hru0003           0.0000000E+00   68.83789       441.7092       1663.315       3037.990       116.4377       59.96523       8.872664      0.0000000E+00  0.0000000E+00  0.0000000E+00  0.2103640    
 day               2          25           2           1           2        1975           3                     1 hru0003           0.0000000E+00   69.64857       372.3644       2495.031       4556.969       174.4055       56.33778       13.31079      0.0000000E+00  0.0000000E+00  0.0000000E+00  0.2110230    
 day               3          50           2           1           2        1975           3                     1 hru0003           0.0000000E+00   116.0798       620.3646       4158.392       7594.945       290.7620       93.89542       22.18443      0.0000000E+00  0.0000000E+00  0.0000000E+00  0.2146018    
 day               4         100           2           1           2        1975           3                     1 hru0003           0.0000000E+00   156.9486       853.3724       5883.689       10746.04       411.1263       125.5589       31.38972      0.0000000E+00  0.0000000E+00  0.0000000E+00  0.2086259    
 day               5         150           2           1           2        1975           3                     1 hru0003           0.0000000E+00   156.9469       852.9776       5883.703       10746.04       411.2660       125.5575       31.38938      0.0000000E+00  0.0000000E+00  0.0000000E+00  0.2100838    
 day               6         200           2           1           2        1975           3                     1 hru0003           0.0000000E+00   42.14412       228.9161       1579.946       2885.618       110.4835       33.71530       8.428823      0.0000000E+00  0.0000000E+00  0.0000000E+00  0.2160000    
 day               7         300           2           1           2        1975           3                     1 hru0003           0.0000000E+00   84.28737       457.6283       3159.898       5771.235       221.0390       67.42990       16.85747      0.0000000E+00  0.0000000E+00  0.0000000E+00  0.2160001    
 day               8         450           2           1           2        1975           3                     1 hru0003           0.0000000E+00   126.4316       686.5662       4739.844       8656.854       331.5148       101.1453       25.28632      0.0000000E+00  0.0000000E+00  0.0000000E+00  0.2160001    
 day               9         600           2           1           2        1975           3                     1 hru0003           0.0000000E+00   126.4886       699.8163       4739.402       8656.862       326.8172       101.1909       25.29772      0.0000000E+00  0.0000000E+00  0.0000000E+00  0.2160001    
 day              10         750           2           1           2        1975           3                     1 hru0003           0.0000000E+00   126.5331       710.2346       4739.062       8656.871       323.1080       101.2264       25.30661      0.0000000E+00  0.0000000E+00  0.0000000E+00  0.2160001    
 day              11         900           2           1           2        1975           3                     1 hru0003           0.0000000E+00   95.26653       534.9769       3465.636       6517.671       243.1643       76.21323       19.05330      0.0000000E+00  0.0000000E+00  0.0000000E+00  0.2045763    
 day              12        1050           2           1           2        1975           3                     1 hru0003           0.0000000E+00   44.98999       252.6220       1564.163       3078.002       114.8353       35.99200       8.997998      0.0000000E+00  0.0000000E+00  0.0000000E+00  0.1860002    
 day              13        1200           2           1           2        1975           3                     1 hru0003           0.0000000E+00   44.98989       252.5987       1564.164       3078.002       114.8435       35.99192       8.997978      0.0000000E+00  0.0000000E+00  0.0000000E+00  0.1860002    
 day              14        1500           2           1           2        1975           3                     1 hru0003           0.0000000E+00   89.97964       505.1400       3128.333       6156.012       229.7075       71.98371       17.99593      0.0000000E+00  0.0000000E+00  0.0000000E+00  0.1860004    
 day              15        1800           2           1           2        1975           3                     1 hru0003           0.0000000E+00   89.97939       505.0812       3128.335       6156.012       229.7281       71.98351       17.99588      0.0000000E+00  0.0000000E+00  0.0000000E+00  0.1860004    
 day              16        2000           2           1           2        1975           3                     1 hru0003           0.0000000E+00   59.98612       336.6963       2085.556       4104.005       153.1606       47.98890       11.99722      0.0000000E+00  0.0000000E+00  0.0000000E+00  0.1860003    
 day              -1          -1           2           1           2        1975           3                     1 hru0003           0.0000000E+00   1499.538       8311.064       53978.47       100399.1       3802.399       1206.176       293.3622      0.0000000E+00  0.0000000E+00  0.0000000E+00  1.6346383E-03
 day               1          10           2           1           2        1975           4                     1 hru0004           0.0000000E+00   65.54414       423.6387       1539.873       2812.527       107.9422       57.33021       8.213931      0.0000000E+00  0.0000000E+00  0.0000000E+00  0.2002840    
 day               2          25           2           1           2        1975           4                     1 hru0004           0.0000000E+00   64.70897       345.4895       2309.864       4218.773       161.4730       52.38608       12.32289      0.0000000E+00  0.0000000E+00  0.0000000E+00  0.2009430    
 day               3          50           2           1           2        1975           4                     1 hru0004           0.0000000E+00   107.8473       575.5915       3849.781       7031.292       269.2017       87.30936       20.53796      0.0000000E+00  0.0000000E+00  0.0000000E+00  0.2045218    
 day               4         100           2           1           2        1975           4                     1 hru0004           0.0000000E+00   158.4434       861.5018       5939.724       10848.39       415.0411       126.7547       31.68867      0.0000000E+00  0.0000000E+00  0.0000000E+00  0.1968659    
 day               5         150           2           1           2        1975           4                     1 hru0004           0.0000000E+00   158.4417       861.1046       5939.738       10848.39       415.1816       126.7533       31.68832      0.0000000E+00  0.0000000E+00  0.0000000E+00  0.1983238    
 day               6         200           2           1           2        1975           4                     1 hru0004           0.0000000E+00   43.54894       236.5480       1632.611       2981.805       114.1658       34.83915       8.709788      0.0000000E+00  0.0000000E+00  0.0000000E+00  0.2202000    
 day               7         300           2           1           2        1975           4                     1 hru0004           0.0000000E+00   87.09705       472.8865       3265.231       5963.616       228.4060       69.67764       17.41941      0.0000000E+00  0.0000000E+00  0.0000000E+00  0.2202002    
 day               8         450           2           1           2        1975           4                     1 hru0004           0.0000000E+00   130.6462       709.4595       4897.844       8945.426       342.5633       104.5169       26.12923      0.0000000E+00  0.0000000E+00  0.0000000E+00  0.2202003    
 day               9         600           2           1           2        1975           4                     1 hru0004           0.0000000E+00   130.7051       723.1494       4897.387       8945.436       337.7098       104.5641       26.14101      0.0000000E+00  0.0000000E+00  0.0000000E+00  0.2202003    
 day              10         750           2           1           2        1975           4                     1 hru0004           0.0000000E+00   130.7510       733.9122       4897.035       8945.443       333.8779       104.6008       26.15020      0.0000000E+00  0.0000000E+00  0.0000000E+00  0.2202003    
 day              11         900           2           1           2        1975           4                     1 hru0004           0.0000000E+00   97.12243       545.4005       3533.150       6644.643       247.9008       77.69794       19.42448      0.0000000E+00  0.0000000E+00  0.0000000E+00  0.2068083    
 day              12        1050           2           1           2        1975           4                     1 hru0004           0.0000000E+00   44.98999       252.6227       1564.163       3078.002       114.8350       35.99200       8.997998      0.0000000E+00  0.0000000E+00  0.0000000E+00  0.1860002    
 day              13        1200           2           1           2        1975           4                     1 hru0004           0.0000000E+00   44.98990       252.5995       1564.164       3078.002       114.8432       35.99192       8.997979      0.0000000E+00  0.0000000E+00  0.0000000E+00  0.1860002    
 day              14        1500           2           1           2        1975           4                     1 hru0004           0.0000000E+00   89.97964       505.1414       3128.333       6156.012       229.7070       71.98371       17.99593      0.0000000E+00  0.0000000E+00  0.0000000E+00  0.1860004    
 day              15        1800           2           1           2        1975           4                     1 hru0004           0.0000000E+00   89.97939       505.0825       3128.335       6156.012       229.7277       71.98351       17.99588      0.0000000E+00  0.0000000E+00  0.0000000E+00  0.1860004    
 day              16        2000           2           1           2        1975           4                     1 hru0004           0.0000000E+00   59.98613       336.6970       2085.556       4104.005       153.1603       47.98890       11.99722      0.0000000E+00  0.0000000E+00  0.0000000E+00  0.1860003    
 day              -1          -1           2           1           2        1975           4                     1 hru0004           0.0000000E+00   1504.781       8340.825       54172.79       100757.8       3815.736       1210.370       294.4109      0.0000000E+00  0.0000000E+00  0.0000000E+00  1.6193747E-03
 day               1          10           2           1           2        1975           5                     1 hru0005           0.0000000E+00   77.12032       487.1501       1973.731       3604.960       137.8008       66.59116       10.52916      0.0000000E+00  0.0000000E+00  0.0000000E+00  0.2128841    
 day               2          25           2           1           2        1975           5                     1 hru0005           0.0000000E+00   82.06972       439.9457       2960.670       5407.419       206.9264       66.27468       15.79504      0.0000000E+00  0.0000000E+00  0.0000000E+00  0.2135430    
 day               3          50           2           1           2        1975           5                     1 hru0005           0.0000000E+00   136.7816       732.9562       4934.457       9012.362       344.9790       110.4568       26.32480      0.0000000E+00  0.0000000E+00  0.0000000E+00  0.2171218    
 day               4         100           2           1           2        1975           5                     1 hru0005           0.0000000E+00   154.2699       838.8091       5783.271       10562.64       404.1090       123.4160       30.85399      0.0000000E+00  0.0000000E+00  0.0000000E+00  0.2044258    
 day               5         150           2           1           2        1975           5                     1 hru0005           0.0000000E+00   154.2683       838.4220       5783.284       10562.64       404.2460       123.4146       30.85365      0.0000000E+00  0.0000000E+00  0.0000000E+00  0.2058837    
 day               6         200           2           1           2        1975           5                     1 hru0005           0.0000000E+00   42.70605       231.9692       1601.012       2924.092       111.9563       34.16484       8.541207      0.0000000E+00  0.0000000E+00  0.0000000E+00  0.2176800    
 day               7         300           2           1           2        1975           5                     1 hru0005           0.0000000E+00   85.41118       463.7323       3202.029       5848.183       223.9853       68.32894       17.08224      0.0000000E+00  0.0000000E+00  0.0000000E+00  0.2176800    
 day               8         450           2           1           2        1975           5                     1 hru0005           0.0000000E+00   128.1175       695.7257       4803.044       8772.284       335.9335       102.4940       25.62349      0.0000000E+00  0.0000000E+00  0.0000000E+00  0.2176802    
 day               9         600           2           1           2        1975           5                     1 hru0005           0.0000000E+00   128.1752       709.1511       4802.597       8772.295       331.1738       102.5402       25.63504      0.0000000E+00  0.0000000E+00  0.0000000E+00  0.2176802    
 day              10         750           2           1           2        1975           5                     1 hru0005           0.0000000E+00   128.2202       719.7064       4802.251       8772.303       327.4158       102.5762       25.64405      0.0000000E+00  0.0000000E+00  0.0000000E+00  0.2176802    
 day              11         900           2           1           2        1975           5                     1 hru0005           0.0000000E+00   96.00882       539.1464       3518.426       6568.455       245.0589       76.80706       19.20176      0.0000000E+00  0.0000000E+00  0.0000000E+00  0.2054690    
 day              12        1050           2           1           2        1975           5                     1 hru0005           0.0000000E+00   44.98999       252.6225       1594.372       3078.002       114.8355       35.99200       8.997998      0.0000000E+00  0.0000000E+00  0.0000000E+00  0.1860002    
 day              13        1200           2           1           2        1975           5                     1 hru0005           0.0000000E+00   44.98989       252.5992       1594.373       3078.003       114.8437       35.99192       8.997978      0.0000000E+00  0.0000000E+00  0.0000000E+00  0.1860002    
 day              14        1500           2           1           2        1975           5                     1 hru0005           0.0000000E+00   89.97964       505.1410       3188.750       6156.012       229.7080       71.98371       17.99593      0.0000000E+00  0.0000000E+00  0.0000000E+00  0.1860004    
 day              15        1800           2           1           2        1975           5                     1 hru0005           0.0000000E+00   89.97939       505.0822       3188.753       6156.012       229.7286       71.98351       17.99588      0.0000000E+00  0.0000000E+00  0.0000000E+00  0.1860004    
 day              16        2000           2           1           2        1975           5                     1 hru0005           0.0000000E+00   59.98613       336.6968       2125.835       4104.005       153.1609       47.98890       11.99722      0.0000000E+00  0.0000000E+00  0.0000000E+00  0.1860003    
 day              -1          -1           2           1           2        1975           5                     1 hru0005           0.0000000E+00   1543.074       8548.856       55856.86       103379.7       3915.861       1241.004       302.0695      0.0000000E+00  0.0000000E+00  0.0000000E+00  1.6388650E-03
 day               1          10           2           1           2        1975           6                     1 hru0006           0.0000000E+00   75.29166       477.1176       1905.199       3479.787       133.0843       65.12821       10.16345      0.0000000E+00  0.0000000E+00  0.0000000E+00  0.2086840    
 day               2          25           2           1           2        1975           6                     1 hru0006           0.0000000E+00   79.32728       425.0251       2857.868       5219.659       199.7464       64.08070       15.24658      0.0000000E+00  0.0000000E+00  0.0000000E+00  0.2093430    
 day               3          50           2           1           2        1975           6                     1 hru0006           0.0000000E+00   132.2109       708.0991       4763.122       8699.431       333.0089       106.8002       25.41071      0.0000000E+00  0.0000000E+00  0.0000000E+00  0.2129218    
 day               4         100           2           1           2        1975           6                     1 hru0006           0.0000000E+00   177.4818       965.0209       6653.436       12151.92       464.9113       141.9854       35.49634      0.0000000E+00  0.0000000E+00  0.0000000E+00  0.2035859    
 day               5         150           2           1           2        1975           6                     1 hru0006           0.0000000E+00   177.4798       964.5772       6653.451       12151.92       465.0682       141.9839       35.49596      0.0000000E+00  0.0000000E+00  0.0000000E+00  0.2050438    
 day               6         200           2           1           2        1975           6                     1 hru0006           0.0000000E+00   43.54895       236.5491       1632.611       2981.805       114.1654       34.83916       8.709789      0.0000000E+00  0.0000000E+00  0.0000000E+00  0.2202000    
 day               7         300           2           1           2        1975           6                     1 hru0006           0.0000000E+00   87.09706       472.8895       3265.231       5963.616       228.4050       69.67765       17.41941      0.0000000E+00  0.0000000E+00  0.0000000E+00  0.2202002    
 day               8         450           2           1           2        1975           6                     1 hru0006           0.0000000E+00   130.6462       709.4656       4897.844       8945.426       342.5611       104.5170       26.12924      0.0000000E+00  0.0000000E+00  0.0000000E+00  0.2202003    
 day               9         600           2           1           2        1975           6                     1 hru0006           0.0000000E+00   130.7051       723.1536       4897.387       8945.436       337.7083       104.5641       26.14101      0.0000000E+00  0.0000000E+00  0.0000000E+00  0.2202003    
 day              10         750           2           1           2        1975           6                     1 hru0006           0.0000000E+00   130.7510       733.9141       4897.035       8945.443       333.8772       104.6008       26.15020      0.0000000E+00  0.0000000E+00  0.0000000E+00  0.2202003    
 day              11         900           2           1           2        1975           6                     1 hru0006           0.0000000E+00   97.12244       545.4019       3533.150       6644.643       247.9003       77.69795       19.42449      0.0000000E+00  0.0000000E+00  0.0000000E+00  0.2068083    
 day              12        1050           2           1           2        1975           6                     1 hru0006           0.0000000E+00   44.99000       252.6234       1564.163       3078.002       114.8348       35.99200       8.997999      0.0000000E+00  0.0000000E+00  0.0000000E+00  0.1860002    
 day              13        1200           2           1           2        1975           6                     1 hru0006           0.0000000E+00   44.98990       252.6001       1564.164       3078.002       114.8430       35.99192       8.997979      0.0000000E+00  0.0000000E+00  0.0000000E+00  0.1860002    
 day              14        1500           2           1           2        1975           6                     1 hru0006           0.0000000E+00   89.97965       505.1427       3128.333       6156.012       229.7066       71.98372       17.99593      0.0000000E+00  0.0000000E+00  0.0000000E+00  0.1860004    
 day              15        1800           2           1           2        1975           6                     1 hru0006           0.0000000E+00   89.97940       505.0836       3128.335       6156.012       229.7273       71.98352       17.99588      0.0000000E+00  0.0000000E+00  0.0000000E+00  0.1860004    
 day              16        2000           2           1           2        1975           6                     1 hru0006           0.0000000E+00   59.98613       336.6977       2085.556       4104.005       153.1600       47.98890       11.99722      0.0000000E+00  0.0000000E+00  0.0000000E+00  0.1860003    
 day              -1          -1           2           1           2        1975           6                     1 hru0006           0.0000000E+00   1591.587       8813.361       57426.88       106701.1       4042.708       1279.815       311.7722      0.0000000E+00  0.0000000E+00  0.0000000E+00  1.6386948E-03
 day               1          10           2           1           2        1975           7                     1 hru0007           0.0000000E+00   41.75733       293.1344       648.3682       1184.211       46.58805       38.30080       3.456527      0.0000000E+00  0.0000000E+00  0.0000000E+00  0.1893640    
 day               2          25           2           1           2        1975           7                     1 hru0007           0.0000000E+00   29.03591       151.3988       972.5659       1776.309       68.07408       23.84768       5.188224      0.0000000E+00  0.0000000E+00  0.0000000E+00  0.1900230    
 day               3          50           2           1           2        1975           7                     1 hru0007           0.0000000E+00   48.39275       252.2331       1620.947       2960.517       113.4921       39.74580       8.646955      0.0000000E+00  0.0000000E+00  0.0000000E+00  0.1936018    
 day               4         100           2           1           2        1975           7                     1 hru0007           0.0000000E+00   63.00790       342.5900       2362.041       4314.060       165.0494       50.40632       12.60158      0.0000000E+00  0.0000000E+00  0.0000000E+00  0.2019058    
 day               5         150           2           1           2        1975           7                     1 hru0007           0.0000000E+00   63.00721       342.4307       2362.046       4314.060       165.1057       50.40577       12.60144      0.0000000E+00  0.0000000E+00  0.0000000E+00  0.2033637    
 day               6         200           2           1           2        1975           7                     1 hru0007           0.0000000E+00   42.14412       228.9144       1579.946       2885.618       110.4841       33.71530       8.428822      0.0000000E+00  0.0000000E+00  0.0000000E+00  0.2160000    
 day               7         300           2           1           2        1975           7                     1 hru0007           0.0000000E+00   84.28735       457.6235       3159.898       5771.235       221.0408       67.42989       16.85747      0.0000000E+00  0.0000000E+00  0.0000000E+00  0.2160001    
 day               8         450           2           1           2        1975           7                     1 hru0007           0.0000000E+00   126.4315       686.5563       4739.844       8656.854       331.5183       101.1452       25.28631      0.0000000E+00  0.0000000E+00  0.0000000E+00  0.2160001    
 day               9         600           2           1           2        1975           7                     1 hru0007           0.0000000E+00   126.4886       699.8095       4739.402       8656.862       326.8197       101.1908       25.29771      0.0000000E+00  0.0000000E+00  0.0000000E+00  0.2160001    
 day              10         750           2           1           2        1975           7                     1 hru0007           0.0000000E+00   126.5330       710.2316       4739.062       8656.871       323.1091       101.2264       25.30661      0.0000000E+00  0.0000000E+00  0.0000000E+00  0.2160001    
 day              11         900           2           1           2        1975           7                     1 hru0007           0.0000000E+00   95.26653       534.9746       3465.636       6517.671       243.1651       76.21323       19.05330      0.0000000E+00  0.0000000E+00  0.0000000E+00  0.2045763    
 day              12        1050           2           1           2        1975           7                     1 hru0007           0.0000000E+00   44.98999       252.6209       1564.163       3078.002       114.8357       35.99199       8.997996      0.0000000E+00  0.0000000E+00  0.0000000E+00  0.1860002    
 day              13        1200           2           1           2        1975           7                     1 hru0007           0.0000000E+00   44.98989       252.5976       1564.164       3078.002       114.8439       35.99191       8.997977      0.0000000E+00  0.0000000E+00  0.0000000E+00  0.1860002    
 day              14        1500           2           1           2        1975           7                     1 hru0007           0.0000000E+00   89.97963       505.1379       3128.333       6156.012       229.7083       71.98370       17.99593      0.0000000E+00  0.0000000E+00  0.0000000E+00  0.1860004    
 day              15        1800           2           1           2        1975           7                     1 hru0007           0.0000000E+00   89.97939       505.0794       3128.335       6156.012       229.7288       71.98351       17.99588      0.0000000E+00  0.0000000E+00  0.0000000E+00  0.1860004    
 day              16        2000           2           1           2        1975           7                     1 hru0007           0.0000000E+00   59.98612       336.6952       2085.556       4104.005       153.1609       47.98890       11.99722      0.0000000E+00  0.0000000E+00  0.0000000E+00  0.1860003    
 day              -1          -1           2           1           2        1975           7                     1 hru0007           0.0000000E+00   1176.277       6552.028       41860.30       78266.30       2956.724       947.5673       228.7099      0.0000000E+00  0.0000000E+00  0.0000000E+00  1.5964181E-03
 day               1          10           2           1           2        1975           8                     1 hru0008           0.0000000E+00   29.91207       228.1503       204.4836       373.4646       16.03922       28.82428       1.087792      0.0000000E+00  0.0000000E+00  0.0000000E+00  0.1591240    
 day               2          25           2           1           2        1975           8                     1 hru0008           0.0000000E+00   11.27172       54.75287       306.7193       560.1946       21.56991       9.635876       1.635840      0.0000000E+00  0.0000000E+00  0.0000000E+00  0.1597830    
 day               3          50           2           1           2        1975           8                     1 hru0008           0.0000000E+00   18.78602       91.22103       511.1996       933.6576       35.96229       16.05966       2.726366      0.0000000E+00  0.0000000E+00  0.0000000E+00  0.1633618    
 day               4         100           2           1           2        1975           8                     1 hru0008           0.0000000E+00   106.8615       581.0591       4006.018       7316.644       279.9142       85.48918       21.37230      0.0000000E+00  0.0000000E+00  0.0000000E+00  0.2220659    
 day               5         150           2           1           2        1975           8                     1 hru0008           0.0000000E+00   106.8604       580.8060       4006.027       7316.643       280.0038       85.48830       21.37208      0.0000000E+00  0.0000000E+00  0.0000000E+00  0.2235237    
 day               6         200           2           1           2        1975           8                     1 hru0008           0.0000000E+00   43.54904       236.5693       1632.610       2981.805       114.1583       34.83923       8.709807      0.0000000E+00  0.0000000E+00  0.0000000E+00  0.2202000    
 day               7         300           2           1           2        1975           8                     1 hru0008           0.0000000E+00   87.09731       472.9450       3265.229       5963.616       228.3853       69.67784       17.41946      0.0000000E+00  0.0000000E+00  0.0000000E+00  0.2202002    
 day               8         450           2           1           2        1975           8                     1 hru0008           0.0000000E+00   130.6467       709.5788       4897.839       8945.426       342.5211       104.5173       26.12934      0.0000000E+00  0.0000000E+00  0.0000000E+00  0.2202003    
 day               9         600           2           1           2        1975           8                     1 hru0008           0.0000000E+00   130.7054       723.2333       4897.385       8945.435       337.6800       104.5643       26.14108      0.0000000E+00  0.0000000E+00  0.0000000E+00  0.2202003    
 day              10         750           2           1           2        1975           8                     1 hru0008           0.0000000E+00   130.7511       733.9501       4897.034       8945.443       333.8644       104.6009       26.15023      0.0000000E+00  0.0000000E+00  0.0000000E+00  0.2202003    
 day              11         900           2           1           2        1975           8                     1 hru0008           0.0000000E+00   104.5456       587.1158       3803.187       7152.491       266.8369       83.63649       20.90912      0.0000000E+00  0.0000000E+00  0.0000000E+00  0.2157360    
 day              12        1050           2           1           2        1975           8                     1 hru0008           0.0000000E+00   53.42553       300.0047       1857.437       3655.117       136.3605       42.74043       10.68510      0.0000000E+00  0.0000000E+00  0.0000000E+00  0.1430199    
 day              13        1200           2           1           2        1975           8                     1 hru0008           0.0000000E+00   53.42542       299.9771       1857.438       3655.117       136.3702       42.74033       10.68508      0.0000000E+00  0.0000000E+00  0.0000000E+00  0.1430199    
 day              14        1500           2           1           2        1975           8                     1 hru0008           0.0000000E+00   106.8506       599.8843       3714.882       7310.238       272.7653       85.48048       21.37012      0.0000000E+00  0.0000000E+00  0.0000000E+00  0.1430193    
 day              15        1800           2           1           2        1975           8                     1 hru0008           0.0000000E+00   106.8503       599.8114       3714.884       7310.239       272.7908       85.48023       21.37005      0.0000000E+00  0.0000000E+00  0.0000000E+00  0.1430193    
 day              16        2000           2           1           2        1975           8                     1 hru0008           0.0000000E+00   71.23331       399.8428       2476.588       4873.487       181.8713       56.98665       14.24666      0.0000000E+00  0.0000000E+00  0.0000000E+00  0.1430202    
 day              -1          -1           2           1           2        1975           8                     1 hru0008           0.0000000E+00   1292.772       7198.902       46048.96       86239.01       3257.094       1040.761       252.0104      0.0000000E+00  0.0000000E+00  0.0000000E+00  1.4798469E-03
 day               1          10           2           1           2        1975           9                     1 hru0009           0.0000000E+00   79.58120       500.6519       2065.968       3773.428       144.1485       68.55983       11.02137      0.0000000E+00  0.0000000E+00  0.0000000E+00  0.2162440    
 day               2          25           2           1           2        1975           9                     1 hru0009           0.0000000E+00   85.76032       460.0265       3099.029       5660.121       216.5894       69.22712       16.53320      0.0000000E+00  0.0000000E+00  0.0000000E+00  0.2169029    
 day               3          50           2           1           2        1975           9                     1 hru0009           0.0000000E+00   142.9325       766.4123       5165.057       9433.533       361.0884       115.3775       27.55507      0.0000000E+00  0.0000000E+00  0.0000000E+00  0.2204818    
 day               4         100           2           1           2        1975           9                     1 hru0009           0.0000000E+00   130.9310       711.9123       4908.342       8964.658       342.9717       104.7448       26.18620      0.0000000E+00  0.0000000E+00  0.0000000E+00  0.2111459    
 day               5         150           2           1           2        1975           9                     1 hru0009           0.0000000E+00   130.9296       711.5859       4908.353       8964.657       343.0872       104.7437       26.18592      0.0000000E+00  0.0000000E+00  0.0000000E+00  0.2126038    
 day               6         200           2           1           2        1975           9                     1 hru0009           0.0000000E+00   43.54896       236.5502       1632.611       2981.805       114.1651       34.83916       8.709791      0.0000000E+00  0.0000000E+00  0.0000000E+00  0.2202000    
 day               7         300           2           1           2        1975           9                     1 hru0009           0.0000000E+00   87.09708       472.8925       3265.231       5963.616       228.4039       69.67766       17.41942      0.0000000E+00  0.0000000E+00  0.0000000E+00  0.2202002    
 day               8         450           2           1           2        1975           9                     1 hru0009           0.0000000E+00   130.6462       709.4717       4897.843       8945.426       342.5590       104.5170       26.12924      0.0000000E+00  0.0000000E+00  0.0000000E+00  0.2202003    
 day               9         600           2           1           2        1975           9                     1 hru0009           0.0000000E+00   130.7051       723.1579       4897.387       8945.436       337.7068       104.5641       26.14102      0.0000000E+00  0.0000000E+00  0.0000000E+00  0.2202003    
 day              10         750           2           1           2        1975           9                     1 hru0009           0.0000000E+00   130.7510       733.9160       4897.035       8945.443       333.8765       104.6008       26.15020      0.0000000E+00  0.0000000E+00  0.0000000E+00  0.2202003    
 day              11         900           2           1           2        1975           9                     1 hru0009           0.0000000E+00   97.12244       545.4033       3533.150       6644.643       247.8998       77.69795       19.42449      0.0000000E+00  0.0000000E+00  0.0000000E+00  0.2068083    
 day              12        1050           2           1           2        1975           9                     1 hru0009           0.0000000E+00   44.99000       252.6241       1564.163       3078.002       114.8345       35.99200       8.997999      0.0000000E+00  0.0000000E+00  0.0000000E+00  0.1860002    
 day              13        1200           2           1           2        1975           9                     1 hru0009           0.0000000E+00   44.98990       252.6008       1564.164       3078.002       114.8427       35.99192       8.997979      0.0000000E+00  0.0000000E+00  0.0000000E+00  0.1860002    
 day              14        1500           2           1           2        1975           9                     1 hru0009           0.0000000E+00   89.97966       505.1440       3128.333       6156.012       229.7061       71.98373       17.99593      0.0000000E+00  0.0000000E+00  0.0000000E+00  0.1860004    
 day              15        1800           2           1           2        1975           9                     1 hru0009           0.0000000E+00   89.97942       505.0848       3128.335       6156.012       229.7269       71.98353       17.99588      0.0000000E+00  0.0000000E+00  0.0000000E+00  0.1860004    
 day              16        2000           2           1           2        1975           9                     1 hru0009           0.0000000E+00   59.98613       336.6984       2085.556       4104.005       153.1598       47.98891       11.99723      0.0000000E+00  0.0000000E+00  0.0000000E+00  0.1860003    
 day              -1          -1           2           1           2        1975           9                     1 hru0009           0.0000000E+00   1519.930       8424.133       54740.56       101794.8       3854.766       1222.490       297.4409      0.0000000E+00  0.0000000E+00  0.0000000E+00  1.6575947E-03
 day               1          10           2           1           2        1975          10                     1 hru0010           0.0000000E+00   69.88270       447.4431       1702.496       3109.553       119.1339       60.80095       9.081749      0.0000000E+00  0.0000000E+00  0.0000000E+00  0.2053240    
 day               2          25           2           1           2        1975          10                     1 hru0010           0.0000000E+00   71.21552       380.8933       2553.804       4664.312       178.5097       57.59116       13.62436      0.0000000E+00  0.0000000E+00  0.0000000E+00  0.2059830    
 day               3          50           2           1           2        1975          10                     1 hru0010           0.0000000E+00   118.6914       634.5770       4256.348       7773.853       297.6033       95.98440       22.70704      0.0000000E+00  0.0000000E+00  0.0000000E+00  0.2095618    
 day               4         100           2           1           2        1975          10                     1 hru0010           0.0000000E+00   128.9305       701.0425       4833.344       8827.680       337.7284       103.1444       25.78610      0.0000000E+00  0.0000000E+00  0.0000000E+00  0.2061059    
 day               5         150           2           1           2        1975          10                     1 hru0010           0.0000000E+00   128.9291       700.7261       4833.354       8827.681       337.8403       103.1433       25.78583      0.0000000E+00  0.0000000E+00  0.0000000E+00  0.2075638    
 day               6         200           2           1           2        1975          10                     1 hru0010           0.0000000E+00   43.54897       236.5562       1632.611       2981.805       114.1629       34.83918       8.709795      0.0000000E+00  0.0000000E+00  0.0000000E+00  0.2202000    
 day               7         300           2           1           2        1975          10                     1 hru0010           0.0000000E+00   87.09715       472.9090       3265.231       5963.616       228.3981       69.67772       17.41943      0.0000000E+00  0.0000000E+00  0.0000000E+00  0.2202002    
 day               8         450           2           1           2        1975          10                     1 hru0010           0.0000000E+00   130.6464       709.5053       4897.842       8945.425       342.5471       104.5171       26.12927      0.0000000E+00  0.0000000E+00  0.0000000E+00  0.2202003    
 day               9         600           2           1           2        1975          10                     1 hru0010           0.0000000E+00   130.7052       723.1815       4897.386       8945.436       337.6984       104.5642       26.14104      0.0000000E+00  0.0000000E+00  0.0000000E+00  0.2202003    
 day              10         750           2           1           2        1975          10                     1 hru0010           0.0000000E+00   130.7510       733.9266       4897.034       8945.443       333.8727       104.6008       26.15021      0.0000000E+00  0.0000000E+00  0.0000000E+00  0.2202003    
 day              11         900           2           1           2        1975          10                     1 hru0010           0.0000000E+00   99.10171       556.5260       3605.151       6780.052       252.9488       79.28136       19.82034      0.0000000E+00  0.0000000E+00  0.0000000E+00  0.2091887    
 day              12        1050           2           1           2        1975          10                     1 hru0010           0.0000000E+00   47.23935       265.2583       1642.365       3231.891       120.5745       37.79148       9.447868      0.0000000E+00  0.0000000E+00  0.0000000E+00  0.1907999    
 day              13        1200           2           1           2        1975          10                     1 hru0010           0.0000000E+00   47.23924       265.2338       1642.366       3231.891       120.5831       37.79140       9.447847      0.0000000E+00  0.0000000E+00  0.0000000E+00  0.1907999    
 day              14        1500           2           1           2        1975          10                     1 hru0010           0.0000000E+00   94.47811       530.4056       3284.729       6463.774       241.1874       75.58249       18.89562      0.0000000E+00  0.0000000E+00  0.0000000E+00  0.1907998    
 day              15        1800           2           1           2        1975          10                     1 hru0010           0.0000000E+00   94.47785       530.3426       3284.732       6463.774       241.2094       75.58228       18.89557      0.0000000E+00  0.0000000E+00  0.0000000E+00  0.1907998    
 day              16        2000           2           1           2        1975          10                     1 hru0010           0.0000000E+00   62.98516       353.5356       2189.823       4309.186       160.8156       50.38813       12.59703      0.0000000E+00  0.0000000E+00  0.0000000E+00  0.1907998    
 day              -1          -1           2           1           2        1975          10                     1 hru0010           0.0000000E+00   1485.919       8242.062       53418.62       99465.38       3764.813       1195.280       290.6391      0.0000000E+00  0.0000000E+00  0.0000000E+00  1.6493638E-03
 day               1          10           2           1           2        1975          11                     1 hru0011           0.0000000E+00   85.41081       532.6397       2284.511       4172.593       159.1884       73.22321       12.18760      0.0000000E+00  0.0000000E+00  0.0000000E+00  0.2288440    
 day               2          25           2           1           2        1975          11                     1 hru0011           0.0000000E+00   94.50306       507.6042       3426.853       6258.864       239.4830       76.22086       18.28219      0.0000000E+00  0.0000000E+00  0.0000000E+00  0.2295029    
 day               3          50           2           1           2        1975          11                     1 hru0011           0.0000000E+00   157.5037       845.6877       5711.433       10431.44       399.2519       127.0337       30.47005      0.0000000E+00  0.0000000E+00  0.0000000E+00  0.2330818    
 day               4         100           2           1           2        1975          11                     1 hru0011           0.0000000E+00   117.1975       637.2670       4393.495       8024.336       306.9865       93.75803       23.43951      0.0000000E+00  0.0000000E+00  0.0000000E+00  0.2178660    
 day               5         150           2           1           2        1975          11                     1 hru0011           0.0000000E+00   117.1964       636.9929       4393.504       8024.336       307.0834       93.75708       23.43927      0.0000000E+00  0.0000000E+00  0.0000000E+00  0.2193238    
 day               6         200           2           1           2        1975          11                     1 hru0011           0.0000000E+00   50.01115       271.6784       1874.867       3424.265       131.0959       40.00892       10.00223      0.0000000E+00  0.0000000E+00  0.0000000E+00  0.1883021    
 day               7         300           2           1           2        1975          11                     1 hru0011           0.0000000E+00   100.0213       543.1381       3749.741       6848.530       262.2691       80.01707       20.00427      0.0000000E+00  0.0000000E+00  0.0000000E+00  0.1883022    
 day               8         450           2           1           2        1975          11                     1 hru0011           0.0000000E+00   150.0328       814.9003       5624.604       10272.79       393.3353       120.0263       30.00657      0.0000000E+00  0.0000000E+00  0.0000000E+00  0.1883022    
 day               9         600           2           1           2        1975          11                     1 hru0011           0.0000000E+00   150.1002       830.5721       5624.083       10272.80       387.7789       120.0802       30.02005      0.0000000E+00  0.0000000E+00  0.0000000E+00  0.1883022    
 day              10         750           2           1           2        1975          11                     1 hru0011           0.0000000E+00   150.1527       842.8672       5623.680       10272.81       383.4013       120.1222       30.03054      0.0000000E+00  0.0000000E+00  0.0000000E+00  0.1883022    
 day              11         900           2           1           2        1975          11                     1 hru0011           0.0000000E+00   115.0621       646.1828       4185.758       7871.976       293.6759       92.04970       23.01242      0.0000000E+00  0.0000000E+00  0.0000000E+00  0.1581136    
 day              12        1050           2           1           2        1975          11                     1 hru0011           0.0000000E+00   55.67513       312.6408       1935.648       3809.023       142.1009       44.54010       11.13503      0.0000000E+00  0.0000000E+00  0.0000000E+00  0.1128301    
 day              13        1200           2           1           2        1975          11                     1 hru0011           0.0000000E+00   55.67501       312.6121       1935.649       3809.023       142.1110       44.54001       11.13500      0.0000000E+00  0.0000000E+00  0.0000000E+00  0.1128301    
 day              14        1500           2           1           2        1975          11                     1 hru0011           0.0000000E+00   111.3498       625.1512       3871.303       7618.050       284.2479       89.07982       22.26996      0.0000000E+00  0.0000000E+00  0.0000000E+00  0.1128296    
 day              15        1800           2           1           2        1975          11                     1 hru0011           0.0000000E+00   111.3494       625.0746       3871.306       7618.050       284.2748       89.07956       22.26989      0.0000000E+00  0.0000000E+00  0.0000000E+00  0.1128296    
 day              16        2000           2           1           2        1975          11                     1 hru0011           0.0000000E+00   74.23287       416.6839       2580.873       5078.703       189.5282       59.38630       14.84658      0.0000000E+00  0.0000000E+00  0.0000000E+00  0.1128290    
 day              -1          -1           2           1           2        1975          11                     1 hru0011           0.0000000E+00   1695.474       9401.692       61087.30       113807.6       4305.813       1362.923       332.5512      0.0000000E+00  0.0000000E+00  0.0000000E+00  1.3961955E-03
 day               1          10           2           1           2        1975          12                     1 hru0012           0.0000000E+00   76.74189       485.0758       1959.575       3579.104       136.8263       66.28827       10.45362      0.0000000E+00  0.0000000E+00  0.0000000E+00  0.2196040    
 day               2          25           2           1           2        1975          12                     1 hru0012           0.0000000E+00   81.50226       436.8626       2939.436       5368.637       205.4425       65.82051       15.68175      0.0000000E+00  0.0000000E+00  0.0000000E+00  0.2202630    
 day               3          50           2           1           2        1975          12                     1 hru0012           0.0000000E+00   135.8358       727.8239       4899.067       8947.725       342.5037       109.6999       26.13600      0.0000000E+00  0.0000000E+00  0.0000000E+00  0.2238418    
 day               4         100           2           1           2        1975          12                     1 hru0012           0.0000000E+00   120.1494       653.2992       4504.156       8226.448       314.7254       96.11948       24.02987      0.0000000E+00  0.0000000E+00  0.0000000E+00  0.2128259    
 day               5         150           2           1           2        1975          12                     1 hru0012           0.0000000E+00   120.1481       653.0063       4504.166       8226.448       314.8291       96.11848       24.02962      0.0000000E+00  0.0000000E+00  0.0000000E+00  0.2142838    
 day               6         200           2           1           2        1975          12                     1 hru0012           0.0000000E+00   44.39190       241.1373       1664.210       3039.520       116.3717       35.51352       8.878379      0.0000000E+00  0.0000000E+00  0.0000000E+00  0.2227201    
 day               7         300           2           1           2        1975          12                     1 hru0012           0.0000000E+00   88.78291       482.0690       3328.428       6079.040       232.8162       71.02634       17.75658      0.0000000E+00  0.0000000E+00  0.0000000E+00  0.2227202    
 day               8         450           2           1           2        1975          12                     1 hru0012           0.0000000E+00   133.1750       723.2516       4992.637       9118.561       349.1719       106.5400       26.63500      0.0000000E+00  0.0000000E+00  0.0000000E+00  0.2227202    
 day               9         600           2           1           2        1975          12                     1 hru0012           0.0000000E+00   133.2350       737.1882       4992.173       9118.570       344.2308       106.5880       26.64699      0.0000000E+00  0.0000000E+00  0.0000000E+00  0.2227202    
 day              10         750           2           1           2        1975          12                     1 hru0012           0.0000000E+00   133.2817       748.1359       4991.814       9118.577       340.3331       106.6253       26.65633      0.0000000E+00  0.0000000E+00  0.0000000E+00  0.2227202    
 day              11         900           2           1           2        1975          12                     1 hru0012           0.0000000E+00   100.2152       562.7825       3645.658       6856.232       255.7897       80.17218       20.04304      0.0000000E+00  0.0000000E+00  0.0000000E+00  0.2105279    
 day              12        1050           2           1           2        1975          12                     1 hru0012           0.0000000E+00   47.23936       265.2599       1642.365       3231.891       120.5739       37.79149       9.447870      0.0000000E+00  0.0000000E+00  0.0000000E+00  0.1907999    
 day              13        1200           2           1           2        1975          12                     1 hru0012           0.0000000E+00   47.23925       265.2355       1642.366       3231.891       120.5825       37.79140       9.447849      0.0000000E+00  0.0000000E+00  0.0000000E+00  0.1907999    
 day              14        1500           2           1           2        1975          12                     1 hru0012           0.0000000E+00   94.47813       530.4088       3284.729       6463.774       241.1862       75.58250       18.89562      0.0000000E+00  0.0000000E+00  0.0000000E+00  0.1907998    
 day              15        1800           2           1           2        1975          12                     1 hru0012           0.0000000E+00   94.47785       530.3455       3284.732       6463.774       241.2084       75.58228       18.89557      0.0000000E+00  0.0000000E+00  0.0000000E+00  0.1907998    
 day              16        2000           2           1           2        1975          12                     1 hru0012           0.0000000E+00   62.98517       353.5374       2189.823       4309.186       160.8150       50.38814       12.59703      0.0000000E+00  0.0000000E+00  0.0000000E+00  0.1907998    
 day              -1          -1           2           1           2        1975          12                     1 hru0012           0.0000000E+00   1513.879       8395.418       54465.34       101379.4       3837.406       1217.648       296.2311      0.0000000E+00  0.0000000E+00  0.0000000E+00  1.6844732E-03
