 demo                      SWAT+ 2026-07-13        MODULAR Rev 2026.cb442f7c05fc3bfc34349c446010f452d2737c
 freq       soil_lyr  soil_depth        jday         mon         day          yr        unit                gis_id    name          tot_pool_n      residue_n   structural_n    metabolic_n           hs_n           hp_n    microbial_n       lignin_n    nonlignin_n        water_n       manure_n     tot_pool_p      residue_p   structural_p    metabolic_p           hs_p           hp_p    microbial_p       lignin_p    nonlignin_p        water_p       manure_p
                              mm                                                                                                         kg/ha          kg/ha          kg/ha          kg/ha          kg/ha          kg/ha          kg/ha          kg/ha          kg/ha          kg/ha          kg/ha          kg/ha          kg/ha          kg/ha          kg/ha          kg/ha          kg/ha          kg/ha          kg/ha          kg/ha          kg/ha          kg/ha
 day               1          10           1           1           1        1975           1                     1 hru0001            226.5762      0.0000000E+00   1.695611       20.85496       70.06118       127.9835       5.980976       1.282004      9.9792019E-02  0.0000000E+00  0.0000000E+00   27.69501      0.0000000E+00  0.1696060       2.099998       8.757369       16.07553      0.5925149      0.1259551      1.2224523E-02  0.0000000E+00  0.0000000E+00
 day               2          25           1           1           1        1975           1                     1 hru0001            323.1992      0.0000000E+00  0.3980591       16.31811       105.1008       191.9753       9.407002      0.2062888      0.1496880      0.0000000E+00  0.0000000E+00   39.85406      0.0000000E+00  3.9819345E-02   1.647870       13.13606       24.14155      0.8887724      1.7260894E-02  1.8336784E-02  0.0000000E+00  0.0000000E+00
 day               3          50           1           1           1        1975           1                     1 hru0001            538.6691      0.0000000E+00  0.6634303       27.19518       175.1680       319.9587       15.68371      0.3438146      0.2494801      0.0000000E+00  0.0000000E+00   66.42492      0.0000000E+00  6.6365577E-02   2.746449       21.89342       40.23740       1.481287      2.8768156E-02  3.0561309E-02  0.0000000E+00  0.0000000E+00
 day               4         100           1           1           1        1975           1                     1 hru0001            813.3858      0.0000000E+00  0.4719895       39.73844       265.2087       484.4270       23.53975      9.4430037E-02  0.3777201      0.0000000E+00  0.0000000E+00   100.3739      0.0000000E+00  4.7215018E-02   4.013277       33.14729       60.92339       2.242712      9.4430032E-04  4.6270717E-02  0.0000000E+00  0.0000000E+00
 day               5         150           1           1           1        1975           1                     1 hru0001            813.2242      0.0000000E+00  0.4719884       39.73557       265.2077       484.4269       23.38202      9.4430037E-02  0.3777201      0.0000000E+00  0.0000000E+00   100.3766      0.0000000E+00  4.7215018E-02   4.013277       33.14729       60.92609       2.242712      9.4430032E-04  4.6270717E-02  0.0000000E+00  0.0000000E+00
 day               6         200           1           1           1        1975           1                     1 hru0001            484.3512      0.0000000E+00  0.2811529       23.66770       157.9782       288.5630       13.86104      5.6250017E-02  0.2250001      0.0000000E+00  0.0000000E+00   59.79408      0.0000000E+00  2.8125007E-02   2.390626       19.74515       36.29424       1.335938      5.6250015E-04  2.7562506E-02  0.0000000E+00  0.0000000E+00
 day               7         300           1           1           1        1975           1                     1 hru0001            968.5093      0.0000000E+00  0.5623046       47.33249       315.9545       577.1260       27.53402      0.1125000      0.4500001      0.0000000E+00  0.0000000E+00   119.5909      0.0000000E+00  5.6250013E-02   4.781251       39.49030       72.59122       2.671875      1.1250003E-03  5.5125013E-02  0.0000000E+00  0.0000000E+00
 day               8         450           1           1           1        1975           1                     1 hru0001            1452.501      0.0000000E+00  0.8434598       71.00603       473.9274       865.6888       41.03548      0.1687500      0.6750002      0.0000000E+00  0.0000000E+00   179.3795      0.0000000E+00  8.4375024E-02   7.171877       59.23546       108.8800       4.007812      1.6875004E-03  8.2687527E-02  0.0000000E+00  0.0000000E+00
 day               9         600           1           1           1        1975           1                     1 hru0001            1452.288      0.0000000E+00  0.8435873       71.31891       473.9065       865.6882       40.53046      0.1687500      0.6750002      0.0000000E+00  0.0000000E+00   179.0858      0.0000000E+00  8.4375024E-02   7.171877       59.23546       108.5863       4.007812      1.6875004E-03  8.2687527E-02  0.0000000E+00  0.0000000E+00
 day              10         750           1           1           1        1975           1                     1 hru0001            1452.219      0.0000000E+00  0.8436856       71.56017       473.8922       865.6878       40.23541      0.1687500      0.6750002      0.0000000E+00  0.0000000E+00   178.8593      0.0000000E+00  8.4375024E-02   7.171877       59.23546       108.3598       4.007812      1.6875004E-03  8.2687527E-02  0.0000000E+00  0.0000000E+00
 day              11         900           1           1           1        1975           1                     1 hru0001            1083.115      0.0000000E+00  0.6352051       53.88315       346.5531       651.7678       30.27556      0.1270503      0.5082010      0.0000000E+00  0.0000000E+00   133.3752      0.0000000E+00  6.3525118E-02   5.399635       43.31840       81.57620       3.017442      1.2705023E-03  6.2254615E-02  0.0000000E+00  0.0000000E+00
 day              12        1050           1           1           1        1975           1                     1 hru0001            504.2520      0.0000000E+00  0.2999786       25.44626       156.4110       307.8005       14.29419      6.0000110E-02  0.2400004      0.0000000E+00  0.0000000E+00   62.08039      0.0000000E+00  3.0000053E-02   2.550004       19.55103       38.52435       1.425002      6.0000108E-04  2.9400053E-02  0.0000000E+00  0.0000000E+00
 day              13        1200           1           1           1        1975           1                     1 hru0001            504.2488      0.0000000E+00  0.2999785       25.44591       156.4109       307.8005       14.29154      6.0000110E-02  0.2400004      0.0000000E+00  0.0000000E+00   62.08070      0.0000000E+00  3.0000053E-02   2.550004       19.55103       38.52467       1.425002      6.0000108E-04  2.9400053E-02  0.0000000E+00  0.0000000E+00
 day              14        1500           1           1           1        1975           1                     1 hru0001            1008.490      0.0000000E+00  0.5999573       50.89100       312.8219       615.6017       28.57558      0.1200004      0.4800014      0.0000000E+00  0.0000000E+00   124.1624      0.0000000E+00  6.0000174E-02   5.100015       39.10210       77.05023       2.850007      1.2000034E-03  5.8800172E-02  0.0000000E+00  0.0000000E+00
 day              15        1800           1           1           1        1975           1                     1 hru0001            1008.484      0.0000000E+00  0.5999569       50.89011       312.8217       615.6017       28.57089      0.1200004      0.4800014      0.0000000E+00  0.0000000E+00   124.1632      0.0000000E+00  6.0000174E-02   5.100015       39.10210       77.05105       2.850007      1.2000034E-03  5.8800172E-02  0.0000000E+00  0.0000000E+00
 day              16        2000           1           1           1        1975           1                     1 hru0001            672.3206      0.0000000E+00  0.3999709       33.92635       208.5476       410.4008       19.04580      8.0000184E-02  0.3200007      0.0000000E+00  0.0000000E+00   82.77573      0.0000000E+00  4.0000092E-02   3.400008       26.06805       51.36768       1.900004      8.0000184E-04  3.9200090E-02  0.0000000E+00  0.0000000E+00
 day              -1          -1           1           1           1        1975           1                     1 hru0001            13305.83      0.0000000E+00   9.910316       669.2103       4269.972       7980.498       376.2434       3.263019       6.222606      0.0000000E+00  0.0000000E+00   1640.072      0.0000000E+00  0.9912466       67.30805       533.7160       1001.110       36.94671      0.1862932      0.7622693      0.0000000E+00  0.0000000E+00
 day               1          10           1           1           1        1975           2                     1 hru0002            113.4086      0.0000000E+00  0.8449286       10.37969       35.08956       64.09949       2.994931      0.6386345      4.9980033E-02  0.0000000E+00  0.0000000E+00   13.86319      0.0000000E+00  8.4514938E-02   1.045092       4.386057       8.050772      0.2967563      6.2738895E-02  6.1225542E-03  0.0000000E+00  0.0000000E+00
 day               2          25           1           1           1        1975           2                     1 hru0002            161.8660      0.0000000E+00  0.2058270       8.164259       52.63878       96.14926       4.707844      0.1084889      7.4970052E-02  0.0000000E+00  0.0000000E+00   19.95930      0.0000000E+00  2.0589558E-02  0.8243585       6.579087       12.09013      0.4451345      9.1620684E-03  9.1838306E-03  0.0000000E+00  0.0000000E+00
 day               3          50           1           1           1        1975           2                     1 hru0002            269.7793      0.0000000E+00  0.3430439       13.60590       87.73138       160.2487       7.850270      0.1808149      0.1249500      0.0000000E+00  0.0000000E+00   33.26656      0.0000000E+00  3.4315929E-02   1.373930       10.96514       20.15128      0.7418907      1.5270113E-02  1.5306381E-02  0.0000000E+00  0.0000000E+00
 day               4         100           1           1           1        1975           2                     1 hru0002            1288.979      0.0000000E+00  0.7479731       62.97905       420.2811       767.6809       37.29050      0.1496451      0.5985806      0.0000000E+00  0.0000000E+00   159.0600      0.0000000E+00  7.4822575E-02   6.359919       52.52916       96.54204       3.554071      1.4964514E-03  7.3326126E-02  0.0000000E+00  0.0000000E+00
 day               5         150           1           1           1        1975           2                     1 hru0002            1288.727      0.0000000E+00  0.7479709       62.97372       420.2796       767.6809       37.04439      0.1496451      0.5985806      0.0000000E+00  0.0000000E+00   159.0650      0.0000000E+00  7.4822575E-02   6.359919       52.52916       96.54704       3.554071      1.4964514E-03  7.3326126E-02  0.0000000E+00  0.0000000E+00
 day               6         200           1           1           1        1975           2                     1 hru0002            565.0750      0.0000000E+00  0.3280122       27.61351       184.3078       336.6569       16.16871      6.5625019E-02  0.2625001      0.0000000E+00  0.0000000E+00   69.75864      0.0000000E+00  3.2812510E-02   2.789063       23.03601       42.34216       1.558594      6.5625017E-04  3.2156259E-02  0.0000000E+00  0.0000000E+00
 day               7         300           1           1           1        1975           2                     1 hru0002            1129.925      0.0000000E+00  0.6560230       55.22388       368.6134       673.3137       32.11851      0.1312500      0.5250002      0.0000000E+00  0.0000000E+00   139.5202      0.0000000E+00  6.5625019E-02   5.578126       46.07203       84.68726       3.117187      1.3125003E-03  6.4312518E-02  0.0000000E+00  0.0000000E+00
 day               8         450           1           1           1        1975           2                     1 hru0002            1694.583      0.0000000E+00  0.9840383       82.84483       552.9150       1009.970       47.86875      0.1968751      0.7875003      0.0000000E+00  0.0000000E+00   209.2719      0.0000000E+00  9.8437533E-02   8.367190       69.10803       127.0225       4.675781      1.9687505E-03  9.6468784E-02  0.0000000E+00  0.0000000E+00
 day               9         600           1           1           1        1975           2                     1 hru0002            1694.335      0.0000000E+00  0.9841864       83.20815       552.8907       1009.969       47.28243      0.1968751      0.7875003      0.0000000E+00  0.0000000E+00   208.9308      0.0000000E+00  9.8437533E-02   8.367190       69.10803       126.6814       4.675781      1.9687505E-03  9.6468784E-02  0.0000000E+00  0.0000000E+00
 day              10         750           1           1           1        1975           2                     1 hru0002            1694.256      0.0000000E+00  0.9843004       83.48802       552.8741       1009.969       46.94018      0.1968751      0.7875003      0.0000000E+00  0.0000000E+00   208.6682      0.0000000E+00  9.8437533E-02   8.367190       69.10803       126.4187       4.675781      1.9687505E-03  9.6468784E-02  0.0000000E+00  0.0000000E+00
 day              11         900           1           1           1        1975           2                     1 hru0002            1287.076      0.0000000E+00  0.7548207       64.03072       411.8123       774.5019       35.97598      0.1509750      0.6039001      0.0000000E+00  0.0000000E+00   158.4903      0.0000000E+00  7.5487517E-02   6.416439       51.47567       96.93700       3.585656      1.5097503E-03  7.3977768E-02  0.0000000E+00  0.0000000E+00
 day              12        1050           1           1           1        1975           2                     1 hru0002            614.5560      0.0000000E+00  0.3655985       31.01298       190.6255       375.1312       17.42068      7.3124997E-02  0.2925000      0.0000000E+00  0.0000000E+00   75.65997      0.0000000E+00  3.6562499E-02   3.107812       23.82777       46.95110       1.736718      7.3124998E-04  3.5831250E-02  0.0000000E+00  0.0000000E+00
 day              13        1200           1           1           1        1975           2                     1 hru0002            614.5522      0.0000000E+00  0.3655983       31.01255       190.6254       375.1312       17.41748      7.3124997E-02  0.2925000      0.0000000E+00  0.0000000E+00   75.66036      0.0000000E+00  3.6562499E-02   3.107812       23.82777       46.95149       1.736718      7.3124998E-04  3.5831250E-02  0.0000000E+00  0.0000000E+00
 day              14        1500           1           1           1        1975           2                     1 hru0002            1229.098      0.0000000E+00  0.7311984       62.02419       381.2517       750.2648       34.82598      0.1462505      0.5850018      0.0000000E+00  0.0000000E+00   151.3222      0.0000000E+00  7.3125236E-02   6.215645       47.65570       93.90430       3.473447      1.4625047E-03  7.1662731E-02  0.0000000E+00  0.0000000E+00
 day              15        1800           1           1           1        1975           2                     1 hru0002            1229.091      0.0000000E+00  0.7311980       62.02301       381.2516       750.2648       34.82035      0.1462505      0.5850018      0.0000000E+00  0.0000000E+00   151.3233      0.0000000E+00  7.3125236E-02   6.215645       47.65570       93.90538       3.473447      1.4625047E-03  7.1662731E-02  0.0000000E+00  0.0000000E+00
 day              16        2000           1           1           1        1975           2                     1 hru0002            819.3904      0.0000000E+00  0.4874644       41.34811       254.1673       500.1758       23.21181      9.7500168E-02  0.3900006      0.0000000E+00  0.0000000E+00   100.8825      0.0000000E+00  4.8750080E-02   4.143757       31.77042       62.60395       2.315628      9.7500160E-04  4.7775079E-02  0.0000000E+00  0.0000000E+00
 day              -1          -1           1           1           1        1975           2                     1 hru0002            15694.70      0.0000000E+00   10.26218       781.9326       5037.355       9421.208       443.9388       2.701955       7.345967      0.0000000E+00  0.0000000E+00   1934.703      0.0000000E+00   1.026429       78.63908       629.6338       1181.787       43.61666      0.1049112      0.8998810      0.0000000E+00  0.0000000E+00
 day               1          10           1           1           1        1975           3                     1 hru0003            521.4407      0.0000000E+00   1.866922       35.31997       166.3067       303.7993       14.14792       1.316273      0.2368801      0.0000000E+00  0.0000000E+00   64.09576      0.0000000E+00  0.1867416       3.556558       20.78770       38.15829       1.406475      0.1262975      2.9017810E-02  0.0000000E+00  0.0000000E+00
 day               2          25           1           1           1        1975           3                     1 hru0003            766.0933      0.0000000E+00  0.6550081       37.95359       249.4815       455.6989       22.30433      0.2576933      0.3553202      0.0000000E+00  0.0000000E+00   94.49627      0.0000000E+00  6.5522924E-02   3.832710       31.18155       57.30678       2.109713      1.7774627E-02  4.3526720E-02  0.0000000E+00  0.0000000E+00
 day               3          50           1           1           1        1975           3                     1 hru0003            1276.831      0.0000000E+00   1.091678       63.25210       415.8027       759.4979       37.18634      0.4294888      0.5922000      0.0000000E+00  0.0000000E+00   157.4973      0.0000000E+00  0.1092049       6.387847       51.96923       95.51483       3.516186      2.9624376E-02  7.2544508E-02  0.0000000E+00  0.0000000E+00
 day               4         100           1           1           1        1975           3                     1 hru0003            1804.342      0.0000000E+00   1.047019       88.15222       588.3151       1074.609       52.21840      0.2094751      0.8379005      0.0000000E+00  0.0000000E+00   222.6604      0.0000000E+00  0.1047376       8.902692       73.53097       135.1470       4.975032      2.0947510E-03  0.1026428      0.0000000E+00  0.0000000E+00
 day               5         150           1           1           1        1975           3                     1 hru0003            1803.983      0.0000000E+00   1.047017       88.14587       588.3130       1074.609       51.86846      0.2094751      0.8379005      0.0000000E+00  0.0000000E+00   222.6664      0.0000000E+00  0.1047376       8.902692       73.53097       135.1529       4.975032      2.0947510E-03  0.1026428      0.0000000E+00  0.0000000E+00
 day               6         200           1           1           1        1975           3                     1 hru0003            484.3512      0.0000000E+00  0.2811529       23.66772       157.9782       288.5630       13.86101      5.6250017E-02  0.2250001      0.0000000E+00  0.0000000E+00   59.79406      0.0000000E+00  2.8125007E-02   2.390626       19.74515       36.29422       1.335938      5.6250015E-04  2.7562506E-02  0.0000000E+00  0.0000000E+00
 day               7         300           1           1           1        1975           3                     1 hru0003            968.5093      0.0000000E+00  0.5623046       47.33253       315.9545       577.1260       27.53394      0.1125000      0.4500001      0.0000000E+00  0.0000000E+00   119.5909      0.0000000E+00  5.6250013E-02   4.781251       39.49030       72.59118       2.671875      1.1250003E-03  5.5125013E-02  0.0000000E+00  0.0000000E+00
 day               8         450           1           1           1        1975           3                     1 hru0003            1452.501      0.0000000E+00  0.8434598       71.00611       473.9274       865.6888       41.03537      0.1687500      0.6750002      0.0000000E+00  0.0000000E+00   179.3794      0.0000000E+00  8.4375024E-02   7.171877       59.23546       108.8799       4.007812      1.6875004E-03  8.2687527E-02  0.0000000E+00  0.0000000E+00
 day               9         600           1           1           1        1975           3                     1 hru0003            1452.288      0.0000000E+00  0.8435873       71.31897       473.9065       865.6882       40.53040      0.1687500      0.6750002      0.0000000E+00  0.0000000E+00   179.0858      0.0000000E+00  8.4375024E-02   7.171877       59.23546       108.5862       4.007812      1.6875004E-03  8.2687527E-02  0.0000000E+00  0.0000000E+00
 day              10         750           1           1           1        1975           3                     1 hru0003            1452.219      0.0000000E+00  0.8436856       71.56020       473.8922       865.6878       40.23539      0.1687500      0.6750002      0.0000000E+00  0.0000000E+00   178.8593      0.0000000E+00  8.4375024E-02   7.171877       59.23546       108.3598       4.007812      1.6875004E-03  8.2687527E-02  0.0000000E+00  0.0000000E+00
 day              11         900           1           1           1        1975           3                     1 hru0003            1083.115      0.0000000E+00  0.6352051       53.88317       346.5531       651.7678       30.27554      0.1270503      0.5082010      0.0000000E+00  0.0000000E+00   133.3752      0.0000000E+00  6.3525118E-02   5.399635       43.31840       81.57618       3.017442      1.2705023E-03  6.2254615E-02  0.0000000E+00  0.0000000E+00
 day              12        1050           1           1           1        1975           3                     1 hru0003            504.2520      0.0000000E+00  0.2999786       25.44627       156.4110       307.8005       14.29418      6.0000110E-02  0.2400004      0.0000000E+00  0.0000000E+00   62.08038      0.0000000E+00  3.0000053E-02   2.550004       19.55103       38.52434       1.425002      6.0000108E-04  2.9400053E-02  0.0000000E+00  0.0000000E+00
 day              13        1200           1           1           1        1975           3                     1 hru0003            504.2488      0.0000000E+00  0.2999785       25.44592       156.4109       307.8005       14.29154      6.0000110E-02  0.2400004      0.0000000E+00  0.0000000E+00   62.08070      0.0000000E+00  3.0000053E-02   2.550004       19.55103       38.52466       1.425002      6.0000108E-04  2.9400053E-02  0.0000000E+00  0.0000000E+00
 day              14        1500           1           1           1        1975           3                     1 hru0003            1008.490      0.0000000E+00  0.5999573       50.89102       312.8219       615.6017       28.57557      0.1200004      0.4800014      0.0000000E+00  0.0000000E+00   124.1623      0.0000000E+00  6.0000174E-02   5.100015       39.10210       77.05022       2.850007      1.2000034E-03  5.8800172E-02  0.0000000E+00  0.0000000E+00
 day              15        1800           1           1           1        1975           3                     1 hru0003            1008.484      0.0000000E+00  0.5999569       50.89012       312.8217       615.6017       28.57088      0.1200004      0.4800014      0.0000000E+00  0.0000000E+00   124.1632      0.0000000E+00  6.0000174E-02   5.100015       39.10210       77.05103       2.850007      1.2000034E-03  5.8800172E-02  0.0000000E+00  0.0000000E+00
 day              16        2000           1           1           1        1975           3                     1 hru0003            672.3206      0.0000000E+00  0.3999709       33.92636       208.5476       410.4008       19.04579      8.0000184E-02  0.3200007      0.0000000E+00  0.0000000E+00   82.77573      0.0000000E+00  4.0000092E-02   3.400008       26.06805       51.36766       1.900004      8.0000184E-04  3.9200090E-02  0.0000000E+00  0.0000000E+00
 day              -1          -1           1           1           1        1975           3                     1 hru0003            16763.47      0.0000000E+00   11.91688       838.1921       5397.444       10039.94       475.9751       3.664457       7.828407      0.0000000E+00  0.0000000E+00   2066.763      0.0000000E+00   1.191970       84.36967       674.6350       1260.085       46.48115      0.1903065      0.9589798      0.0000000E+00  0.0000000E+00
 day               1          10           1           1           1        1975           4                     1 hru0004            483.6276      0.0000000E+00   1.844949       33.46498       153.9643       281.2528       13.10060       1.311875      0.2193001      0.0000000E+00  0.0000000E+00   59.42779      0.0000000E+00  0.1845438       3.369769       19.24494       35.32644       1.302094      0.1262533      2.6864259E-02  0.0000000E+00  0.0000000E+00
 day               2          25           1           1           1        1975           4                     1 hru0004            709.2971      0.0000000E+00  0.6220518       35.17907       230.9663       421.8793       20.65038      0.2510969      0.3289501      0.0000000E+00  0.0000000E+00   87.48901      0.0000000E+00  6.2226191E-02   3.552527       28.86742       53.05371       1.953141      1.7708315E-02  4.0296391E-02  0.0000000E+00  0.0000000E+00
 day               3          50           1           1           1        1975           4                     1 hru0004            1182.171      0.0000000E+00   1.036751       58.62823       384.9442       703.1324       34.42886      0.4184949      0.5482504      0.0000000E+00  0.0000000E+00   145.8184      0.0000000E+00  0.1037103       5.920880       48.11237       88.42616       3.255236      2.9513856E-02  6.7160673E-02  0.0000000E+00  0.0000000E+00
 day               4         100           1           1           1        1975           4                     1 hru0004            1821.526      0.0000000E+00   1.056991       88.99180       593.9181       1084.844       52.71563      0.2114701      0.8458804      0.0000000E+00  0.0000000E+00   224.7809      0.0000000E+00  0.1057351       8.987480       74.23126       136.4340       5.022414      2.1147011E-03  0.1036204      0.0000000E+00  0.0000000E+00
 day               5         150           1           1           1        1975           4                     1 hru0004            1821.164      0.0000000E+00   1.056988       88.98540       593.9159       1084.844       52.36234      0.2114701      0.8458804      0.0000000E+00  0.0000000E+00   224.7870      0.0000000E+00  0.1057351       8.987480       74.23126       136.4401       5.022414      2.1147011E-03  0.1036204      0.0000000E+00  0.0000000E+00
 day               6         200           1           1           1        1975           4                     1 hru0004            500.4963      0.0000000E+00  0.2905247       24.45667       163.2442       298.1819       14.32300      5.8125027E-02  0.2325001      0.0000000E+00  0.0000000E+00   61.78720      0.0000000E+00  2.9062513E-02   2.470314       20.40333       37.50402       1.380469      5.8125023E-04  2.8481264E-02  0.0000000E+00  0.0000000E+00
 day               7         300           1           1           1        1975           4                     1 hru0004            1000.794      0.0000000E+00  0.5810487       48.91038       326.4866       596.3641       28.45168      0.1162501      0.4650006      0.0000000E+00  0.0000000E+00   123.5773      0.0000000E+00  5.8125071E-02   4.940631       40.80669       75.01091       2.760940      1.1625014E-03  5.6962568E-02  0.0000000E+00  0.0000000E+00
 day               8         450           1           1           1        1975           4                     1 hru0004            1500.919      0.0000000E+00  0.8715763       73.37318       489.7255       894.5462       42.40312      0.1743753      0.6975011      0.0000000E+00  0.0000000E+00   185.3589      0.0000000E+00  8.7187633E-02   7.410948       61.21004       112.5093       4.141411      1.7437526E-03  8.5443877E-02  0.0000000E+00  0.0000000E+00
 day               9         600           1           1           1        1975           4                     1 hru0004            1500.699      0.0000000E+00  0.8717080       73.69643       489.7040       894.5455       41.88138      0.1743753      0.6975011      0.0000000E+00  0.0000000E+00   185.0554      0.0000000E+00  8.7187633E-02   7.410948       61.21004       112.2058       4.141411      1.7437526E-03  8.5443877E-02  0.0000000E+00  0.0000000E+00
 day              10         750           1           1           1        1975           4                     1 hru0004            1500.628      0.0000000E+00  0.8718095       73.94566       489.6892       894.5450       41.57658      0.1743753      0.6975011      0.0000000E+00  0.0000000E+00   184.8215      0.0000000E+00  8.7187633E-02   7.410948       61.21004       111.9719       4.141411      1.7437526E-03  8.5443877E-02  0.0000000E+00  0.0000000E+00
 day              11         900           1           1           1        1975           4                     1 hru0004            1104.215      0.0000000E+00  0.6475796       54.93290       353.3043       664.4648       30.86531      0.1295253      0.5181012      0.0000000E+00  0.0000000E+00   135.9734      0.0000000E+00  6.4762652E-02   5.504826       44.16228       83.16534       3.076225      1.2952531E-03  6.3467398E-02  0.0000000E+00  0.0000000E+00
 day              12        1050           1           1           1        1975           4                     1 hru0004            504.2519      0.0000000E+00  0.2999786       25.44628       156.4110       307.8005       14.29417      6.0000110E-02  0.2400004      0.0000000E+00  0.0000000E+00   62.08037      0.0000000E+00  3.0000053E-02   2.550004       19.55103       38.52433       1.425002      6.0000108E-04  2.9400053E-02  0.0000000E+00  0.0000000E+00
 day              13        1200           1           1           1        1975           4                     1 hru0004            504.2488      0.0000000E+00  0.2999785       25.44593       156.4109       307.8005       14.29153      6.0000110E-02  0.2400004      0.0000000E+00  0.0000000E+00   62.08069      0.0000000E+00  3.0000053E-02   2.550004       19.55103       38.52465       1.425002      6.0000108E-04  2.9400053E-02  0.0000000E+00  0.0000000E+00
 day              14        1500           1           1           1        1975           4                     1 hru0004            1008.490      0.0000000E+00  0.5999573       50.89104       312.8219       615.6017       28.57555      0.1200004      0.4800014      0.0000000E+00  0.0000000E+00   124.1623      0.0000000E+00  6.0000174E-02   5.100015       39.10210       77.05019       2.850007      1.2000034E-03  5.8800172E-02  0.0000000E+00  0.0000000E+00
 day              15        1800           1           1           1        1975           4                     1 hru0004            1008.484      0.0000000E+00  0.5999569       50.89014       312.8217       615.6017       28.57086      0.1200004      0.4800014      0.0000000E+00  0.0000000E+00   124.1631      0.0000000E+00  6.0000174E-02   5.100015       39.10210       77.05102       2.850007      1.2000034E-03  5.8800172E-02  0.0000000E+00  0.0000000E+00
 day              16        2000           1           1           1        1975           4                     1 hru0004            672.3206      0.0000000E+00  0.3999709       33.92637       208.5476       410.4008       19.04579      8.0000184E-02  0.3200007      0.0000000E+00  0.0000000E+00   82.77571      0.0000000E+00  4.0000092E-02   3.400008       26.06805       51.36765       1.900004      8.0000184E-04  3.9200090E-02  0.0000000E+00  0.0000000E+00
 day              -1          -1           1           1           1        1975           4                     1 hru0004            16823.33      0.0000000E+00   11.95182       841.1645       5416.876       10075.80       477.5368       3.671435       7.856371      0.0000000E+00  0.0000000E+00   2074.139      0.0000000E+00   1.195464       84.66679       677.0640       1264.566       46.64719      0.1903751      0.9624053      0.0000000E+00  0.0000000E+00
 day               1          10           1           1           1        1975           5                     1 hru0005            616.5284      0.0000000E+00   1.922165       39.98464       197.3439       360.4962       16.78159       1.327323      0.2810882      0.0000000E+00  0.0000000E+00   75.83421      0.0000000E+00  0.1922674       4.026268       24.66723       45.27948       1.668960      0.1264078      3.4433298E-02  0.0000000E+00  0.0000000E+00
 day               2          25           1           1           1        1975           5                     1 hru0005            908.9176      0.0000000E+00  0.7378668       44.93058       296.0414       540.7444       26.46345      0.2742686      0.4216322      0.0000000E+00  0.0000000E+00   112.1173      0.0000000E+00  7.3811598E-02   4.537275       37.00085       68.00189       2.503440      1.7940132E-02  5.1649947E-02  0.0000000E+00  0.0000000E+00
 day               3          50           1           1           1        1975           5                     1 hru0005            1514.873      0.0000000E+00   1.229775       74.87971       493.4024       901.2402       44.12046      0.4571142      0.7027201      0.0000000E+00  0.0000000E+00   186.8662      0.0000000E+00  0.1230193       7.562122       61.66805       113.3406       4.172400      2.9900219E-02  8.6083211E-02  0.0000000E+00  0.0000000E+00
 day               4         100           1           1           1        1975           5                     1 hru0005            1773.547      0.0000000E+00   1.029149       86.64774       578.2741       1056.269       51.32712      0.2059000      0.8235998      0.0000000E+00  0.0000000E+00   218.8602      0.0000000E+00  0.1029500       8.750749       72.27600       132.8404       4.890122      2.0589996E-03  0.1008910      0.0000000E+00  0.0000000E+00
 day               5         150           1           1           1        1975           5                     1 hru0005            1773.195      0.0000000E+00   1.029147       86.64150       578.2721       1056.269       50.98313      0.2059000      0.8235998      0.0000000E+00  0.0000000E+00   218.8660      0.0000000E+00  0.1029500       8.750749       72.27600       132.8462       4.890122      2.0589996E-03  0.1008910      0.0000000E+00  0.0000000E+00
 day               6         200           1           1           1        1975           5                     1 hru0005            490.8091      0.0000000E+00  0.2849016       23.98330       160.0846       292.4105       14.04579      5.7000011E-02  0.2280000      0.0000000E+00  0.0000000E+00   60.59130      0.0000000E+00  2.8500006E-02   2.422500       20.00842       36.77813       1.353750      5.7000009E-04  2.7930006E-02  0.0000000E+00  0.0000000E+00
 day               7         300           1           1           1        1975           5                     1 hru0005            981.4222      0.0000000E+00  0.5698017       47.96365       320.1671       584.8207       27.90099      0.1140000      0.4559999      0.0000000E+00  0.0000000E+00   121.1853      0.0000000E+00  5.6999989E-02   4.844999       40.01683       73.55899       2.707499      1.1399997E-03  5.5859990E-02  0.0000000E+00  0.0000000E+00
 day               8         450           1           1           1        1975           5                     1 hru0005            1471.869      0.0000000E+00  0.8547066       71.95298       480.2467       877.2320       41.58244      0.1710002      0.6840006      0.0000000E+00  0.0000000E+00   181.7712      0.0000000E+00  8.5500084E-02   7.267507       60.02531       110.3316       4.061253      1.7100016E-03  8.3790079E-02  0.0000000E+00  0.0000000E+00
 day               9         600           1           1           1        1975           5                     1 hru0005            1471.653      0.0000000E+00  0.8548357       72.26999       480.2256       877.2314       41.07077      0.1710002      0.6840006      0.0000000E+00  0.0000000E+00   181.4736      0.0000000E+00  8.5500084E-02   7.267507       60.02531       110.0341       4.061253      1.7100016E-03  8.3790079E-02  0.0000000E+00  0.0000000E+00
 day              10         750           1           1           1        1975           5                     1 hru0005            1471.583      0.0000000E+00  0.8549353       72.51441       480.2111       877.2309       40.77185      0.1710002      0.6840006      0.0000000E+00  0.0000000E+00   181.2442      0.0000000E+00  8.5500084E-02   7.267507       60.02531       109.8046       4.061253      1.7100016E-03  8.3790079E-02  0.0000000E+00  0.0000000E+00
 day              11         900           1           1           1        1975           5                     1 hru0005            1094.133      0.0000000E+00  0.6401544       54.30303       351.8321       656.8461       30.51143      0.1280402      0.5121607      0.0000000E+00  0.0000000E+00   134.7370      0.0000000E+00  6.4020082E-02   5.441707       43.97827       82.21203       3.040953      1.2804016E-03  6.2739678E-02  0.0000000E+00  0.0000000E+00
 day              12        1050           1           1           1        1975           5                     1 hru0005            507.2729      0.0000000E+00  0.2999786       25.44628       159.4319       307.8005       14.29419      6.0000110E-02  0.2400004      0.0000000E+00  0.0000000E+00   62.45829      0.0000000E+00  3.0000053E-02   2.550004       19.92865       38.52464       1.425002      6.0000108E-04  2.9400053E-02  0.0000000E+00  0.0000000E+00
 day              13        1200           1           1           1        1975           5                     1 hru0005            507.2698      0.0000000E+00  0.2999785       25.44593       159.4318       307.8005       14.29155      6.0000110E-02  0.2400004      0.0000000E+00  0.0000000E+00   62.45861      0.0000000E+00  3.0000053E-02   2.550004       19.92865       38.52496       1.425002      6.0000108E-04  2.9400053E-02  0.0000000E+00  0.0000000E+00
 day              14        1500           1           1           1        1975           5                     1 hru0005            1014.532      0.0000000E+00  0.5999573       50.89103       318.8638       615.6017       28.57559      0.1200004      0.4800014      0.0000000E+00  0.0000000E+00   124.9182      0.0000000E+00  6.0000174E-02   5.100015       39.85735       77.05081       2.850007      1.2000034E-03  5.8800172E-02  0.0000000E+00  0.0000000E+00
 day              15        1800           1           1           1        1975           5                     1 hru0005            1014.526      0.0000000E+00  0.5999569       50.89014       318.8636       615.6017       28.57090      0.1200004      0.4800014      0.0000000E+00  0.0000000E+00   124.9190      0.0000000E+00  6.0000174E-02   5.100015       39.85735       77.05164       2.850007      1.2000034E-03  5.8800172E-02  0.0000000E+00  0.0000000E+00
 day              16        2000           1           1           1        1975           5                     1 hru0005            676.3486      0.0000000E+00  0.3999709       33.92636       212.5756       410.4008       19.04581      8.0000184E-02  0.3200007      0.0000000E+00  0.0000000E+00   83.27962      0.0000000E+00  4.0000092E-02   3.400008       26.57155       51.36806       1.900004      8.0000184E-04  3.9200090E-02  0.0000000E+00  0.0000000E+00
 day              -1          -1           1           1           1        1975           5                     1 hru0005            17288.48      0.0000000E+00   12.20728       862.6713       5585.268       10338.00       490.3371       3.722548       8.060806      0.0000000E+00  0.0000000E+00   2131.580      0.0000000E+00   1.221019       86.83893       698.1111       1297.548       47.86103      0.1908866      0.9874488      0.0000000E+00  0.0000000E+00
 day               1          10           1           1           1        1975           6                     1 hru0006            595.5355      0.0000000E+00   1.909964       38.95478       190.4917       347.9789       16.20014       1.324880      0.2713282      0.0000000E+00  0.0000000E+00   73.24265      0.0000000E+00  0.1910470       3.922566       23.81073       43.70730       1.611010      0.1263831      3.3237699E-02  0.0000000E+00  0.0000000E+00
 day               2          25           1           1           1        1975           6                     1 hru0006            877.1616      0.0000000E+00  0.7195673       43.39021       285.7609       521.9683       25.32273      0.2706041      0.4069921      0.0000000E+00  0.0000000E+00   108.2270      0.0000000E+00  7.1981020E-02   4.381721       35.71609       65.64066       2.416515      1.7903086E-02  4.9856536E-02  0.0000000E+00  0.0000000E+00
 day               3          50           1           1           1        1975           6                     1 hru0006            1461.812      0.0000000E+00   1.199276       72.31261       476.2675       869.9469       42.08591      0.4510067      0.6783201      0.0000000E+00  0.0000000E+00   180.3823      0.0000000E+00  0.1199684       7.302868       59.52680       109.4051       4.027524      2.9838473E-02  8.3094209E-02  0.0000000E+00  0.0000000E+00
 day               4         100           1           1           1        1975           6                     1 hru0006            2039.772      0.0000000E+00   1.183998       99.68498       665.2780       1215.197       58.42830      0.2368801      0.9475206      0.0000000E+00  0.0000000E+00   251.7904      0.0000000E+00  0.1184401       10.06741       83.15082       152.8278       5.625902      2.3688015E-03  0.1160713      0.0000000E+00  0.0000000E+00
 day               5         150           1           1           1        1975           6                     1 hru0006            2039.531      0.0000000E+00   1.183995       99.67783       665.2760       1215.197       58.19645      0.2368801      0.9475206      0.0000000E+00  0.0000000E+00   251.7971      0.0000000E+00  0.1184401       10.06741       83.15082       152.8345       5.625902      2.3688015E-03  0.1160713      0.0000000E+00  0.0000000E+00
 day               6         200           1           1           1        1975           6                     1 hru0006            500.4089      0.0000000E+00  0.2905247       24.45668       163.2433       298.1818       14.23668      5.8125027E-02  0.2325001      0.0000000E+00  0.0000000E+00   61.78719      0.0000000E+00  2.9062513E-02   2.470314       20.40333       37.50401       1.380469      5.8125023E-04  2.8481264E-02  0.0000000E+00  0.0000000E+00
 day               7         300           1           1           1        1975           6                     1 hru0006            1000.682      0.0000000E+00  0.5810487       48.91042       326.4850       596.3641       28.34145      0.1162501      0.4650006      0.0000000E+00  0.0000000E+00   123.5773      0.0000000E+00  5.8125071E-02   4.940631       40.80669       75.01087       2.760940      1.1625014E-03  5.6962568E-02  0.0000000E+00  0.0000000E+00
 day               8         450           1           1           1        1975           6                     1 hru0006            1500.822      0.0000000E+00  0.8715763       73.37327       489.7237       894.5461       42.30762      0.1743753      0.6975011      0.0000000E+00  0.0000000E+00   185.3588      0.0000000E+00  8.7187633E-02   7.410948       61.21004       112.5092       4.141411      1.7437526E-03  8.5443877E-02  0.0000000E+00  0.0000000E+00
 day               9         600           1           1           1        1975           6                     1 hru0006            1500.663      0.0000000E+00  0.8717080       73.69650       489.7032       894.5455       41.84661      0.1743753      0.6975011      0.0000000E+00  0.0000000E+00   185.0554      0.0000000E+00  8.7187633E-02   7.410948       61.21004       112.2058       4.141411      1.7437526E-03  8.5443877E-02  0.0000000E+00  0.0000000E+00
 day              10         750           1           1           1        1975           6                     1 hru0006            1500.619      0.0000000E+00  0.8718095       73.94569       489.6889       894.5450       41.56699      0.1743753      0.6975011      0.0000000E+00  0.0000000E+00   184.8214      0.0000000E+00  8.7187633E-02   7.410948       61.21004       111.9718       4.141411      1.7437526E-03  8.5443877E-02  0.0000000E+00  0.0000000E+00
 day              11         900           1           1           1        1975           6                     1 hru0006            1104.210      0.0000000E+00  0.6475796       54.93291       353.3041       664.4648       30.86040      0.1295253      0.5181012      0.0000000E+00  0.0000000E+00   135.9734      0.0000000E+00  6.4762652E-02   5.504826       44.16228       83.16532       3.076225      1.2952531E-03  6.3467398E-02  0.0000000E+00  0.0000000E+00
 day              12        1050           1           1           1        1975           6                     1 hru0006            504.2502      0.0000000E+00  0.2999786       25.44629       156.4109       307.8005       14.29245      6.0000110E-02  0.2400004      0.0000000E+00  0.0000000E+00   62.08036      0.0000000E+00  3.0000053E-02   2.550004       19.55103       38.52432       1.425002      6.0000108E-04  2.9400053E-02  0.0000000E+00  0.0000000E+00
 day              13        1200           1           1           1        1975           6                     1 hru0006            504.2475      0.0000000E+00  0.2999785       25.44594       156.4108       307.8005       14.29019      6.0000110E-02  0.2400004      0.0000000E+00  0.0000000E+00   62.08068      0.0000000E+00  3.0000053E-02   2.550004       19.55103       38.52464       1.425002      6.0000108E-04  2.9400053E-02  0.0000000E+00  0.0000000E+00
 day              14        1500           1           1           1        1975           6                     1 hru0006            1008.488      0.0000000E+00  0.5999573       50.89106       312.8218       615.6017       28.57384      0.1200004      0.4800014      0.0000000E+00  0.0000000E+00   124.1623      0.0000000E+00  6.0000174E-02   5.100015       39.10210       77.05018       2.850007      1.2000034E-03  5.8800172E-02  0.0000000E+00  0.0000000E+00
 day              15        1800           1           1           1        1975           6                     1 hru0006            1008.483      0.0000000E+00  0.5999569       50.89016       312.8217       615.6017       28.56972      0.1200004      0.4800014      0.0000000E+00  0.0000000E+00   124.1631      0.0000000E+00  6.0000174E-02   5.100015       39.10210       77.05100       2.850007      1.2000034E-03  5.8800172E-02  0.0000000E+00  0.0000000E+00
 day              16        2000           1           1           1        1975           6                     1 hru0006            672.3200      0.0000000E+00  0.3999709       33.92638       208.5476       410.4008       19.04519      8.0000184E-02  0.3200007      0.0000000E+00  0.0000000E+00   82.77570      0.0000000E+00  4.0000092E-02   3.400008       26.06805       51.36765       1.900004      8.0000184E-04  3.9200090E-02  0.0000000E+00  0.0000000E+00
 day              -1          -1           1           1           1        1975           6                     1 hru0006            17819.01      0.0000000E+00   12.53089       889.9357       5742.235       10670.14       504.1647       3.787278       8.319791      0.0000000E+00  0.0000000E+00   2197.275      0.0000000E+00   1.253390       89.59062       717.7320       1339.300       49.39875      0.1915325       1.019174      0.0000000E+00  0.0000000E+00
 day               1          10           1           1           1        1975           7                     1 hru0007            210.5390      0.0000000E+00   1.686295       20.06824       64.82655       118.4212       5.536789       1.280141      9.2336014E-02  0.0000000E+00  0.0000000E+00   25.71523      0.0000000E+00  0.1686742       2.020779       8.103061       14.87447      0.5482450      0.1259366      1.1311162E-02  0.0000000E+00  0.0000000E+00
 day               2          25           1           1           1        1975           7                     1 hru0007            299.0329      0.0000000E+00  0.3840865       15.14139       97.24770       177.6317       8.627950      0.2034950      0.1385040      0.0000000E+00  0.0000000E+00   36.88216      0.0000000E+00  3.8421620E-02   1.529040       12.15459       22.33775      0.8223675      1.7233156E-02  1.6966745E-02  0.0000000E+00  0.0000000E+00
 day               3          50           1           1           1        1975           7                     1 hru0007            498.3451      0.0000000E+00  0.6401430       25.23412       162.0793       296.0530       14.33857      0.3391583      0.2308401      0.0000000E+00  0.0000000E+00   61.47168      0.0000000E+00  6.4036049E-02   2.548402       20.25765       37.23097       1.370613      2.8721921E-02  2.8277917E-02  0.0000000E+00  0.0000000E+00
 day               4         100           1           1           1        1975           7                     1 hru0007            724.1409      0.0000000E+00  0.4203317       35.38919       236.1807       431.4079       20.74275      8.4094964E-02  0.3363799      0.0000000E+00  0.0000000E+00   89.38828      0.0000000E+00  4.2047482E-02   3.574036       29.51942       54.25552       1.997255      8.4094959E-04  4.1206531E-02  0.0000000E+00  0.0000000E+00
 day               5         150           1           1           1        1975           7                     1 hru0007            724.0553      0.0000000E+00  0.4203307       35.38663       236.1800       431.4079       20.66048      8.4094964E-02  0.3363799      0.0000000E+00  0.0000000E+00   89.39069      0.0000000E+00  4.2047482E-02   3.574036       29.51942       54.25793       1.997255      8.4094959E-04  4.1206531E-02  0.0000000E+00  0.0000000E+00
 day               6         200           1           1           1        1975           7                     1 hru0007            484.2667      0.0000000E+00  0.2811529       23.66769       157.9773       288.5630       13.77754      5.6250017E-02  0.2250001      0.0000000E+00  0.0000000E+00   59.79409      0.0000000E+00  2.8125007E-02   2.390626       19.74515       36.29425       1.335938      5.6250015E-04  2.7562506E-02  0.0000000E+00  0.0000000E+00
 day               7         300           1           1           1        1975           7                     1 hru0007            968.4011      0.0000000E+00  0.5623046       47.33246       315.9529       577.1260       27.42742      0.1125000      0.4500001      0.0000000E+00  0.0000000E+00   119.5909      0.0000000E+00  5.6250013E-02   4.781251       39.49030       72.59125       2.671875      1.1250003E-03  5.5125013E-02  0.0000000E+00  0.0000000E+00
 day               8         450           1           1           1        1975           7                     1 hru0007            1452.407      0.0000000E+00  0.8434598       71.00597       473.9256       865.6887       40.94322      0.1687500      0.6750002      0.0000000E+00  0.0000000E+00   179.3796      0.0000000E+00  8.4375024E-02   7.171877       59.23546       108.8800       4.007812      1.6875004E-03  8.2687527E-02  0.0000000E+00  0.0000000E+00
 day               9         600           1           1           1        1975           7                     1 hru0007            1452.253      0.0000000E+00  0.8435873       71.31887       473.9058       865.6881       40.49691      0.1687500      0.6750002      0.0000000E+00  0.0000000E+00   179.0858      0.0000000E+00  8.4375024E-02   7.171877       59.23546       108.5863       4.007812      1.6875004E-03  8.2687527E-02  0.0000000E+00  0.0000000E+00
 day              10         750           1           1           1        1975           7                     1 hru0007            1452.210      0.0000000E+00  0.8436856       71.56016       473.8920       865.6878       40.22618      0.1687500      0.6750002      0.0000000E+00  0.0000000E+00   178.8593      0.0000000E+00  8.4375024E-02   7.171877       59.23546       108.3598       4.007812      1.6875004E-03  8.2687527E-02  0.0000000E+00  0.0000000E+00
 day              11         900           1           1           1        1975           7                     1 hru0007            1083.110      0.0000000E+00  0.6352051       53.88314       346.5529       651.7678       30.27077      0.1270503      0.5082010      0.0000000E+00  0.0000000E+00   133.3752      0.0000000E+00  6.3525118E-02   5.399635       43.31840       81.57622       3.017442      1.2705023E-03  6.2254615E-02  0.0000000E+00  0.0000000E+00
 day              12        1050           1           1           1        1975           7                     1 hru0007            504.2501      0.0000000E+00  0.2999786       25.44625       156.4109       307.8005       14.29248      6.0000110E-02  0.2400004      0.0000000E+00  0.0000000E+00   62.08039      0.0000000E+00  3.0000053E-02   2.550004       19.55103       38.52436       1.425002      6.0000108E-04  2.9400053E-02  0.0000000E+00  0.0000000E+00
 day              13        1200           1           1           1        1975           7                     1 hru0007            504.2474      0.0000000E+00  0.2999785       25.44590       156.4108       307.8005       14.29022      6.0000110E-02  0.2400004      0.0000000E+00  0.0000000E+00   62.08071      0.0000000E+00  3.0000053E-02   2.550004       19.55103       38.52468       1.425002      6.0000108E-04  2.9400053E-02  0.0000000E+00  0.0000000E+00
 day              14        1500           1           1           1        1975           7                     1 hru0007            1008.488      0.0000000E+00  0.5999573       50.89099       312.8218       615.6017       28.57390      0.1200004      0.4800014      0.0000000E+00  0.0000000E+00   124.1624      0.0000000E+00  6.0000174E-02   5.100015       39.10210       77.05025       2.850007      1.2000034E-03  5.8800172E-02  0.0000000E+00  0.0000000E+00
 day              15        1800           1           1           1        1975           7                     1 hru0007            1008.483      0.0000000E+00  0.5999569       50.89009       312.8217       615.6017       28.56977      0.1200004      0.4800014      0.0000000E+00  0.0000000E+00   124.1632      0.0000000E+00  6.0000174E-02   5.100015       39.10210       77.05106       2.850007      1.2000034E-03  5.8800172E-02  0.0000000E+00  0.0000000E+00
 day              16        2000           1           1           1        1975           7                     1 hru0007            672.3200      0.0000000E+00  0.3999709       33.92634       208.5476       410.4008       19.04522      8.0000184E-02  0.3200007      0.0000000E+00  0.0000000E+00   82.77574      0.0000000E+00  4.0000092E-02   3.400008       26.06805       51.36768       1.900004      8.0000184E-04  3.9200090E-02  0.0000000E+00  0.0000000E+00
 day              -1          -1           1           1           1        1975           7                     1 hru0007            13046.55      0.0000000E+00   9.760425       656.5875       4185.734       7826.647       367.8202       3.233036       6.102646      0.0000000E+00  0.0000000E+00   1608.195      0.0000000E+00  0.9762525       66.03348       523.1887       981.7626       36.23445      0.1859941      0.7475741      0.0000000E+00  0.0000000E+00
 day               1          10           1           1           1        1975           8                     1 hru0008            74.56658      0.0000000E+00   1.607227       13.39771       20.44445       37.34648       1.770730       1.264282      2.9120008E-02  0.0000000E+00  0.0000000E+00   8.929299      0.0000000E+00  0.1607653       1.349087       2.555461       4.691086      0.1729000      0.1257730      3.5672009E-03  0.0000000E+00  0.0000000E+00
 day               2          25           1           1           1        1975           8                     1 hru0008            94.85022      0.0000000E+00  0.2655024       5.164281       30.66904       56.01971       2.731683      0.1797136      4.3680020E-02  0.0000000E+00  0.0000000E+00   11.68478      0.0000000E+00  2.6559200E-02  0.5215096       3.833193       7.044170      0.2593500      1.6988557E-02  5.3508026E-03  0.0000000E+00  0.0000000E+00
 day               3          50           1           1           1        1975           8                     1 hru0008            158.0690      0.0000000E+00  0.4425030       8.606622       51.11499       93.36619       4.538693      0.2995226      7.2800010E-02  0.0000000E+00  0.0000000E+00   19.47505      0.0000000E+00  4.4265326E-02  0.8691825       6.388653       11.74070      0.4322499      2.8314261E-02  8.9180013E-03  0.0000000E+00  0.0000000E+00
 day               4         100           1           1           1        1975           8                     1 hru0008            1228.142      0.0000000E+00  0.7128826       60.02044       400.5623       731.6675       35.17884      0.1426250      0.5705000      0.0000000E+00  0.0000000E+00   151.6021      0.0000000E+00  7.1312502E-02   6.061563       50.06492       92.01698       3.387343      1.4262500E-03  6.9886252E-02  0.0000000E+00  0.0000000E+00
 day               5         150           1           1           1        1975           8                     1 hru0008            1227.997      0.0000000E+00  0.7128809       60.01634       400.5611       731.6675       35.03892      0.1426250      0.5705000      0.0000000E+00  0.0000000E+00   151.6060      0.0000000E+00  7.1312502E-02   6.061563       50.06492       92.02082       3.387343      1.4262500E-03  6.9886252E-02  0.0000000E+00  0.0000000E+00
 day               6         200           1           1           1        1975           8                     1 hru0008            500.4087      0.0000000E+00  0.2905248       24.45698       163.2432       298.1818       14.23616      5.8125027E-02  0.2325001      0.0000000E+00  0.0000000E+00   61.78690      0.0000000E+00  2.9062513E-02   2.470314       20.40333       37.50373       1.380469      5.8125023E-04  2.8481264E-02  0.0000000E+00  0.0000000E+00
 day               7         300           1           1           1        1975           8                     1 hru0008            1000.682      0.0000000E+00  0.5810490       48.91124       326.4849       596.3641       28.34023      0.1162501      0.4650006      0.0000000E+00  0.0000000E+00   123.5765      0.0000000E+00  5.8125071E-02   4.940631       40.80669       75.01010       2.760940      1.1625014E-03  5.6962568E-02  0.0000000E+00  0.0000000E+00
 day               8         450           1           1           1        1975           8                     1 hru0008            1500.822      0.0000000E+00  0.8715770       73.37495       489.7235       894.5461       42.30559      0.1743753      0.6975011      0.0000000E+00  0.0000000E+00   185.3572      0.0000000E+00  8.7187633E-02   7.410948       61.21004       112.5076       4.141411      1.7437526E-03  8.5443877E-02  0.0000000E+00  0.0000000E+00
 day               9         600           1           1           1        1975           8                     1 hru0008            1500.663      0.0000000E+00  0.8717085       73.69768       489.7031       894.5455       41.84537      0.1743753      0.6975011      0.0000000E+00  0.0000000E+00   185.0543      0.0000000E+00  8.7187633E-02   7.410948       61.21004       112.2047       4.141411      1.7437526E-03  8.5443877E-02  0.0000000E+00  0.0000000E+00
 day              10         750           1           1           1        1975           8                     1 hru0008            1500.619      0.0000000E+00  0.8718098       73.94623       489.6889       894.5450       41.56650      0.1743753      0.6975011      0.0000000E+00  0.0000000E+00   184.8210      0.0000000E+00  8.7187633E-02   7.410948       61.21004       111.9714       4.141411      1.7437526E-03  8.5443877E-02  0.0000000E+00  0.0000000E+00
 day              11         900           1           1           1        1975           8                     1 hru0008            1188.604      0.0000000E+00  0.6970741       59.13186       380.3070       715.2498       33.21869      0.1394249      0.5576996      0.0000000E+00  0.0000000E+00   146.3654      0.0000000E+00  6.9712453E-02   5.925559       47.53760       89.52123       3.311340      1.3942490E-03  6.8318203E-02  0.0000000E+00  0.0000000E+00
 day              12        1050           1           1           1        1975           8                     1 hru0008            598.7953      0.0000000E+00  0.3562237       30.21761       185.7374       365.5121       16.97206      7.1249917E-02  0.2849997      0.0000000E+00  0.0000000E+00   73.71999      0.0000000E+00  3.5624959E-02   3.028121       23.21678       45.74729       1.692185      7.1249914E-04  3.4912460E-02  0.0000000E+00  0.0000000E+00
 day              13        1200           1           1           1        1975           8                     1 hru0008            598.7921      0.0000000E+00  0.3562235       30.21720       185.7373       365.5120       16.96938      7.1249917E-02  0.2849997      0.0000000E+00  0.0000000E+00   73.72038      0.0000000E+00  3.5624959E-02   3.028121       23.21678       45.74767       1.692185      7.1249914E-04  3.4912460E-02  0.0000000E+00  0.0000000E+00
 day              14        1500           1           1           1        1975           8                     1 hru0008            1197.576      0.0000000E+00  0.7124470       60.43338       371.4746       731.0245       33.93102      0.1424999      0.5699997      0.0000000E+00  0.0000000E+00   147.4418      0.0000000E+00  7.1249962E-02   6.056247       46.43359       91.49636       3.384372      1.4249992E-03  6.9824964E-02  0.0000000E+00  0.0000000E+00
 day              15        1800           1           1           1        1975           8                     1 hru0008            1197.570      0.0000000E+00  0.7124466       60.43227       371.4744       731.0245       33.92618      0.1424999      0.5699997      0.0000000E+00  0.0000000E+00   147.4428      0.0000000E+00  7.1249962E-02   6.056247       46.43359       91.49738       3.384372      1.4249992E-03  6.9824964E-02  0.0000000E+00  0.0000000E+00
 day              16        2000           1           1           1        1975           8                     1 hru0008            798.3770      0.0000000E+00  0.4749636       40.28766       247.6493       487.3491       22.61593      9.4999842E-02  0.3799993      0.0000000E+00  0.0000000E+00   98.29554      0.0000000E+00  4.7499917E-02   4.037493       30.95569       60.99862       2.256246      9.4999833E-04  4.6549920E-02  0.0000000E+00  0.0000000E+00
 day              -1          -1           1           1           1        1975           8                     1 hru0008            14366.53      0.0000000E+00   10.53704       722.3124       4604.576       8623.922       405.1860       3.388194       6.724302      0.0000000E+00  0.0000000E+00   1770.879      0.0000000E+00   1.053928       72.63848       575.5413       1081.720       39.92553      0.1875225      0.8237269      0.0000000E+00  0.0000000E+00
 day               1          10           1           1           1        1975           9                     1 hru0009            644.7826      0.0000000E+00   1.938573       41.37066       206.5662       377.3430       17.56415       1.330601      0.2942241      0.0000000E+00  0.0000000E+00   79.32214      0.0000000E+00  0.1939087       4.165834       25.81999       47.39545       1.746955      0.1264401      3.6042448E-02  0.0000000E+00  0.0000000E+00
 day               2          25           1           1           1        1975           9                     1 hru0009            951.1138      0.0000000E+00  0.7624784       47.00370       309.8748       566.0146       27.45826      0.2791866      0.4413361      0.0000000E+00  0.0000000E+00   117.3531      0.0000000E+00  7.6273590E-02   4.746626       38.72998       71.17980       2.620432      1.7988598E-02  5.4063670E-02  0.0000000E+00  0.0000000E+00
 day               3          50           1           1           1        1975           9                     1 hru0009            1585.056      0.0000000E+00   1.270795       78.33474       516.4573       943.3575       45.63522      0.4653110      0.7355601      0.0000000E+00  0.0000000E+00   195.5929      0.0000000E+00  0.1271226       7.911043       64.54997       118.6374       4.367387      2.9980995E-02  9.0106115E-02  0.0000000E+00  0.0000000E+00
 day               4         100           1           1           1        1975           9                     1 hru0009            1504.771      0.0000000E+00  0.8734533       73.53918       490.7857       896.4697       43.10340      0.1747501      0.6990005      0.0000000E+00  0.0000000E+00   185.7496      0.0000000E+00  8.7375060E-02   7.426880       61.34164       112.7434       4.150314      1.7475012E-03  8.5627556E-02  0.0000000E+00  0.0000000E+00
 day               5         150           1           1           1        1975           9                     1 hru0009            1504.594      0.0000000E+00  0.8734512       73.53391       490.7843       896.4695       42.93235      0.1747501      0.6990005      0.0000000E+00  0.0000000E+00   185.7545      0.0000000E+00  8.7375060E-02   7.426880       61.34164       112.7483       4.150314      1.7475012E-03  8.5627556E-02  0.0000000E+00  0.0000000E+00
 day               6         200           1           1           1        1975           9                     1 hru0009            500.4089      0.0000000E+00  0.2905247       24.45670       163.2433       298.1818       14.23666      5.8125027E-02  0.2325001      0.0000000E+00  0.0000000E+00   61.78717      0.0000000E+00  2.9062513E-02   2.470314       20.40333       37.50399       1.380469      5.8125023E-04  2.8481264E-02  0.0000000E+00  0.0000000E+00
 day               7         300           1           1           1        1975           9                     1 hru0009            1000.682      0.0000000E+00  0.5810487       48.91047       326.4850       596.3641       28.34138      0.1162501      0.4650006      0.0000000E+00  0.0000000E+00   123.5772      0.0000000E+00  5.8125071E-02   4.940631       40.80669       75.01083       2.760940      1.1625014E-03  5.6962568E-02  0.0000000E+00  0.0000000E+00
 day               8         450           1           1           1        1975           9                     1 hru0009            1500.822      0.0000000E+00  0.8715764       73.37336       489.7236       894.5461       42.30751      0.1743753      0.6975011      0.0000000E+00  0.0000000E+00   185.3587      0.0000000E+00  8.7187633E-02   7.410948       61.21004       112.5091       4.141411      1.7437526E-03  8.5443877E-02  0.0000000E+00  0.0000000E+00
 day               9         600           1           1           1        1975           9                     1 hru0009            1500.663      0.0000000E+00  0.8717080       73.69656       489.7032       894.5455       41.84654      0.1743753      0.6975011      0.0000000E+00  0.0000000E+00   185.0553      0.0000000E+00  8.7187633E-02   7.410948       61.21004       112.2057       4.141411      1.7437526E-03  8.5443877E-02  0.0000000E+00  0.0000000E+00
 day              10         750           1           1           1        1975           9                     1 hru0009            1500.619      0.0000000E+00  0.8718096       73.94572       489.6889       894.5450       41.56697      0.1743753      0.6975011      0.0000000E+00  0.0000000E+00   184.8214      0.0000000E+00  8.7187633E-02   7.410948       61.21004       111.9718       4.141411      1.7437526E-03  8.5443877E-02  0.0000000E+00  0.0000000E+00
 day              11         900           1           1           1        1975           9                     1 hru0009            1104.210      0.0000000E+00  0.6475796       54.93294       353.3041       664.4648       30.86038      0.1295253      0.5181012      0.0000000E+00  0.0000000E+00   135.9734      0.0000000E+00  6.4762652E-02   5.504826       44.16228       83.16531       3.076225      1.2952531E-03  6.3467398E-02  0.0000000E+00  0.0000000E+00
 day              12        1050           1           1           1        1975           9                     1 hru0009            504.2502      0.0000000E+00  0.2999786       25.44630       156.4109       307.8005       14.29244      6.0000110E-02  0.2400004      0.0000000E+00  0.0000000E+00   62.08035      0.0000000E+00  3.0000053E-02   2.550004       19.55103       38.52431       1.425002      6.0000108E-04  2.9400053E-02  0.0000000E+00  0.0000000E+00
 day              13        1200           1           1           1        1975           9                     1 hru0009            504.2475      0.0000000E+00  0.2999785       25.44595       156.4108       307.8005       14.29018      6.0000110E-02  0.2400004      0.0000000E+00  0.0000000E+00   62.08067      0.0000000E+00  3.0000053E-02   2.550004       19.55103       38.52463       1.425002      6.0000108E-04  2.9400053E-02  0.0000000E+00  0.0000000E+00
 day              14        1500           1           1           1        1975           9                     1 hru0009            1008.488      0.0000000E+00  0.5999573       50.89108       312.8218       615.6017       28.57383      0.1200004      0.4800014      0.0000000E+00  0.0000000E+00   124.1623      0.0000000E+00  6.0000174E-02   5.100015       39.10210       77.05016       2.850007      1.2000034E-03  5.8800172E-02  0.0000000E+00  0.0000000E+00
 day              15        1800           1           1           1        1975           9                     1 hru0009            1008.483      0.0000000E+00  0.5999569       50.89018       312.8217       615.6017       28.56971      0.1200004      0.4800014      0.0000000E+00  0.0000000E+00   124.1631      0.0000000E+00  6.0000174E-02   5.100015       39.10210       77.05099       2.850007      1.2000034E-03  5.8800172E-02  0.0000000E+00  0.0000000E+00
 day              16        2000           1           1           1        1975           9                     1 hru0009            672.3200      0.0000000E+00  0.3999709       33.92639       208.5476       410.4008       19.04519      8.0000184E-02  0.3200007      0.0000000E+00  0.0000000E+00   82.77570      0.0000000E+00  4.0000092E-02   3.400008       26.06805       51.36764       1.900004      8.0000184E-04  3.9200090E-02  0.0000000E+00  0.0000000E+00
 day              -1          -1           1           1           1        1975           9                     1 hru0009            16995.51      0.0000000E+00   12.05284       849.6978       5473.629       10179.51       480.6242       3.691627       7.937231      0.0000000E+00  0.0000000E+00   2095.608      0.0000000E+00   1.205569       85.52592       684.1600       1277.589       47.12729      0.1905749      0.9723107      0.0000000E+00  0.0000000E+00
 day               1          10           1           1           1        1975          10                     1 hru0010            533.4426      0.0000000E+00   1.873868       35.90867       170.2242       310.9555       14.48034       1.317647      0.2424600      0.0000000E+00  0.0000000E+00   65.57738      0.0000000E+00  0.1874365       3.615836       21.27737       39.05713       1.439606      0.1263093      2.9701356E-02  0.0000000E+00  0.0000000E+00
 day               2          25           1           1           1        1975          10                     1 hru0010            783.9203      0.0000000E+00  0.6654304       38.83416       255.3573       466.4333       22.63013      0.2597565      0.3636901      0.0000000E+00  0.0000000E+00   96.72037      0.0000000E+00  6.6565506E-02   3.921631       31.91606       58.65670       2.159409      1.7792620E-02  4.4552039E-02  0.0000000E+00  0.0000000E+00
 day               3          50           1           1           1        1975          10                     1 hru0010            1306.423      0.0000000E+00   1.109048       64.71967       425.5948       777.3887       37.61062      0.4329274      0.6061500      0.0000000E+00  0.0000000E+00   161.2042      0.0000000E+00  0.1109425       6.536049       53.19343       97.76475       3.599015      2.9654365E-02  7.4253380E-02  0.0000000E+00  0.0000000E+00
 day               4         100           1           1           1        1975          10                     1 hru0010            1481.779      0.0000000E+00  0.8601074       72.41563       483.2867       882.7719       42.44455      0.1720800      0.6883200      0.0000000E+00  0.0000000E+00   182.9113      0.0000000E+00  8.6040005E-02   7.313400       60.40436       111.0206       4.086899      1.7208001E-03  8.4319204E-02  0.0000000E+00  0.0000000E+00
 day               5         150           1           1           1        1975          10                     1 hru0010            1481.604      0.0000000E+00  0.8601053       72.41053       483.2853       882.7718       42.27598      0.1720800      0.6883200      0.0000000E+00  0.0000000E+00   182.9161      0.0000000E+00  8.6040005E-02   7.313400       60.40436       111.0254       4.086899      1.7208001E-03  8.4319204E-02  0.0000000E+00  0.0000000E+00
 day               6         200           1           1           1        1975          10                     1 hru0010            500.4089      0.0000000E+00  0.2905248       24.45679       163.2432       298.1818       14.23650      5.8125027E-02  0.2325001      0.0000000E+00  0.0000000E+00   61.78709      0.0000000E+00  2.9062513E-02   2.470314       20.40333       37.50391       1.380469      5.8125023E-04  2.8481264E-02  0.0000000E+00  0.0000000E+00
 day               7         300           1           1           1        1975          10                     1 hru0010            1000.682      0.0000000E+00  0.5810488       48.91071       326.4850       596.3641       28.34101      0.1162501      0.4650006      0.0000000E+00  0.0000000E+00   123.5770      0.0000000E+00  5.8125071E-02   4.940631       40.80669       75.01060       2.760940      1.1625014E-03  5.6962568E-02  0.0000000E+00  0.0000000E+00
 day               8         450           1           1           1        1975          10                     1 hru0010            1500.822      0.0000000E+00  0.8715766       73.37386       489.7236       894.5461       42.30691      0.1743753      0.6975011      0.0000000E+00  0.0000000E+00   185.3582      0.0000000E+00  8.7187633E-02   7.410948       61.21004       112.5086       4.141411      1.7437526E-03  8.5443877E-02  0.0000000E+00  0.0000000E+00
 day               9         600           1           1           1        1975          10                     1 hru0010            1500.663      0.0000000E+00  0.8717082       73.69691       489.7032       894.5455       41.84617      0.1743753      0.6975011      0.0000000E+00  0.0000000E+00   185.0550      0.0000000E+00  8.7187633E-02   7.410948       61.21004       112.2054       4.141411      1.7437526E-03  8.5443877E-02  0.0000000E+00  0.0000000E+00
 day              10         750           1           1           1        1975          10                     1 hru0010            1500.618      0.0000000E+00  0.8718096       73.94588       489.6889       894.5450       41.56683      0.1743753      0.6975011      0.0000000E+00  0.0000000E+00   184.8213      0.0000000E+00  8.7187633E-02   7.410948       61.21004       111.9717       4.141411      1.7437526E-03  8.5443877E-02  0.0000000E+00  0.0000000E+00
 day              11         900           1           1           1        1975          10                     1 hru0010            1126.712      0.0000000E+00  0.6607765       56.05252       360.5040       678.0057       31.48918      0.1321649      0.5286595      0.0000000E+00  0.0000000E+00   138.7442      0.0000000E+00  6.6082433E-02   5.617007       45.06225       84.85999       3.138915      1.3216486E-03  6.4760782E-02  0.0000000E+00  0.0000000E+00
 day              12        1050           1           1           1        1975          10                     1 hru0010            529.4608      0.0000000E+00  0.3149765       26.71858       164.2309       323.1894       15.00696      6.2999889E-02  0.2519996      0.0000000E+00  0.0000000E+00   65.18408      0.0000000E+00  3.1499945E-02   2.677495       20.52851       40.45033       1.496247      6.2999886E-04  3.0869946E-02  0.0000000E+00  0.0000000E+00
 day              13        1200           1           1           1        1975          10                     1 hru0010            529.4579      0.0000000E+00  0.3149763       26.71821       164.2308       323.1893       15.00459      6.2999889E-02  0.2519996      0.0000000E+00  0.0000000E+00   65.18442      0.0000000E+00  3.1499945E-02   2.677495       20.52851       40.45066       1.496247      6.2999886E-04  3.0869946E-02  0.0000000E+00  0.0000000E+00
 day              14        1500           1           1           1        1975          10                     1 hru0010            1058.906      0.0000000E+00  0.6299515       53.43543       328.4609       646.3779       30.00227      0.1259996      0.5039985      0.0000000E+00  0.0000000E+00   130.3695      0.0000000E+00  6.2999807E-02   5.354983       41.05696       80.90208       2.992490      1.2599961E-03  6.1739810E-02  0.0000000E+00  0.0000000E+00
 day              15        1800           1           1           1        1975          10                     1 hru0010            1058.901      0.0000000E+00  0.6299511       53.43447       328.4608       646.3779       29.99796      0.1259996      0.5039985      0.0000000E+00  0.0000000E+00   130.3704      0.0000000E+00  6.2999807E-02   5.354983       41.05696       80.90295       2.992490      1.2599961E-03  6.1739810E-02  0.0000000E+00  0.0000000E+00
 day              16        2000           1           1           1        1975          10                     1 hru0010            705.9327      0.0000000E+00  0.4199675       35.62260       218.9740       430.9189       19.99732      8.3999805E-02  0.3359992      0.0000000E+00  0.0000000E+00   86.91402      0.0000000E+00  4.1999903E-02   3.569991       27.37133       53.93571       1.994995      8.3999801E-04  4.1159905E-02  0.0000000E+00  0.0000000E+00
 day              -1          -1           1           1           1        1975          10                     1 hru0010            16599.73      0.0000000E+00   11.82583       830.6546       5341.454       9946.562       469.2373       3.646156       7.755598      0.0000000E+00  0.0000000E+00   2046.694      0.0000000E+00   1.182857       83.59607       667.6402       1248.226       46.04885      0.1901146      0.9500609      0.0000000E+00  0.0000000E+00
 day               1          10           1           1           1        1975          11                     1 hru0011            711.7273      0.0000000E+00   1.977400       44.65455       228.4174       417.2596       19.41833       1.338329      0.3253480      0.0000000E+00  0.0000000E+00   87.58635      0.0000000E+00  0.1977924       4.496506       28.55131       52.40899       1.931753      0.1265125      3.9855130E-02  0.0000000E+00  0.0000000E+00
 day               2          25           1           1           1        1975          11                     1 hru0011            1051.641      0.0000000E+00  0.8207243       51.91556       342.6542       625.8892       30.36099      0.2907847      0.4880219      0.0000000E+00  0.0000000E+00   129.7588      0.0000000E+00  8.2100138E-02   5.242638       42.82695       78.70943       2.897629      1.8097971E-02  5.9782688E-02  0.0000000E+00  0.0000000E+00
 day               3          50           1           1           1        1975          11                     1 hru0011            1752.586      0.0000000E+00   1.367871       86.52081       571.0897       1043.149       50.45934      0.4846411      0.8133699      0.0000000E+00  0.0000000E+00   216.2693      0.0000000E+00  0.1368336       8.737730       71.37825       131.1871       4.829382      3.0163284E-02  9.9637814E-02  0.0000000E+00  0.0000000E+00
 day               4         100           1           1           1        1975          11                     1 hru0011            1346.932      0.0000000E+00  0.7818352       65.82591       439.3062       802.4371       38.58129      0.1564202      0.6256809      0.0000000E+00  0.0000000E+00   166.2655      0.0000000E+00  7.8210115E-02   6.647860       54.90739       100.9171       3.714979      1.5642022E-03  7.6645911E-02  0.0000000E+00  0.0000000E+00
 day               5         150           1           1           1        1975          11                     1 hru0011            1346.773      0.0000000E+00  0.7818334       65.82147       439.3049       802.4370       38.42774      0.1564202      0.6256809      0.0000000E+00  0.0000000E+00   166.2697      0.0000000E+00  7.8210115E-02   6.647860       54.90739       100.9213       3.714979      1.5642022E-03  7.6645911E-02  0.0000000E+00  0.0000000E+00
 day               6         200           1           1           1        1975          11                     1 hru0011            574.6625      0.0000000E+00  0.3336348       28.08614       187.4663       342.4280       16.34848      6.6749997E-02  0.2670000      0.0000000E+00  0.0000000E+00   70.95517      0.0000000E+00  3.3374999E-02   2.836875       23.43091       43.06870       1.585312      6.6749996E-04  3.2707497E-02  0.0000000E+00  0.0000000E+00
 day               7         300           1           1           1        1975          11                     1 hru0011            1149.168      0.0000000E+00  0.6672683       56.16918       374.9306       684.8558       32.54519      0.1335000      0.5339999      0.0000000E+00  0.0000000E+00   141.9132      0.0000000E+00  6.6749983E-02   5.673749       46.86180       86.14030       3.170623      1.3349996E-03  6.5414980E-02  0.0000000E+00  0.0000000E+00
 day               8         450           1           1           1        1975          11                     1 hru0011            1723.521      0.0000000E+00   1.000906       84.26315       562.3912       1027.283       48.58253      0.2002499      0.8009998      0.0000000E+00  0.0000000E+00   212.8610      0.0000000E+00  0.1001250       8.510623       70.29270       129.2016       4.755935      2.0024993E-03  9.8122470E-02  0.0000000E+00  0.0000000E+00
 day               9         600           1           1           1        1975          11                     1 hru0011            1723.339      0.0000000E+00   1.001057       84.63364       562.3677       1027.283       48.05426      0.2002499      0.8009998      0.0000000E+00  0.0000000E+00   212.5133      0.0000000E+00  0.1001250       8.510623       70.29270       128.8539       4.755935      2.0024993E-03  9.8122470E-02  0.0000000E+00  0.0000000E+00
 day              10         750           1           1           1        1975          11                     1 hru0011            1723.288      0.0000000E+00   1.001173       84.91889       562.3514       1027.282       47.73421      0.2002499      0.8009998      0.0000000E+00  0.0000000E+00   212.2455      0.0000000E+00  0.1001250       8.510623       70.29270       128.5861       4.755935      2.0024993E-03  9.8122470E-02  0.0000000E+00  0.0000000E+00
 day              11         900           1           1           1        1975          11                     1 hru0011            1308.169      0.0000000E+00  0.7671944       65.08018       418.5630       787.1982       36.56013      0.1534500      0.6137999      0.0000000E+00  0.0000000E+00   161.0886      0.0000000E+00  7.6724984E-02   6.521623       52.31951       98.52626       3.644435      1.5344997E-03  7.5190485E-02  0.0000000E+00  0.0000000E+00
 day              12        1050           1           1           1        1975          11                     1 hru0011            624.0087      0.0000000E+00  0.3712232       31.49004       193.5582       380.9026       17.68665      7.4250035E-02  0.2970001      0.0000000E+00  0.0000000E+00   76.82406      0.0000000E+00  3.7125014E-02   3.155626       24.19436       47.67351       1.763438      7.4250024E-04  3.6382515E-02  0.0000000E+00  0.0000000E+00
 day              13        1200           1           1           1        1975          11                     1 hru0011            624.0054      0.0000000E+00  0.3712230       31.48961       193.5582       380.9026       17.68386      7.4250035E-02  0.2970001      0.0000000E+00  0.0000000E+00   76.82446      0.0000000E+00  3.7125014E-02   3.155626       24.19436       47.67390       1.763438      7.4250024E-04  3.6382515E-02  0.0000000E+00  0.0000000E+00
 day              14        1500           1           1           1        1975          11                     1 hru0011            1248.002      0.0000000E+00  0.7424460       62.97815       387.1162       761.8056       35.35968      0.1485002      0.5940006      0.0000000E+00  0.0000000E+00   153.6500      0.0000000E+00  7.4250080E-02   6.311256       48.38876       95.34888       3.526878      1.4850015E-03  7.2765075E-02  0.0000000E+00  0.0000000E+00
 day              15        1800           1           1           1        1975          11                     1 hru0011            1247.996      0.0000000E+00  0.7424456       62.97698       387.1161       761.8056       35.35464      0.1485002      0.5940006      0.0000000E+00  0.0000000E+00   153.6511      0.0000000E+00  7.4250080E-02   6.311256       48.38876       95.34995       3.526878      1.4850015E-03  7.2765075E-02  0.0000000E+00  0.0000000E+00
 day              16        2000           1           1           1        1975          11                     1 hru0011            831.9956      0.0000000E+00  0.4949638       41.98418       258.0775       507.8708       23.56822      9.9000163E-02  0.3960007      0.0000000E+00  0.0000000E+00   102.4346      0.0000000E+00  4.9500082E-02   4.207507       32.25919       63.56713       2.351253      9.9000160E-04  4.8510078E-02  0.0000000E+00  0.0000000E+00
 day              -1          -1           1           1           1        1975          11                     1 hru0011            18987.82      0.0000000E+00   13.22320       948.8085       6108.269       11380.79       536.7256       3.925545       8.873903      0.0000000E+00  0.0000000E+00   2341.111      0.0000000E+00   1.322621       95.47797       763.4870       1428.134       52.68879      0.1928917       1.087053      0.0000000E+00  0.0000000E+00
 day               1          10           1           1           1        1975          12                     1 hru0012            612.1920      0.0000000E+00   1.919614       39.77181       195.9285       357.9106       16.66148       1.326794      0.2790721      0.0000000E+00  0.0000000E+00   75.29888      0.0000000E+00  0.1920123       4.004837       24.49031       44.95473       1.656990      0.1264003      3.4186337E-02  0.0000000E+00  0.0000000E+00
 day               2          25           1           1           1        1975          12                     1 hru0012            902.1743      0.0000000E+00  0.7340453       44.61232       293.9169       536.8661       26.04495      0.2734783      0.4186082      0.0000000E+00  0.0000000E+00   111.3137      0.0000000E+00  7.3429309E-02   4.505133       36.73547       67.51414       2.485486      1.7929146E-02  5.1279511E-02  0.0000000E+00  0.0000000E+00
 day               3          50           1           1           1        1975          12                     1 hru0012            1503.496      0.0000000E+00   1.223406       74.34939       489.8607       894.7764       43.28614      0.4557971      0.6976802      0.0000000E+00  0.0000000E+00   185.5268      0.0000000E+00  0.1223821       7.508554       61.22577       112.5276       4.142475      2.9881906E-02  8.5465819E-02  0.0000000E+00  0.0000000E+00
 day               4         100           1           1           1        1975          12                     1 hru0012            1380.858      0.0000000E+00  0.8015276       67.48363       450.3712       822.6484       39.55365      0.1603601      0.6414403      0.0000000E+00  0.0000000E+00   170.4536      0.0000000E+00  8.0180027E-02   6.815302       56.29036       103.4592       3.808550      1.6036005E-03  7.8576423E-02  0.0000000E+00  0.0000000E+00
 day               5         150           1           1           1        1975          12                     1 hru0012            1380.695      0.0000000E+00  0.8015257       67.47890       450.3699       822.6483       39.39653      0.1603601      0.6414403      0.0000000E+00  0.0000000E+00   170.4581      0.0000000E+00  8.0180027E-02   6.815302       56.29036       103.4637       3.808550      1.6036005E-03  7.8576423E-02  0.0000000E+00  0.0000000E+00
 day               6         200           1           1           1        1975          12                     1 hru0012            510.0945      0.0000000E+00  0.2961480       24.93019       166.4029       303.9532       14.51199      5.9250057E-02  0.2370002      0.0000000E+00  0.0000000E+00   62.98296      0.0000000E+00  2.9625028E-02   2.518127       20.79824       38.22977       1.407188      5.9250055E-04  2.9032528E-02  0.0000000E+00  0.0000000E+00
 day               7         300           1           1           1        1975          12                     1 hru0012            1020.050      0.0000000E+00  0.5922949       49.85747       332.8040       607.9065       28.88940      0.1185001      0.4740005      0.0000000E+00  0.0000000E+00   125.9687      0.0000000E+00  5.9250068E-02   5.036255       41.59649       76.46231       2.814377      1.1850013E-03  5.8065068E-02  0.0000000E+00  0.0000000E+00
 day               8         450           1           1           1        1975          12                     1 hru0012            1529.870      0.0000000E+00  0.8884456       74.79419       499.2020       911.8596       43.12547      0.1777502      0.7110008      0.0000000E+00  0.0000000E+00   188.9455      0.0000000E+00  8.8875100E-02   7.554384       62.39474       114.6860       4.221566      1.7775020E-03  8.7097600E-02  0.0000000E+00  0.0000000E+00
 day               9         600           1           1           1        1975          12                     1 hru0012            1529.708      0.0000000E+00  0.8885797       75.12343       499.1811       911.8589       42.65593      0.1777502      0.7110008      0.0000000E+00  0.0000000E+00   188.6365      0.0000000E+00  8.8875100E-02   7.554384       62.39474       114.3769       4.221566      1.7775020E-03  8.7097600E-02  0.0000000E+00  0.0000000E+00
 day              10         750           1           1           1        1975          12                     1 hru0012            1529.662      0.0000000E+00  0.8886831       75.37714       499.1666       911.8585       42.37126      0.1777502      0.7110008      0.0000000E+00  0.0000000E+00   188.3983      0.0000000E+00  8.8875100E-02   7.554384       62.39474       114.1388       4.221566      1.7775020E-03  8.7097600E-02  0.0000000E+00  0.0000000E+00
 day              11         900           1           1           1        1975          12                     1 hru0012            1139.372      0.0000000E+00  0.6682009       56.68237       364.5545       685.6238       31.84295      0.1336499      0.5345994      0.0000000E+00  0.0000000E+00   140.3031      0.0000000E+00  6.6824928E-02   5.680119       45.56857       85.81343       3.174183      1.3364985E-03  6.5488428E-02  0.0000000E+00  0.0000000E+00
 day              12        1050           1           1           1        1975          12                     1 hru0012            529.4608      0.0000000E+00  0.3149765       26.71861       164.2309       323.1894       15.00694      6.2999889E-02  0.2519996      0.0000000E+00  0.0000000E+00   65.18406      0.0000000E+00  3.1499945E-02   2.677495       20.52851       40.45031       1.496247      6.2999886E-04  3.0869946E-02  0.0000000E+00  0.0000000E+00
 day              13        1200           1           1           1        1975          12                     1 hru0012            529.4579      0.0000000E+00  0.3149763       26.71824       164.2308       323.1893       15.00457      6.2999889E-02  0.2519996      0.0000000E+00  0.0000000E+00   65.18439      0.0000000E+00  3.1499945E-02   2.677495       20.52851       40.45064       1.496247      6.2999886E-04  3.0869946E-02  0.0000000E+00  0.0000000E+00
 day              14        1500           1           1           1        1975          12                     1 hru0012            1058.906      0.0000000E+00  0.6299515       53.43548       328.4609       646.3779       30.00224      0.1259996      0.5039985      0.0000000E+00  0.0000000E+00   130.3695      0.0000000E+00  6.2999807E-02   5.354983       41.05696       80.90204       2.992490      1.2599961E-03  6.1739810E-02  0.0000000E+00  0.0000000E+00
 day              15        1800           1           1           1        1975          12                     1 hru0012            1058.901      0.0000000E+00  0.6299511       53.43452       328.4608       646.3779       29.99793      0.1259996      0.5039985      0.0000000E+00  0.0000000E+00   130.3704      0.0000000E+00  6.2999807E-02   5.354983       41.05696       80.90292       2.992490      1.2599961E-03  6.1739810E-02  0.0000000E+00  0.0000000E+00
 day              16        2000           1           1           1        1975          12                     1 hru0012            705.9328      0.0000000E+00  0.4199675       35.62263       218.9740       430.9189       19.99730      8.3999805E-02  0.3359992      0.0000000E+00  0.0000000E+00   86.91400      0.0000000E+00  4.1999903E-02   3.569991       27.37133       53.93569       1.994995      8.3999801E-04  4.1159905E-02  0.0000000E+00  0.0000000E+00
 day              -1          -1           1           1           1        1975          12                     1 hru0012            16920.83      0.0000000E+00   12.01229       846.3904       5446.116       10137.96       478.3488       3.683439       7.904838      0.0000000E+00  0.0000000E+00   2086.308      0.0000000E+00   1.201509       85.18172       680.7220       1272.268       46.93496      0.1904850      0.9683427      0.0000000E+00  0.0000000E+00
 day               1          10           2           1           2        1975           1                     1 hru0001            237.8729      0.0000000E+00   3.182861       30.58128       70.06344       127.9837       6.061553       2.472412      9.9792019E-02  0.0000000E+00  0.0000000E+00   28.90536      0.0000000E+00  0.3184069       3.091788       8.757369       16.14528      0.5925149      0.2449958      1.2224523E-02  0.0000000E+00  0.0000000E+00
 day               2          25           2           1           2        1975           1                     1 hru0001            324.1932      0.0000000E+00  0.5736402       16.65309       105.1122       191.9756       9.878693      0.3468940      0.1496880      0.0000000E+00  0.0000000E+00   40.04762      0.0000000E+00  5.7394989E-02   1.696174       13.13605       24.26923      0.8887724      3.1321410E-02  1.8336784E-02  0.0000000E+00  0.0000000E+00
 day               3          50           2           1           2        1975           1                     1 hru0001            540.3328      0.0000000E+00  0.9560617       27.75034       175.1872       319.9593       16.47981      0.5781565      0.2494801      0.0000000E+00  0.0000000E+00   66.75021      0.0000000E+00  9.5658325E-02   2.826956       21.89342       40.45289       1.481287      5.2202351E-02  3.0561309E-02  0.0000000E+00  0.0000000E+00
 day               4         100           2           1           2        1975           1                     1 hru0001            814.0527      0.0000000E+00  0.4718420       39.37990       265.2372       484.4279       24.53582      9.4430037E-02  0.3777201      0.0000000E+00  0.0000000E+00   100.7063      0.0000000E+00  4.7215018E-02   4.013277       33.14729       61.25583       2.242712      9.4430032E-04  4.6270717E-02  0.0000000E+00  0.0000000E+00
 day               5         150           2           1           2        1975           1                     1 hru0001            813.7498      0.0000000E+00  0.4718387       39.37177       265.2355       484.4278       24.24285      9.4430037E-02  0.3777201      0.0000000E+00  0.0000000E+00   100.7139      0.0000000E+00  4.7215018E-02   4.013277       33.14729       61.26337       2.242712      9.4430032E-04  4.6270717E-02  0.0000000E+00  0.0000000E+00
 day               6         200           2           1           2        1975           1                     1 hru0001            484.6039      0.0000000E+00  0.2810620       23.44690       157.9945       288.5636       14.31785      5.6250017E-02  0.2250001      0.0000000E+00  0.0000000E+00   59.99877      0.0000000E+00  2.8125007E-02   2.390626       19.74515       36.49893       1.335938      5.6250015E-04  2.7562506E-02  0.0000000E+00  0.0000000E+00
 day               7         300           2           1           2        1975           1                     1 hru0001            968.8413      0.0000000E+00  0.5621203       46.88447       315.9854       577.1270       28.28234      0.1125000      0.4500001      0.0000000E+00  0.0000000E+00   120.0062      0.0000000E+00  5.6250013E-02   4.781251       39.49030       73.00651       2.671875      1.1250003E-03  5.5125013E-02  0.0000000E+00  0.0000000E+00
 day               8         450           2           1           2        1975           1                     1 hru0001            1452.761      0.0000000E+00  0.8431826       70.33227       473.9701       865.6901       41.92521      0.1687500      0.6750002      0.0000000E+00  0.0000000E+00   180.0041      0.0000000E+00  8.4375024E-02   7.171877       59.23546       109.5046       4.007812      1.6875004E-03  8.2687527E-02  0.0000000E+00  0.0000000E+00
 day               9         600           2           1           2        1975           1                     1 hru0001            1452.357      0.0000000E+00  0.8434297       70.93423       473.9289       865.6888       40.96141      0.1687500      0.6750002      0.0000000E+00  0.0000000E+00   179.4444      0.0000000E+00  8.4375024E-02   7.171877       59.23546       108.9449       4.007812      1.6875004E-03  8.2687527E-02  0.0000000E+00  0.0000000E+00
 day              10         750           2           1           2        1975           1                     1 hru0001            1452.226      0.0000000E+00  0.8436224       71.40537       473.9006       865.6880       40.38833      0.1687500      0.6750002      0.0000000E+00  0.0000000E+00   179.0042      0.0000000E+00  8.4375024E-02   7.171877       59.23546       108.5047       4.007812      1.6875004E-03  8.2687527E-02  0.0000000E+00  0.0000000E+00
 day              11         900           2           1           2        1975           1                     1 hru0001            1083.109      0.0000000E+00  0.6351596       53.77160       346.5589       651.7679       30.37483      0.1270503      0.5082010      0.0000000E+00  0.0000000E+00   133.4787      0.0000000E+00  6.3525118E-02   5.399635       43.31840       81.67965       3.017442      1.2705023E-03  6.2254615E-02  0.0000000E+00  0.0000000E+00
 day              12        1050           2           1           2        1975           1                     1 hru0001            504.2450      0.0000000E+00  0.2999568       25.39284       156.4137       307.8006       14.33789      6.0000110E-02  0.2400004      0.0000000E+00  0.0000000E+00   62.12921      0.0000000E+00  3.0000053E-02   2.550004       19.55103       38.57318       1.425002      6.0000108E-04  2.9400053E-02  0.0000000E+00  0.0000000E+00
 day              13        1200           2           1           2        1975           1                     1 hru0001            504.2387      0.0000000E+00  0.2999564       25.39179       156.4136       307.8005       14.33289      6.0000110E-02  0.2400004      0.0000000E+00  0.0000000E+00   62.13017      0.0000000E+00  3.0000053E-02   2.550004       19.55103       38.57413       1.425002      6.0000108E-04  2.9400053E-02  0.0000000E+00  0.0000000E+00
 day              14        1500           2           1           2        1975           1                     1 hru0001            1008.461      0.0000000E+00  0.5999124       50.78103       312.8270       615.6017       28.65134      0.1200004      0.4800014      0.0000000E+00  0.0000000E+00   124.2629      0.0000000E+00  6.0000174E-02   5.100015       39.10210       77.15075       2.850007      1.2000034E-03  5.8800172E-02  0.0000000E+00  0.0000000E+00
 day              15        1800           2           1           2        1975           1                     1 hru0001            1008.449      0.0000000E+00  0.5999113       50.77839       312.8266       615.6017       28.64248      0.1200004      0.4800014      0.0000000E+00  0.0000000E+00   124.2653      0.0000000E+00  6.0000174E-02   5.100015       39.10210       77.15316       2.850007      1.2000034E-03  5.8800172E-02  0.0000000E+00  0.0000000E+00
 day              16        2000           2           1           2        1975           1                     1 hru0001            672.2952      0.0000000E+00  0.3999402       33.85114       208.5509       410.4009       19.09228      8.0000184E-02  0.3200007      0.0000000E+00  0.0000000E+00   82.84447      0.0000000E+00  4.0000092E-02   3.400008       26.06805       51.43641       1.900004      8.0000184E-04  3.9200090E-02  0.0000000E+00  0.0000000E+00
 day              -1          -1           2           1           2        1975           1                     1 hru0001            13321.79      0.0000000E+00   11.86450       676.7064       4270.206       7980.505       382.5056       4.828373       6.222606      0.0000000E+00  0.0000000E+00   1644.692      0.0000000E+00   1.186916       68.42866       533.7160       1004.413       36.94671      0.3428287      0.7622693      0.0000000E+00  0.0000000E+00
 day               1          10           2           1           2        1975           2                     1 hru0002            118.9500      0.0000000E+00   1.578482       15.14755       35.09066       64.09962       3.033709       1.225771      4.9980033E-02  0.0000000E+00  0.0000000E+00   14.45661      0.0000000E+00  0.1579070       1.531115       4.386058       8.084771      0.2967564      0.1214525      6.1225542E-03  0.0000000E+00  0.0000000E+00
 day               2          25           2           1           2        1975           2                     1 hru0002            162.3535      0.0000000E+00  0.2982467       8.323901       52.64434       96.14944       4.937574      0.1824957      7.4970052E-02  0.0000000E+00  0.0000000E+00   20.05398      0.0000000E+00  2.9840410E-02  0.8475326       6.579087       12.15238      0.4451345      1.6562749E-02  9.1838306E-03  0.0000000E+00  0.0000000E+00
 day               3          50           2           1           2        1975           2                     1 hru0002            270.5967      0.0000000E+00  0.4970739       13.86980       87.74082       160.2490       8.240012      0.3041596      0.1249500      0.0000000E+00  0.0000000E+00   33.42621      0.0000000E+00  4.9734011E-02   1.412554       10.96514       20.25689      0.7418907      2.7604580E-02  1.5306381E-02  0.0000000E+00  0.0000000E+00
 day               4         100           2           1           2        1975           2                     1 hru0002            1290.019      0.0000000E+00  0.7477432       62.42010       420.3254       767.6823       38.84352      0.1496451      0.5985806      0.0000000E+00  0.0000000E+00   159.5783      0.0000000E+00  7.4822575E-02   6.359919       52.52916       97.06035       3.554071      1.4964514E-03  7.3326126E-02  0.0000000E+00  0.0000000E+00
 day               5         150           2           1           2        1975           2                     1 hru0002            1289.546      0.0000000E+00  0.7477375       62.40634       420.3229       767.6823       38.38710      0.1496451      0.5985806      0.0000000E+00  0.0000000E+00   159.5911      0.0000000E+00  7.4822575E-02   6.359919       52.52916       97.07311       3.554071      1.4964514E-03  7.3326126E-02  0.0000000E+00  0.0000000E+00
 day               6         200           2           1           2        1975           2                     1 hru0002            565.3669      0.0000000E+00  0.3279073       27.35847       184.3266       336.6575       16.69638      6.5625019E-02  0.2625001      0.0000000E+00  0.0000000E+00   69.99508      0.0000000E+00  3.2812510E-02   2.789063       23.03601       42.57860       1.558594      6.5625017E-04  3.2156259E-02  0.0000000E+00  0.0000000E+00
 day               7         300           2           1           2        1975           2                     1 hru0002            1130.309      0.0000000E+00  0.6558103       54.70686       368.6490       673.3148       32.98217      0.1312500      0.5250002      0.0000000E+00  0.0000000E+00   139.9995      0.0000000E+00  6.5625019E-02   5.578126       46.07203       85.16655       3.117187      1.3125003E-03  6.4312518E-02  0.0000000E+00  0.0000000E+00
 day               8         450           2           1           2        1975           2                     1 hru0002            1694.882      0.0000000E+00  0.9837188       82.06815       552.9642       1009.972       48.89447      0.1968751      0.7875003      0.0000000E+00  0.0000000E+00   209.9920      0.0000000E+00  9.8437533E-02   8.367190       69.10803       127.7425       4.675781      1.9687505E-03  9.6468784E-02  0.0000000E+00  0.0000000E+00
 day               9         600           2           1           2        1975           2                     1 hru0002            1694.415      0.0000000E+00  0.9840049       82.76509       552.9166       1009.970       47.77882      0.1968751      0.7875003      0.0000000E+00  0.0000000E+00   209.3439      0.0000000E+00  9.8437533E-02   8.367190       69.10803       127.0944       4.675781      1.9687505E-03  9.6468784E-02  0.0000000E+00  0.0000000E+00
 day              10         750           2           1           2        1975           2                     1 hru0002            1694.263      0.0000000E+00  0.9842276       83.30980       552.8839       1009.969       47.11624      0.1968751      0.7875003      0.0000000E+00  0.0000000E+00   208.8350      0.0000000E+00  9.8437533E-02   8.367190       69.10803       126.5855       4.675781      1.9687505E-03  9.6468784E-02  0.0000000E+00  0.0000000E+00
 day              11         900           2           1           2        1975           2                     1 hru0002            1287.068      0.0000000E+00  0.7547673       63.89991       411.8191       774.5021       36.09240      0.1509750      0.6039001      0.0000000E+00  0.0000000E+00   158.6116      0.0000000E+00  7.5487517E-02   6.416439       51.47567       97.05831       3.585656      1.5097503E-03  7.3977768E-02  0.0000000E+00  0.0000000E+00
 day              12        1050           2           1           2        1975           2                     1 hru0002            614.5476      0.0000000E+00  0.3655722       30.94872       190.6288       375.1313       17.47325      7.3124997E-02  0.2925000      0.0000000E+00  0.0000000E+00   75.71871      0.0000000E+00  3.6562499E-02   3.107812       23.82777       47.00984       1.736718      7.3124998E-04  3.5831250E-02  0.0000000E+00  0.0000000E+00
 day              13        1200           2           1           2        1975           2                     1 hru0002            614.5401      0.0000000E+00  0.3655717       30.94741       190.6286       375.1313       17.46725      7.3124997E-02  0.2925000      0.0000000E+00  0.0000000E+00   75.71990      0.0000000E+00  3.6562499E-02   3.107812       23.82777       47.01104       1.736718      7.3124998E-04  3.5831250E-02  0.0000000E+00  0.0000000E+00
 day              14        1500           2           1           2        1975           2                     1 hru0002            1229.063      0.0000000E+00  0.7311443       61.89168       381.2580       750.2648       34.91727      0.1462505      0.5850018      0.0000000E+00  0.0000000E+00   151.4434      0.0000000E+00  7.3125236E-02   6.215645       47.65570       94.02543       3.473447      1.4625047E-03  7.1662731E-02  0.0000000E+00  0.0000000E+00
 day              15        1800           2           1           2        1975           2                     1 hru0002            1229.049      0.0000000E+00  0.7311429       61.88818       381.2577       750.2648       34.90676      0.1462505      0.5850018      0.0000000E+00  0.0000000E+00   151.4465      0.0000000E+00  7.3125236E-02   6.215645       47.65570       94.02862       3.473447      1.4625047E-03  7.1662731E-02  0.0000000E+00  0.0000000E+00
 day              16        2000           2           1           2        1975           2                     1 hru0002            819.3597      0.0000000E+00  0.4874273       41.25723       254.1713       500.1758       23.26797      9.7500168E-02  0.3900006      0.0000000E+00  0.0000000E+00   100.9656      0.0000000E+00  4.8750080E-02   4.143757       31.77042       62.68702       2.315628      9.7500160E-04  4.7775079E-02  0.0000000E+00  0.0000000E+00
 day              -1          -1           2           1           2        1975           2                     1 hru0002            15704.33      0.0000000E+00   11.24058       783.2092       5037.628       9421.216       451.0349       3.486443       7.345967      0.0000000E+00  0.0000000E+00   1939.177      0.0000000E+00   1.124490       79.18690       629.6338       1185.615       43.61666      0.1833600      0.8998810      0.0000000E+00  0.0000000E+00
 day               1          10           2           1           2        1975           3                     1 hru0003            532.6748      0.0000000E+00   3.354125       44.95609       166.3116       303.7998       14.25320       2.506676      0.2368801      0.0000000E+00  0.0000000E+00   65.40067      0.0000000E+00  0.3355420       4.548346       20.78770       38.32260       1.406475      0.2453378      2.9017810E-02  0.0000000E+00  0.0000000E+00
 day               2          25           2           1           2        1975           3                     1 hru0003            767.5189      0.0000000E+00  0.8305022       38.09797       249.5084       455.6998       23.38222      0.3982916      0.3553202      0.0000000E+00  0.0000000E+00   94.86652      0.0000000E+00  8.3097711E-02   3.881011       31.18155       57.61115       2.109713      3.1834457E-02  4.3526720E-02  0.0000000E+00  0.0000000E+00
 day               3          50           2           1           2        1975           3                     1 hru0003            1279.223      0.0000000E+00   1.384162       63.48554       415.8481       759.4994       39.00552      0.6638193      0.5922000      0.0000000E+00  0.0000000E+00   158.1208      0.0000000E+00  0.1384961       6.468349       51.96923       96.02853       3.516186      5.3057425E-02  7.2544508E-02  0.0000000E+00  0.0000000E+00
 day               4         100           2           1           2        1975           3                     1 hru0003            1805.821      0.0000000E+00   1.046692       87.35692       588.3783       1074.611       54.42784      0.2094751      0.8379005      0.0000000E+00  0.0000000E+00   223.3978      0.0000000E+00  0.1047376       8.902692       73.53097       135.8844       4.975032      2.0947510E-03  0.1026428      0.0000000E+00  0.0000000E+00
 day               5         150           2           1           2        1975           3                     1 hru0003            1805.149      0.0000000E+00   1.046685       87.33894       588.3747       1074.611       53.77785      0.2094751      0.8379005      0.0000000E+00  0.0000000E+00   223.4145      0.0000000E+00  0.1047376       8.902692       73.53097       135.9010       4.975032      2.0947510E-03  0.1026428      0.0000000E+00  0.0000000E+00
 day               6         200           2           1           2        1975           3                     1 hru0003            484.6038      0.0000000E+00  0.2810620       23.44695       157.9945       288.5636       14.31775      5.6250017E-02  0.2250001      0.0000000E+00  0.0000000E+00   59.99873      0.0000000E+00  2.8125007E-02   2.390626       19.74515       36.49889       1.335938      5.6250015E-04  2.7562506E-02  0.0000000E+00  0.0000000E+00
 day               7         300           2           1           2        1975           3                     1 hru0003            968.8412      0.0000000E+00  0.5621203       46.88460       315.9854       577.1270       28.28211      0.1125000      0.4500001      0.0000000E+00  0.0000000E+00   120.0061      0.0000000E+00  5.6250013E-02   4.781251       39.49030       73.00639       2.671875      1.1250003E-03  5.5125013E-02  0.0000000E+00  0.0000000E+00
 day               8         450           2           1           2        1975           3                     1 hru0003            1452.761      0.0000000E+00  0.8431827       70.33253       473.9701       865.6901       41.92486      0.1687500      0.6750002      0.0000000E+00  0.0000000E+00   180.0039      0.0000000E+00  8.4375024E-02   7.171877       59.23546       109.5044       4.007812      1.6875004E-03  8.2687527E-02  0.0000000E+00  0.0000000E+00
 day               9         600           2           1           2        1975           3                     1 hru0003            1452.357      0.0000000E+00  0.8434298       70.93442       473.9289       865.6888       40.96121      0.1687500      0.6750002      0.0000000E+00  0.0000000E+00   179.4442      0.0000000E+00  8.4375024E-02   7.171877       59.23546       108.9447       4.007812      1.6875004E-03  8.2687527E-02  0.0000000E+00  0.0000000E+00
 day              10         750           2           1           2        1975           3                     1 hru0003            1452.226      0.0000000E+00  0.8436224       71.40546       473.9006       865.6880       40.38825      0.1687500      0.6750002      0.0000000E+00  0.0000000E+00   179.0042      0.0000000E+00  8.4375024E-02   7.171877       59.23546       108.5046       4.007812      1.6875004E-03  8.2687527E-02  0.0000000E+00  0.0000000E+00
 day              11         900           2           1           2        1975           3                     1 hru0003            1083.108      0.0000000E+00  0.6351596       53.77167       346.5589       651.7679       30.37477      0.1270503      0.5082010      0.0000000E+00  0.0000000E+00   133.4786      0.0000000E+00  6.3525118E-02   5.399635       43.31840       81.67959       3.017442      1.2705023E-03  6.2254615E-02  0.0000000E+00  0.0000000E+00
 day              12        1050           2           1           2        1975           3                     1 hru0003            504.2450      0.0000000E+00  0.2999569       25.39287       156.4137       307.8006       14.33786      6.0000110E-02  0.2400004      0.0000000E+00  0.0000000E+00   62.12918      0.0000000E+00  3.0000053E-02   2.550004       19.55103       38.57315       1.425002      6.0000108E-04  2.9400053E-02  0.0000000E+00  0.0000000E+00
 day              13        1200           2           1           2        1975           3                     1 hru0003            504.2387      0.0000000E+00  0.2999564       25.39182       156.4136       307.8005       14.33287      6.0000110E-02  0.2400004      0.0000000E+00  0.0000000E+00   62.13014      0.0000000E+00  3.0000053E-02   2.550004       19.55103       38.57411       1.425002      6.0000108E-04  2.9400053E-02  0.0000000E+00  0.0000000E+00
 day              14        1500           2           1           2        1975           3                     1 hru0003            1008.461      0.0000000E+00  0.5999124       50.78109       312.8270       615.6017       28.65130      0.1200004      0.4800014      0.0000000E+00  0.0000000E+00   124.2628      0.0000000E+00  6.0000174E-02   5.100015       39.10210       77.15070       2.850007      1.2000034E-03  5.8800172E-02  0.0000000E+00  0.0000000E+00
 day              15        1800           2           1           2        1975           3                     1 hru0003            1008.449      0.0000000E+00  0.5999113       50.77844       312.8266       615.6017       28.64245      0.1200004      0.4800014      0.0000000E+00  0.0000000E+00   124.2652      0.0000000E+00  6.0000174E-02   5.100015       39.10210       77.15311       2.850007      1.2000034E-03  5.8800172E-02  0.0000000E+00  0.0000000E+00
 day              16        2000           2           1           2        1975           3                     1 hru0003            672.2952      0.0000000E+00  0.3999402       33.85118       208.5509       410.4009       19.09226      8.0000184E-02  0.3200007      0.0000000E+00  0.0000000E+00   82.84444      0.0000000E+00  4.0000092E-02   3.400008       26.06805       51.43639       1.900004      8.0000184E-04  3.9200090E-02  0.0000000E+00  0.0000000E+00
 day              -1          -1           2           1           2        1975           3                     1 hru0003            16781.97      0.0000000E+00   13.87042       844.2065       5397.791       10039.95       486.1523       5.229788       7.828407      0.0000000E+00  0.0000000E+00   2072.768      0.0000000E+00   1.387637       85.49027       674.6350       1264.774       46.48115      0.3468397      0.9589798      0.0000000E+00  0.0000000E+00
 day               1          10           2           1           2        1975           4                     1 hru0004            494.8696      0.0000000E+00   3.332152       43.11266       153.9689       281.2533       13.20271       2.502273      0.2193001      0.0000000E+00  0.0000000E+00   60.72059      0.0000000E+00  0.3333435       4.361556       19.24494       35.47865       1.302094      0.2452931      2.6864259E-02  0.0000000E+00  0.0000000E+00
 day               2          25           2           1           2        1975           4                     1 hru0004            710.6672      0.0000000E+00  0.7975463       35.34786       230.9913       421.8801       21.65051      0.3916874      0.3289501      0.0000000E+00  0.0000000E+00   87.83659      0.0000000E+00  7.9800002E-02   3.600826       28.86742       53.33541       1.953141      3.1767365E-02  4.0296391E-02  0.0000000E+00  0.0000000E+00
 day               3          50           2           1           2        1975           4                     1 hru0004            1184.469      0.0000000E+00   1.329237       58.90290       384.9864       703.1338       36.11676      0.6528124      0.5482504      0.0000000E+00  0.0000000E+00   146.4036      0.0000000E+00  0.1330000       6.001379       48.11237       88.90160       3.255236      5.2945610E-02  6.7160673E-02  0.0000000E+00  0.0000000E+00
 day               4         100           2           1           2        1975           4                     1 hru0004            1823.019      0.0000000E+00   1.056660       88.18899       593.9819       1084.846       54.94593      0.2114701      0.8458804      0.0000000E+00  0.0000000E+00   225.5253      0.0000000E+00  0.1057351       8.987480       74.23126       137.1784       5.022414      2.1147011E-03  0.1036204      0.0000000E+00  0.0000000E+00
 day               5         150           2           1           2        1975           4                     1 hru0004            1822.341      0.0000000E+00   1.056653       88.17090       593.9781       1084.845       54.28967      0.2114701      0.8458804      0.0000000E+00  0.0000000E+00   225.5421      0.0000000E+00  0.1057351       8.987480       74.23126       137.1952       5.022414      2.1147011E-03  0.1036204      0.0000000E+00  0.0000000E+00
 day               6         200           2           1           2        1975           4                     1 hru0004            500.7573      0.0000000E+00  0.2904308       24.22857       163.2610       298.1824       14.79489      5.8125027E-02  0.2325001      0.0000000E+00  0.0000000E+00   61.99865      0.0000000E+00  2.9062513E-02   2.470314       20.40333       37.71547       1.380469      5.8125023E-04  2.8481264E-02  0.0000000E+00  0.0000000E+00
 day               7         300           2           1           2        1975           4                     1 hru0004            1001.137      0.0000000E+00  0.5808583       48.44763       326.5185       596.3651       29.22462      0.1162501      0.4650006      0.0000000E+00  0.0000000E+00   124.0062      0.0000000E+00  5.8125071E-02   4.940631       40.80669       75.43986       2.760940      1.1625014E-03  5.6962568E-02  0.0000000E+00  0.0000000E+00
 day               8         450           2           1           2        1975           4                     1 hru0004            1501.188      0.0000000E+00  0.8712900       72.67736       489.7696       894.5475       43.32198      0.1743753      0.6975011      0.0000000E+00  0.0000000E+00   186.0040      0.0000000E+00  8.7187633E-02   7.410948       61.21004       113.1544       4.141411      1.7437526E-03  8.5443877E-02  0.0000000E+00  0.0000000E+00
 day               9         600           2           1           2        1975           4                     1 hru0004            1500.771      0.0000000E+00  0.8715453       73.29922       489.7271       894.5463       42.32639      0.1743753      0.6975011      0.0000000E+00  0.0000000E+00   185.4257      0.0000000E+00  8.7187633E-02   7.410948       61.21004       112.5761       4.141411      1.7437526E-03  8.5443877E-02  0.0000000E+00  0.0000000E+00
 day              10         750           2           1           2        1975           4                     1 hru0004            1500.635      0.0000000E+00  0.8717443       73.78583       489.6978       894.5453       41.73447      0.1743753      0.6975011      0.0000000E+00  0.0000000E+00   184.9711      0.0000000E+00  8.7187633E-02   7.410948       61.21004       112.1215       4.141411      1.7437526E-03  8.5443877E-02  0.0000000E+00  0.0000000E+00
 day              11         900           2           1           2        1975           4                     1 hru0004            1104.208      0.0000000E+00  0.6475331       54.81927       353.3102       664.4650       30.96644      0.1295253      0.5181012      0.0000000E+00  0.0000000E+00   136.0788      0.0000000E+00  6.4762652E-02   5.504826       44.16228       83.27072       3.076225      1.2952531E-03  6.3467398E-02  0.0000000E+00  0.0000000E+00
 day              12        1050           2           1           2        1975           4                     1 hru0004            504.2450      0.0000000E+00  0.2999569       25.39291       156.4137       307.8006       14.33783      6.0000110E-02  0.2400004      0.0000000E+00  0.0000000E+00   62.12916      0.0000000E+00  3.0000053E-02   2.550004       19.55103       38.57312       1.425002      6.0000108E-04  2.9400053E-02  0.0000000E+00  0.0000000E+00
 day              13        1200           2           1           2        1975           4                     1 hru0004            504.2387      0.0000000E+00  0.2999564       25.39186       156.4136       307.8005       14.33284      6.0000110E-02  0.2400004      0.0000000E+00  0.0000000E+00   62.13011      0.0000000E+00  3.0000053E-02   2.550004       19.55103       38.57408       1.425002      6.0000108E-04  2.9400053E-02  0.0000000E+00  0.0000000E+00
 day              14        1500           2           1           2        1975           4                     1 hru0004            1008.461      0.0000000E+00  0.5999125       50.78115       312.8270       615.6017       28.65126      0.1200004      0.4800014      0.0000000E+00  0.0000000E+00   124.2628      0.0000000E+00  6.0000174E-02   5.100015       39.10210       77.15063       2.850007      1.2000034E-03  5.8800172E-02  0.0000000E+00  0.0000000E+00
 day              15        1800           2           1           2        1975           4                     1 hru0004            1008.449      0.0000000E+00  0.5999113       50.77850       312.8266       615.6017       28.64241      0.1200004      0.4800014      0.0000000E+00  0.0000000E+00   124.2652      0.0000000E+00  6.0000174E-02   5.100015       39.10210       77.15307       2.850007      1.2000034E-03  5.8800172E-02  0.0000000E+00  0.0000000E+00
 day              16        2000           2           1           2        1975           4                     1 hru0004            672.2952      0.0000000E+00  0.3999402       33.85121       208.5509       410.4009       19.09224      8.0000184E-02  0.3200007      0.0000000E+00  0.0000000E+00   82.84441      0.0000000E+00  4.0000092E-02   3.400008       26.06805       51.43635       1.900004      8.0000184E-04  3.9200090E-02  0.0000000E+00  0.0000000E+00
 day              -1          -1           2           1           2        1975           4                     1 hru0004            16841.75      0.0000000E+00   13.90533       847.1768       5417.222       10075.81       487.6309       5.236740       7.856371      0.0000000E+00  0.0000000E+00   2080.144      0.0000000E+00   1.391127       85.78738       677.0640       1269.255       46.64719      0.3469058      0.9624053      0.0000000E+00  0.0000000E+00
 day               1          10           2           1           2        1975           5                     1 hru0005            627.7424      0.0000000E+00   3.409350       49.59167       197.3497       360.4969       16.89483       2.517723      0.2810882      0.0000000E+00  0.0000000E+00   77.16946      0.0000000E+00  0.3410674       5.018054       24.66723       45.47414       1.668960      0.2454478      3.4433298E-02  0.0000000E+00  0.0000000E+00
 day               2          25           2           1           2        1975           5                     1 hru0005            910.4823      0.0000000E+00  0.9133286       45.01348       296.0733       540.7454       27.73680      0.4148613      0.4216322      0.0000000E+00  0.0000000E+00   112.5445      0.0000000E+00  9.1385692E-02   4.585575       37.00085       68.36324       2.503440      3.1999402E-02  5.1649947E-02  0.0000000E+00  0.0000000E+00
 day               3          50           2           1           2        1975           5                     1 hru0005            1517.500      0.0000000E+00   1.522206       75.00941       493.4563       901.2420       46.26952      0.6914355      0.7027201      0.0000000E+00  0.0000000E+00   187.5859      0.0000000E+00  0.1523094       7.642622       61.66806       113.9505       4.172400      5.3332344E-02  8.6083211E-02  0.0000000E+00  0.0000000E+00
 day               4         100           2           1           2        1975           5                     1 hru0005            1775.001      0.0000000E+00   1.028828       85.86605       578.3362       1056.271       53.49873      0.2059000      0.8235998      0.0000000E+00  0.0000000E+00   219.5850      0.0000000E+00  0.1029500       8.750749       72.27600       133.5651       4.890122      2.0589996E-03  0.1008910      0.0000000E+00  0.0000000E+00
 day               5         150           2           1           2        1975           5                     1 hru0005            1774.340      0.0000000E+00   1.028821       85.84842       578.3327       1056.271       52.85977      0.2059000      0.8235998      0.0000000E+00  0.0000000E+00   219.6013      0.0000000E+00  0.1029500       8.750749       72.27600       133.5815       4.890122      2.0589996E-03  0.1008910      0.0000000E+00  0.0000000E+00
 day               6         200           2           1           2        1975           5                     1 hru0005            491.0652      0.0000000E+00  0.2848095       23.75961       160.1011       292.4111       14.50857      5.7000011E-02  0.2280000      0.0000000E+00  0.0000000E+00   60.79867      0.0000000E+00  2.8500006E-02   2.422500       20.00842       36.98550       1.353750      5.7000009E-04  2.7930006E-02  0.0000000E+00  0.0000000E+00
 day               7         300           2           1           2        1975           5                     1 hru0005            981.7585      0.0000000E+00  0.5696150       47.50982       320.1984       584.8217       28.65902      0.1140000      0.4559999      0.0000000E+00  0.0000000E+00   121.6060      0.0000000E+00  5.6999989E-02   4.844999       40.01683       73.97967       2.707499      1.1399997E-03  5.5859990E-02  0.0000000E+00  0.0000000E+00
 day               8         450           2           1           2        1975           5                     1 hru0005            1472.132      0.0000000E+00  0.8544258       71.27057       480.2899       877.2333       42.48359      0.1710002      0.6840006      0.0000000E+00  0.0000000E+00   182.4038      0.0000000E+00  8.5500084E-02   7.267507       60.02531       110.9643       4.061253      1.7100016E-03  8.3790079E-02  0.0000000E+00  0.0000000E+00
 day               9         600           2           1           2        1975           5                     1 hru0005            1471.723      0.0000000E+00  0.8546761       71.88042       480.2483       877.2320       41.50721      0.1710002      0.6840006      0.0000000E+00  0.0000000E+00   181.8368      0.0000000E+00  8.5500084E-02   7.267507       60.02531       110.3972       4.061253      1.7100016E-03  8.3790079E-02  0.0000000E+00  0.0000000E+00
 day              10         750           2           1           2        1975           5                     1 hru0005            1471.590      0.0000000E+00  0.8548713       72.35765       480.2196       877.2311       40.92672      0.1710002      0.6840006      0.0000000E+00  0.0000000E+00   181.3909      0.0000000E+00  8.5500084E-02   7.267507       60.02531       109.9514       4.061253      1.7100016E-03  8.3790079E-02  0.0000000E+00  0.0000000E+00
 day              11         900           2           1           2        1975           5                     1 hru0005            1094.126      0.0000000E+00  0.6401085       54.19069       351.8379       656.8463       30.61143      0.1280402      0.5121607      0.0000000E+00  0.0000000E+00   134.8414      0.0000000E+00  6.4020082E-02   5.441707       43.97827       82.31646       3.040953      1.2804016E-03  6.2739678E-02  0.0000000E+00  0.0000000E+00
 day              12        1050           2           1           2        1975           5                     1 hru0005            507.2660      0.0000000E+00  0.2999569       25.39290       159.4346       307.8006       14.33788      6.0000110E-02  0.2400004      0.0000000E+00  0.0000000E+00   62.50738      0.0000000E+00  3.0000053E-02   2.550004       19.92865       38.57372       1.425002      6.0000108E-04  2.9400053E-02  0.0000000E+00  0.0000000E+00
 day              13        1200           2           1           2        1975           5                     1 hru0005            507.2596      0.0000000E+00  0.2999564       25.39185       159.4345       307.8005       14.33288      6.0000110E-02  0.2400004      0.0000000E+00  0.0000000E+00   62.50835      0.0000000E+00  3.0000053E-02   2.550004       19.92865       38.57469       1.425002      6.0000108E-04  2.9400053E-02  0.0000000E+00  0.0000000E+00
 day              14        1500           2           1           2        1975           5                     1 hru0005            1014.503      0.0000000E+00  0.5999124       50.78114       318.8688       615.6017       28.65134      0.1200004      0.4800014      0.0000000E+00  0.0000000E+00   125.0192      0.0000000E+00  6.0000174E-02   5.100015       39.85735       77.15187       2.850007      1.2000034E-03  5.8800172E-02  0.0000000E+00  0.0000000E+00
 day              15        1800           2           1           2        1975           5                     1 hru0005            1014.491      0.0000000E+00  0.5999113       50.77848       318.8686       615.6017       28.64249      0.1200004      0.4800014      0.0000000E+00  0.0000000E+00   125.0217      0.0000000E+00  6.0000174E-02   5.100015       39.85735       77.15431       2.850007      1.2000034E-03  5.8800172E-02  0.0000000E+00  0.0000000E+00
 day              16        2000           2           1           2        1975           5                     1 hru0005            676.3232      0.0000000E+00  0.3999402       33.85120       212.5789       410.4009       19.09229      8.0000184E-02  0.3200007      0.0000000E+00  0.0000000E+00   83.34875      0.0000000E+00  4.0000092E-02   3.400008       26.57155       51.43718       1.900004      8.0000184E-04  3.9200090E-02  0.0000000E+00  0.0000000E+00
 day              -1          -1           2           1           2        1975           5                     1 hru0005            17307.30      0.0000000E+00   14.16072       868.4933       5585.629       10338.01       501.0131       5.287860       8.060806      0.0000000E+00  0.0000000E+00   2137.769      0.0000000E+00   1.416683       87.95951       698.1111       1302.421       47.86103      0.3474180      0.9874488      0.0000000E+00  0.0000000E+00
 day               1          10           2           1           2        1975           6                     1 hru0006            606.7534      0.0000000E+00   3.397145       48.56821       190.4972       347.9796       16.31124       2.515273      0.2713282      0.0000000E+00  0.0000000E+00   74.57120      0.0000000E+00  0.3398462       4.914351       23.81073       43.89527       1.611010      0.2454224      3.3237699E-02  0.0000000E+00  0.0000000E+00
 day               2          25           2           1           2        1975           6                     1 hru0006            878.4849      0.0000000E+00  0.8950235       43.48666       285.7906       521.9692       26.34344      0.4111878      0.4069921      0.0000000E+00  0.0000000E+00   108.6416      0.0000000E+00  8.9553989E-02   4.430018       35.71609       65.98943       2.416515      3.1961456E-02  4.9856536E-02  0.0000000E+00  0.0000000E+00
 day               3          50           2           1           2        1975           6                     1 hru0006            1463.933      0.0000000E+00   1.491697       72.46519       476.3169       869.9485       43.71033      0.6853129      0.6783201      0.0000000E+00  0.0000000E+00   181.0807      0.0000000E+00  0.1492566       7.383363       59.52680       109.9937       4.027524      5.3269092E-02  8.3094209E-02  0.0000000E+00  0.0000000E+00
 day               4         100           2           1           2        1975           6                     1 hru0006            2040.870      0.0000000E+00   1.183628       98.78577       665.3448       1215.199       60.35644      0.2368801      0.9475206      0.0000000E+00  0.0000000E+00   252.6241      0.0000000E+00  0.1184401       10.06741       83.15082       153.6615       5.625902      2.3688015E-03  0.1160713      0.0000000E+00  0.0000000E+00
 day               5         150           2           1           2        1975           6                     1 hru0006            2040.431      0.0000000E+00   1.183619       98.76556       665.3417       1215.199       59.94072      0.2368801      0.9475206      0.0000000E+00  0.0000000E+00   252.6429      0.0000000E+00  0.1184401       10.06741       83.15082       153.6803       5.625902      2.3688015E-03  0.1160713      0.0000000E+00  0.0000000E+00
 day               6         200           2           1           2        1975           6                     1 hru0006            500.5903      0.0000000E+00  0.2904309       24.22862       163.2591       298.1823       14.62984      5.8125027E-02  0.2325001      0.0000000E+00  0.0000000E+00   61.99860      0.0000000E+00  2.9062513E-02   2.470314       20.40333       37.71542       1.380469      5.8125023E-04  2.8481264E-02  0.0000000E+00  0.0000000E+00
 day               7         300           2           1           2        1975           6                     1 hru0006            1000.922      0.0000000E+00  0.5808584       48.44776       326.5154       596.3649       29.01295      0.1162501      0.4650006      0.0000000E+00  0.0000000E+00   124.0061      0.0000000E+00  5.8125071E-02   4.940631       40.80669       75.43974       2.760940      1.1625014E-03  5.6962568E-02  0.0000000E+00  0.0000000E+00
 day               8         450           2           1           2        1975           6                     1 hru0006            1501.000      0.0000000E+00  0.8712901       72.67764       489.7660       894.5473       43.13741      0.1743753      0.6975011      0.0000000E+00  0.0000000E+00   186.0037      0.0000000E+00  8.7187633E-02   7.410948       61.21004       113.1541       4.141411      1.7437526E-03  8.5443877E-02  0.0000000E+00  0.0000000E+00
 day               9         600           2           1           2        1975           6                     1 hru0006            1500.701      0.0000000E+00  0.8715454       73.29941       489.7255       894.5461       42.25838      0.1743753      0.6975011      0.0000000E+00  0.0000000E+00   185.4255      0.0000000E+00  8.7187633E-02   7.410948       61.21004       112.5759       4.141411      1.7437526E-03  8.5443877E-02  0.0000000E+00  0.0000000E+00
 day              10         750           2           1           2        1975           6                     1 hru0006            1500.616      0.0000000E+00  0.8717443       73.78592       489.6973       894.5453       41.71554      0.1743753      0.6975011      0.0000000E+00  0.0000000E+00   184.9710      0.0000000E+00  8.7187633E-02   7.410948       61.21004       112.1214       4.141411      1.7437526E-03  8.5443877E-02  0.0000000E+00  0.0000000E+00
 day              11         900           2           1           2        1975           6                     1 hru0006            1104.198      0.0000000E+00  0.6475332       54.81933       353.3099       664.4650       30.95669      0.1295253      0.5181012      0.0000000E+00  0.0000000E+00   136.0788      0.0000000E+00  6.4762652E-02   5.504826       44.16228       83.27065       3.076225      1.2952531E-03  6.3467398E-02  0.0000000E+00  0.0000000E+00
 day              12        1050           2           1           2        1975           6                     1 hru0006            504.2414      0.0000000E+00  0.2999569       25.39294       156.4136       307.8005       14.33440      6.0000110E-02  0.2400004      0.0000000E+00  0.0000000E+00   62.12913      0.0000000E+00  3.0000053E-02   2.550004       19.55103       38.57309       1.425002      6.0000108E-04  2.9400053E-02  0.0000000E+00  0.0000000E+00
 day              13        1200           2           1           2        1975           6                     1 hru0006            504.2360      0.0000000E+00  0.2999564       25.39189       156.4135       307.8005       14.33016      6.0000110E-02  0.2400004      0.0000000E+00  0.0000000E+00   62.13009      0.0000000E+00  3.0000053E-02   2.550004       19.55103       38.57405       1.425002      6.0000108E-04  2.9400053E-02  0.0000000E+00  0.0000000E+00
 day              14        1500           2           1           2        1975           6                     1 hru0006            1008.458      0.0000000E+00  0.5999125       50.78122       312.8269       615.6017       28.64783      0.1200004      0.4800014      0.0000000E+00  0.0000000E+00   124.2627      0.0000000E+00  6.0000174E-02   5.100015       39.10210       77.15059       2.850007      1.2000034E-03  5.8800172E-02  0.0000000E+00  0.0000000E+00
 day              15        1800           2           1           2        1975           6                     1 hru0006            1008.447      0.0000000E+00  0.5999113       50.77855       312.8266       615.6017       28.64011      0.1200004      0.4800014      0.0000000E+00  0.0000000E+00   124.2651      0.0000000E+00  6.0000174E-02   5.100015       39.10210       77.15302       2.850007      1.2000034E-03  5.8800172E-02  0.0000000E+00  0.0000000E+00
 day              16        2000           2           1           2        1975           6                     1 hru0006            672.2941      0.0000000E+00  0.3999402       33.85124       208.5509       410.4009       19.09104      8.0000184E-02  0.3200007      0.0000000E+00  0.0000000E+00   82.84438      0.0000000E+00  4.0000092E-02   3.400008       26.06805       51.43633       1.900004      8.0000184E-04  3.9200090E-02  0.0000000E+00  0.0000000E+00
 day              -1          -1           2           1           2        1975           6                     1 hru0006            17836.17      0.0000000E+00   14.48419       895.5259       5742.596       10670.15       513.4166       5.352561       8.319791      0.0000000E+00  0.0000000E+00   2203.676      0.0000000E+00   1.449051       90.71120       717.7320       1344.385       49.39875      0.3480609       1.019174      0.0000000E+00  0.0000000E+00
 day               1          10           2           1           2        1975           7                     1 hru0007            221.8389      0.0000000E+00   3.173551       29.79947       64.82866       118.4214       5.615892       2.470552      9.2336014E-02  0.0000000E+00  0.0000000E+00   26.92040      0.0000000E+00  0.3174756       3.012570       8.103061       14.93905      0.5482450      0.2449777      1.1311162E-02  0.0000000E+00  0.0000000E+00
 day               2          25           2           1           2        1975           7                     1 hru0007            299.9285      0.0000000E+00  0.5596775       15.48676       97.25785       177.6321       8.992127      0.3441046      0.1385040      0.0000000E+00  0.0000000E+00   37.06612      0.0000000E+00  5.5997834E-02   1.577346       12.15459       22.45582      0.8223674      3.1294126E-02  1.6966745E-02  0.0000000E+00  0.0000000E+00
 day               3          50           2           1           2        1975           7                     1 hru0007            499.8077      0.0000000E+00  0.9327911       25.80680       162.0962       296.0536       14.91827      0.5735078      0.2308401      0.0000000E+00  0.0000000E+00   61.78076      0.0000000E+00  9.3329743E-02   2.628911       20.25765       37.43026       1.370613      5.2156869E-02  2.8277917E-02  0.0000000E+00  0.0000000E+00
 day               4         100           2           1           2        1975           7                     1 hru0007            724.5306      0.0000000E+00  0.4202004       35.06987       236.2045       431.4087       21.42736      8.4094964E-02  0.3363799      0.0000000E+00  0.0000000E+00   89.68436      0.0000000E+00  4.2047482E-02   3.574036       29.51942       54.55159       1.997255      8.4094959E-04  4.1206531E-02  0.0000000E+00  0.0000000E+00
 day               5         150           2           1           2        1975           7                     1 hru0007            724.3747      0.0000000E+00  0.4201974       35.06262       236.2034       431.4086       21.27994      8.4094964E-02  0.3363799      0.0000000E+00  0.0000000E+00   89.69108      0.0000000E+00  4.2047482E-02   3.574036       29.51942       54.55832       1.997255      8.4094959E-04  4.1206531E-02  0.0000000E+00  0.0000000E+00
 day               6         200           2           1           2        1975           7                     1 hru0007            484.4423      0.0000000E+00  0.2810620       23.44687       157.9927       288.5635       14.15823      5.6250017E-02  0.2250001      0.0000000E+00  0.0000000E+00   59.99880      0.0000000E+00  2.8125007E-02   2.390626       19.74515       36.49896       1.335938      5.6250015E-04  2.7562506E-02  0.0000000E+00  0.0000000E+00
 day               7         300           2           1           2        1975           7                     1 hru0007            968.6335      0.0000000E+00  0.5621203       46.88438       315.9824       577.1269       28.07775      0.1125000      0.4500001      0.0000000E+00  0.0000000E+00   120.0063      0.0000000E+00  5.6250013E-02   4.781251       39.49030       73.00659       2.671875      1.1250003E-03  5.5125013E-02  0.0000000E+00  0.0000000E+00
 day               8         450           2           1           2        1975           7                     1 hru0007            1452.579      0.0000000E+00  0.8431826       70.33208       473.9666       865.6899       41.74706      0.1687500      0.6750002      0.0000000E+00  0.0000000E+00   180.0043      0.0000000E+00  8.4375024E-02   7.171877       59.23546       109.5048       4.007812      1.6875004E-03  8.2687527E-02  0.0000000E+00  0.0000000E+00
 day               9         600           2           1           2        1975           7                     1 hru0007            1452.290      0.0000000E+00  0.8434297       70.93411       473.9274       865.6887       40.89589      0.1687500      0.6750002      0.0000000E+00  0.0000000E+00   179.4445      0.0000000E+00  8.4375024E-02   7.171877       59.23546       108.9450       4.007812      1.6875004E-03  8.2687527E-02  0.0000000E+00  0.0000000E+00
 day              10         750           2           1           2        1975           7                     1 hru0007            1452.207      0.0000000E+00  0.8436224       71.40532       473.9002       865.6880       40.37014      0.1687500      0.6750002      0.0000000E+00  0.0000000E+00   179.0043      0.0000000E+00  8.4375024E-02   7.171877       59.23546       108.5048       4.007812      1.6875004E-03  8.2687527E-02  0.0000000E+00  0.0000000E+00
 day              11         900           2           1           2        1975           7                     1 hru0007            1083.099      0.0000000E+00  0.6351596       53.77156       346.5586       651.7679       30.36535      0.1270503      0.5082010      0.0000000E+00  0.0000000E+00   133.4787      0.0000000E+00  6.3525118E-02   5.399635       43.31840       81.67969       3.017442      1.2705023E-03  6.2254615E-02  0.0000000E+00  0.0000000E+00
 day              12        1050           2           1           2        1975           7                     1 hru0007            504.2414      0.0000000E+00  0.2999568       25.39282       156.4136       307.8005       14.33449      6.0000110E-02  0.2400004      0.0000000E+00  0.0000000E+00   62.12923      0.0000000E+00  3.0000053E-02   2.550004       19.55103       38.57319       1.425002      6.0000108E-04  2.9400053E-02  0.0000000E+00  0.0000000E+00
 day              13        1200           2           1           2        1975           7                     1 hru0007            504.2359      0.0000000E+00  0.2999564       25.39177       156.4135       307.8005       14.33024      6.0000110E-02  0.2400004      0.0000000E+00  0.0000000E+00   62.13019      0.0000000E+00  3.0000053E-02   2.550004       19.55103       38.57415       1.425002      6.0000108E-04  2.9400053E-02  0.0000000E+00  0.0000000E+00
 day              14        1500           2           1           2        1975           7                     1 hru0007            1008.458      0.0000000E+00  0.5999124       50.78100       312.8269       615.6017       28.64797      0.1200004      0.4800014      0.0000000E+00  0.0000000E+00   124.2629      0.0000000E+00  6.0000174E-02   5.100015       39.10210       77.15079       2.850007      1.2000034E-03  5.8800172E-02  0.0000000E+00  0.0000000E+00
 day              15        1800           2           1           2        1975           7                     1 hru0007            1008.447      0.0000000E+00  0.5999113       50.77835       312.8266       615.6017       28.64023      0.1200004      0.4800014      0.0000000E+00  0.0000000E+00   124.2653      0.0000000E+00  6.0000174E-02   5.100015       39.10210       77.15320       2.850007      1.2000034E-03  5.8800172E-02  0.0000000E+00  0.0000000E+00
 day              16        2000           2           1           2        1975           7                     1 hru0007            672.2940      0.0000000E+00  0.3999401       33.85112       208.5509       410.4009       19.09110      8.0000184E-02  0.3200007      0.0000000E+00  0.0000000E+00   82.84449      0.0000000E+00  4.0000092E-02   3.400008       26.06805       51.43643       1.900004      8.0000184E-04  3.9200090E-02  0.0000000E+00  0.0000000E+00
 day              -1          -1           2           1           2        1975           7                     1 hru0007            13061.41      0.0000000E+00   11.71467       664.1949       4185.950       7826.655       372.8920       4.798406       6.102646      0.0000000E+00  0.0000000E+00   1612.712      0.0000000E+00   1.171924       67.15408       523.1887       984.9625       36.23445      0.3425311      0.7475741      0.0000000E+00  0.0000000E+00
 day               1          10           2           1           2        1975           8                     1 hru0008            85.89494      0.0000000E+00   3.094373       23.17018       20.44532       37.34655       1.838518       2.454590      2.9120008E-02  0.0000000E+00  0.0000000E+00   10.09035      0.0000000E+00  0.3095538       2.340842       2.555461       4.711593      0.1729000      0.2448038      3.5672009E-03  0.0000000E+00  0.0000000E+00
 day               2          25           2           1           2        1975           8                     1 hru0008            95.59400      0.0000000E+00  0.4409404       5.597039       30.67230       56.01982       2.863896      0.3201719      4.3680020E-02  0.0000000E+00  0.0000000E+00   11.78729      0.0000000E+00  4.4116482E-02  0.5697634       3.833193       7.080863      0.2593500      3.1034386E-02  5.3508026E-03  0.0000000E+00  0.0000000E+00
 day               3          50           2           1           2        1975           8                     1 hru0008            159.2977      0.0000000E+00  0.7348969       9.326862       51.12041       93.36635       4.749148      0.5336198      7.2800010E-02  0.0000000E+00  0.0000000E+00   19.64664      0.0000000E+00  7.3527470E-02  0.9496054       6.388653       11.80261      0.4322499      5.1723976E-02  8.9180013E-03  0.0000000E+00  0.0000000E+00
 day               4         100           2           1           2        1975           8                     1 hru0008            1228.802      0.0000000E+00  0.7126601       59.47971       400.6026       731.6688       36.33822      0.1426250      0.5705000      0.0000000E+00  0.0000000E+00   152.1035      0.0000000E+00  7.1312502E-02   6.061563       50.06492       92.51835       3.387343      1.4262500E-03  6.9886252E-02  0.0000000E+00  0.0000000E+00
 day               5         150           2           1           2        1975           8                     1 hru0008            1228.537      0.0000000E+00  0.7126554       59.46818       400.6006       731.6688       36.08699      0.1426250      0.5705000      0.0000000E+00  0.0000000E+00   152.1142      0.0000000E+00  7.1312502E-02   6.061563       50.06492       92.52905       3.387343      1.4262500E-03  6.9886252E-02  0.0000000E+00  0.0000000E+00
 day               6         200           2           1           2        1975           8                     1 hru0008            500.5896      0.0000000E+00  0.2904313       24.22955       163.2591       298.1823       14.62825      5.8125027E-02  0.2325001      0.0000000E+00  0.0000000E+00   61.99774      0.0000000E+00  2.9062513E-02   2.470314       20.40333       37.71457       1.380469      5.8125023E-04  2.8481264E-02  0.0000000E+00  0.0000000E+00
 day               7         300           2           1           2        1975           8                     1 hru0008            1000.921      0.0000000E+00  0.5808593       48.45029       326.5152       596.3649       29.00928      0.1162501      0.4650006      0.0000000E+00  0.0000000E+00   124.0038      0.0000000E+00  5.8125071E-02   4.940631       40.80669       75.43739       2.760940      1.1625014E-03  5.6962568E-02  0.0000000E+00  0.0000000E+00
 day               8         450           2           1           2        1975           8                     1 hru0008            1500.998      0.0000000E+00  0.8712923       72.68279       489.7656       894.5473       43.13127      0.1743753      0.6975011      0.0000000E+00  0.0000000E+00   185.9989      0.0000000E+00  8.7187633E-02   7.410948       61.21004       113.1493       4.141411      1.7437526E-03  8.5443877E-02  0.0000000E+00  0.0000000E+00
 day               9         600           2           1           2        1975           8                     1 hru0008            1500.701      0.0000000E+00  0.8715468       73.30302       489.7253       894.5460       42.25463      0.1743753      0.6975011      0.0000000E+00  0.0000000E+00   185.4222      0.0000000E+00  8.7187633E-02   7.410948       61.21004       112.5726       4.141411      1.7437526E-03  8.5443877E-02  0.0000000E+00  0.0000000E+00
 day              10         750           2           1           2        1975           8                     1 hru0008            1500.616      0.0000000E+00  0.8717449       73.78754       489.6973       894.5453       41.71404      0.1743753      0.6975011      0.0000000E+00  0.0000000E+00   184.9695      0.0000000E+00  8.7187633E-02   7.410948       61.21004       112.1199       4.141411      1.7437526E-03  8.5443877E-02  0.0000000E+00  0.0000000E+00
 day              11         900           2           1           2        1975           8                     1 hru0008            1188.592      0.0000000E+00  0.6970246       59.01048       380.3132       715.2499       33.32160      0.1394249      0.5576996      0.0000000E+00  0.0000000E+00   146.4780      0.0000000E+00  6.9712453E-02   5.925559       47.53760       89.63381       3.311340      1.3942490E-03  6.8318203E-02  0.0000000E+00  0.0000000E+00
 day              12        1050           2           1           2        1975           8                     1 hru0008            598.7850      0.0000000E+00  0.3561980       30.15472       185.7405       365.5121       17.02151      7.1249917E-02  0.2849997      0.0000000E+00  0.0000000E+00   73.77749      0.0000000E+00  3.5624959E-02   3.028121       23.21678       45.80478       1.692185      7.1249914E-04  3.4912460E-02  0.0000000E+00  0.0000000E+00
 day              13        1200           2           1           2        1975           8                     1 hru0008            598.7786      0.0000000E+00  0.3561975       30.15347       185.7404       365.5120       17.01650      7.1249917E-02  0.2849997      0.0000000E+00  0.0000000E+00   73.77863      0.0000000E+00  3.5624959E-02   3.028121       23.21678       45.80592       1.692185      7.1249914E-04  3.4912460E-02  0.0000000E+00  0.0000000E+00
 day              14        1500           2           1           2        1975           8                     1 hru0008            1197.540      0.0000000E+00  0.7123941       60.30382       371.4806       731.0245       34.01828      0.1424999      0.5699997      0.0000000E+00  0.0000000E+00   147.5602      0.0000000E+00  7.1249962E-02   6.056247       46.43359       91.61478       3.384372      1.4249992E-03  6.9824964E-02  0.0000000E+00  0.0000000E+00
 day              15        1800           2           1           2        1975           8                     1 hru0008            1197.527      0.0000000E+00  0.7123927       60.30052       371.4803       731.0245       34.00927      0.1424999      0.5699997      0.0000000E+00  0.0000000E+00   147.5632      0.0000000E+00  7.1249962E-02   6.056247       46.43359       91.61779       3.384372      1.4249992E-03  6.9824964E-02  0.0000000E+00  0.0000000E+00
 day              16        2000           2           1           2        1975           8                     1 hru0008            798.3463      0.0000000E+00  0.4749274       40.19890       247.6532       487.3492       22.67008      9.4999842E-02  0.3799993      0.0000000E+00  0.0000000E+00   98.37667      0.0000000E+00  4.7499917E-02   4.037493       30.95569       61.07974       2.256246      9.4999833E-04  4.6549920E-02  0.0000000E+00  0.0000000E+00
 day              -1          -1           2           1           2        1975           8                     1 hru0008            14381.52      0.0000000E+00   12.49053       729.6171       4604.812       8623.929       410.6715       4.953057       6.724302      0.0000000E+00  0.0000000E+00   1775.668      0.0000000E+00   1.249535       73.75892       575.5413       1085.193       39.92553      0.3440090      0.8237269      0.0000000E+00  0.0000000E+00
 day               1          10           2           1           2        1975           9                     1 hru0009            655.9900      0.0000000E+00   3.425741       50.96901       206.5722       377.3437       17.67935       2.520990      0.2942241      0.0000000E+00  0.0000000E+00   80.66640      0.0000000E+00  0.3427072       5.157618       25.81999       47.59914       1.746955      0.2454789      3.6042448E-02  0.0000000E+00  0.0000000E+00
 day               2          25           2           1           2        1975           9                     1 hru0009            952.4918      0.0000000E+00  0.9379129       47.06830       309.9070       566.0156       28.56294      0.4197635      0.4413361      0.0000000E+00  0.0000000E+00   117.7973      0.0000000E+00  9.3845688E-02   4.794920       38.72999       71.55808       2.620432      3.2046281E-02  5.4063670E-02  0.0000000E+00  0.0000000E+00
 day               3          50           2           1           2        1975           9                     1 hru0009            1587.260      0.0000000E+00   1.563180       78.43358       516.5108       943.3593       47.39322      0.6996057      0.7355601      0.0000000E+00  0.0000000E+00   196.3411      0.0000000E+00  0.1564095       7.991534       64.54996       119.2758       4.367386      5.3410467E-02  9.0106115E-02  0.0000000E+00  0.0000000E+00
 day               4         100           2           1           2        1975           9                     1 hru0009            1505.581      0.0000000E+00  0.8731804       72.87585       490.8351       896.4713       44.52564      0.1747501      0.6990005      0.0000000E+00  0.0000000E+00   186.3646      0.0000000E+00  8.7375060E-02   7.426880       61.34164       113.3584       4.150314      1.7475012E-03  8.5627556E-02  0.0000000E+00  0.0000000E+00
 day               5         150           2           1           2        1975           9                     1 hru0009            1505.257      0.0000000E+00  0.8731744       72.86098       490.8328       896.4711       44.21895      0.1747501      0.6990005      0.0000000E+00  0.0000000E+00   186.3784      0.0000000E+00  8.7375060E-02   7.426880       61.34164       113.3722       4.150314      1.7475012E-03  8.5627556E-02  0.0000000E+00  0.0000000E+00
 day               6         200           2           1           2        1975           9                     1 hru0009            500.5903      0.0000000E+00  0.2904309       24.22868       163.2591       298.1823       14.62976      5.8125027E-02  0.2325001      0.0000000E+00  0.0000000E+00   61.99855      0.0000000E+00  2.9062513E-02   2.470314       20.40333       37.71538       1.380469      5.8125023E-04  2.8481264E-02  0.0000000E+00  0.0000000E+00
 day               7         300           2           1           2        1975           9                     1 hru0009            1000.922      0.0000000E+00  0.5808584       48.44790       326.5154       596.3649       29.01274      0.1162501      0.4650006      0.0000000E+00  0.0000000E+00   124.0060      0.0000000E+00  5.8125071E-02   4.940631       40.80669       75.43961       2.760940      1.1625014E-03  5.6962568E-02  0.0000000E+00  0.0000000E+00
 day               8         450           2           1           2        1975           9                     1 hru0009            1501.000      0.0000000E+00  0.8712903       72.67792       489.7659       894.5473       43.13708      0.1743753      0.6975011      0.0000000E+00  0.0000000E+00   186.0034      0.0000000E+00  8.7187633E-02   7.410948       61.21004       113.1538       4.141411      1.7437526E-03  8.5443877E-02  0.0000000E+00  0.0000000E+00
 day               9         600           2           1           2        1975           9                     1 hru0009            1500.701      0.0000000E+00  0.8715454       73.29961       489.7255       894.5460       42.25818      0.1743753      0.6975011      0.0000000E+00  0.0000000E+00   185.4254      0.0000000E+00  8.7187633E-02   7.410948       61.21004       112.5758       4.141411      1.7437526E-03  8.5443877E-02  0.0000000E+00  0.0000000E+00
 day              10         750           2           1           2        1975           9                     1 hru0009            1500.616      0.0000000E+00  0.8717444       73.78600       489.6973       894.5453       41.71546      0.1743753      0.6975011      0.0000000E+00  0.0000000E+00   184.9709      0.0000000E+00  8.7187633E-02   7.410948       61.21004       112.1213       4.141411      1.7437526E-03  8.5443877E-02  0.0000000E+00  0.0000000E+00
 day              11         900           2           1           2        1975           9                     1 hru0009            1104.198      0.0000000E+00  0.6475332       54.81940       353.3099       664.4650       30.95663      0.1295253      0.5181012      0.0000000E+00  0.0000000E+00   136.0787      0.0000000E+00  6.4762652E-02   5.504826       44.16228       83.27060       3.076225      1.2952531E-03  6.3467398E-02  0.0000000E+00  0.0000000E+00
 day              12        1050           2           1           2        1975           9                     1 hru0009            504.2414      0.0000000E+00  0.2999569       25.39297       156.4136       307.8005       14.33437      6.0000110E-02  0.2400004      0.0000000E+00  0.0000000E+00   62.12910      0.0000000E+00  3.0000053E-02   2.550004       19.55103       38.57306       1.425002      6.0000108E-04  2.9400053E-02  0.0000000E+00  0.0000000E+00
 day              13        1200           2           1           2        1975           9                     1 hru0009            504.2360      0.0000000E+00  0.2999565       25.39192       156.4135       307.8005       14.33013      6.0000110E-02  0.2400004      0.0000000E+00  0.0000000E+00   62.13006      0.0000000E+00  3.0000053E-02   2.550004       19.55103       38.57402       1.425002      6.0000108E-04  2.9400053E-02  0.0000000E+00  0.0000000E+00
 day              14        1500           2           1           2        1975           9                     1 hru0009            1008.458      0.0000000E+00  0.5999125       50.78127       312.8269       615.6017       28.64779      0.1200004      0.4800014      0.0000000E+00  0.0000000E+00   124.2627      0.0000000E+00  6.0000174E-02   5.100015       39.10210       77.15054       2.850007      1.2000034E-03  5.8800172E-02  0.0000000E+00  0.0000000E+00
 day              15        1800           2           1           2        1975           9                     1 hru0009            1008.447      0.0000000E+00  0.5999114       50.77860       312.8266       615.6017       28.64008      0.1200004      0.4800014      0.0000000E+00  0.0000000E+00   124.2651      0.0000000E+00  6.0000174E-02   5.100015       39.10210       77.15297       2.850007      1.2000034E-03  5.8800172E-02  0.0000000E+00  0.0000000E+00
 day              16        2000           2           1           2        1975           9                     1 hru0009            672.2940      0.0000000E+00  0.3999402       33.85127       208.5509       410.4009       19.09102      8.0000184E-02  0.3200007      0.0000000E+00  0.0000000E+00   82.84436      0.0000000E+00  4.0000092E-02   3.400008       26.06805       51.43630       1.900004      8.0000184E-04  3.9200090E-02  0.0000000E+00  0.0000000E+00
 day              -1          -1           2           1           2        1975           9                     1 hru0009            17012.28      0.0000000E+00   14.00627       855.6632       5473.962       10179.52       489.1334       5.256886       7.937231      0.0000000E+00  0.0000000E+00   2101.662      0.0000000E+00   1.401226       86.64650       684.1600       1282.327       47.12729      0.3471009      0.9723107      0.0000000E+00  0.0000000E+00
 day               1          10           2           1           2        1975          10                     1 hru0010            544.6736      0.0000000E+00   3.361020       45.54099       170.2292       310.9560       14.58627       2.508010      0.2424600      0.0000000E+00  0.0000000E+00   66.88609      0.0000000E+00  0.3362318       4.607610       21.27737       39.22526       1.439606      0.2453456      2.9701356E-02  0.0000000E+00  0.0000000E+00
 day               2          25           2           1           2        1975          10                     1 hru0010            785.1743      0.0000000E+00  0.8408477       38.97063       255.3838       466.4342       23.54484      0.4002959      0.3636901      0.0000000E+00  0.0000000E+00   97.09773      0.0000000E+00  8.4132925E-02   3.969912       31.91606       58.96822       2.159409      3.1846557E-02  4.4552039E-02  0.0000000E+00  0.0000000E+00
 day               3          50           2           1           2        1975          10                     1 hru0010            1308.437      0.0000000E+00   1.401405       64.93987       425.6390       777.3901       39.06618      0.6671597      0.6061500      0.0000000E+00  0.0000000E+00   161.8396      0.0000000E+00  0.1402215       6.616518       53.19343       98.29044       3.599015      5.3077597E-02  7.4253380E-02  0.0000000E+00  0.0000000E+00
 day               4         100           2           1           2        1975          10                     1 hru0010            1482.576      0.0000000E+00  0.8598388       71.76270       483.3353       882.7734       43.84455      0.1720800      0.6883200      0.0000000E+00  0.0000000E+00   183.5167      0.0000000E+00  8.6040005E-02   7.313400       60.40436       111.6260       4.086899      1.7208001E-03  8.4319204E-02  0.0000000E+00  0.0000000E+00
 day               5         150           2           1           2        1975          10                     1 hru0010            1482.256      0.0000000E+00  0.8598328       71.74829       483.3329       882.7733       43.54217      0.1720800      0.6883200      0.0000000E+00  0.0000000E+00   183.5301      0.0000000E+00  8.6040005E-02   7.313400       60.40436       111.6394       4.086899      1.7208001E-03  8.4319204E-02  0.0000000E+00  0.0000000E+00
 day               6         200           2           1           2        1975          10                     1 hru0010            500.5900      0.0000000E+00  0.2904310       24.22895       163.2591       298.1823       14.62928      5.8125027E-02  0.2325001      0.0000000E+00  0.0000000E+00   61.99830      0.0000000E+00  2.9062513E-02   2.470314       20.40333       37.71513       1.380469      5.8125023E-04  2.8481264E-02  0.0000000E+00  0.0000000E+00
 day               7         300           2           1           2        1975          10                     1 hru0010            1000.921      0.0000000E+00  0.5808586       48.44865       326.5153       596.3649       29.01165      0.1162501      0.4650006      0.0000000E+00  0.0000000E+00   124.0053      0.0000000E+00  5.8125071E-02   4.940631       40.80669       75.43891       2.760940      1.1625014E-03  5.6962568E-02  0.0000000E+00  0.0000000E+00
 day               8         450           2           1           2        1975          10                     1 hru0010            1500.999      0.0000000E+00  0.8712909       72.67945       489.7659       894.5473       43.13526      0.1743753      0.6975011      0.0000000E+00  0.0000000E+00   186.0020      0.0000000E+00  8.7187633E-02   7.410948       61.21004       113.1524       4.141411      1.7437526E-03  8.5443877E-02  0.0000000E+00  0.0000000E+00
 day               9         600           2           1           2        1975          10                     1 hru0010            1500.701      0.0000000E+00  0.8715459       73.30067       489.7254       894.5460       42.25706      0.1743753      0.6975011      0.0000000E+00  0.0000000E+00   185.4244      0.0000000E+00  8.7187633E-02   7.410948       61.21004       112.5748       4.141411      1.7437526E-03  8.5443877E-02  0.0000000E+00  0.0000000E+00
 day              10         750           2           1           2        1975          10                     1 hru0010            1500.616      0.0000000E+00  0.8717445       73.78648       489.6973       894.5453       41.71502      0.1743753      0.6975011      0.0000000E+00  0.0000000E+00   184.9705      0.0000000E+00  8.7187633E-02   7.410948       61.21004       112.1209       4.141411      1.7437526E-03  8.5443877E-02  0.0000000E+00  0.0000000E+00
 day              11         900           2           1           2        1975          10                     1 hru0010            1126.701      0.0000000E+00  0.6607293       55.93691       360.5099       678.0059       31.58718      0.1321649      0.5286595      0.0000000E+00  0.0000000E+00   138.8515      0.0000000E+00  6.6082433E-02   5.617007       45.06225       84.96721       3.138915      1.3216486E-03  6.4760782E-02  0.0000000E+00  0.0000000E+00
 day              12        1050           2           1           2        1975          10                     1 hru0010            529.4517      0.0000000E+00  0.3149536       26.66270       164.2336       323.1894       15.05090      6.2999889E-02  0.2519996      0.0000000E+00  0.0000000E+00   65.23516      0.0000000E+00  3.1499945E-02   2.677495       20.52851       40.50141       1.496247      6.2999886E-04  3.0869946E-02  0.0000000E+00  0.0000000E+00
 day              13        1200           2           1           2        1975          10                     1 hru0010            529.4459      0.0000000E+00  0.3149532       26.66160       164.2335       323.1893       15.04646      6.2999889E-02  0.2519996      0.0000000E+00  0.0000000E+00   65.23617      0.0000000E+00  3.1499945E-02   2.677495       20.52851       40.50241       1.496247      6.2999886E-04  3.0869946E-02  0.0000000E+00  0.0000000E+00
 day              14        1500           2           1           2        1975          10                     1 hru0010            1058.874      0.0000000E+00  0.6299045       53.32036       328.4662       646.3780       30.07977      0.1259996      0.5039985      0.0000000E+00  0.0000000E+00   130.4747      0.0000000E+00  6.2999807E-02   5.354983       41.05696       81.00726       2.992490      1.2599961E-03  6.1739810E-02  0.0000000E+00  0.0000000E+00
 day              15        1800           2           1           2        1975          10                     1 hru0010            1058.863      0.0000000E+00  0.6299034       53.31752       328.4659       646.3781       30.07171      0.1259996      0.5039985      0.0000000E+00  0.0000000E+00   130.4773      0.0000000E+00  6.2999807E-02   5.354983       41.05696       81.00986       2.992490      1.2599961E-03  6.1739810E-02  0.0000000E+00  0.0000000E+00
 day              16        2000           2           1           2        1975          10                     1 hru0010            705.9055      0.0000000E+00  0.4199353       35.54385       218.9774       430.9189       20.04537      8.3999805E-02  0.3359992      0.0000000E+00  0.0000000E+00   86.98601      0.0000000E+00  4.1999903E-02   3.569991       27.37133       54.00770       1.994995      8.3999801E-04  4.1159905E-02  0.0000000E+00  0.0000000E+00
 day              -1          -1           2           1           2        1975          10                     1 hru0010            16616.18      0.0000000E+00   13.77919       836.8496       5341.770       9946.572       477.2137       5.211289       7.755598      0.0000000E+00  0.0000000E+00   2052.531      0.0000000E+00   1.378499       84.71659       667.6402       1252.747       46.04885      0.3466280      0.9500609      0.0000000E+00  0.0000000E+00
 day               1          10           2           1           2        1975          11                     1 hru0011            722.9200      0.0000000E+00   3.464434       54.23213       228.4240       417.2603       19.53907       2.528617      0.3253480      0.0000000E+00  0.0000000E+00   88.95190      0.0000000E+00  0.3465784       5.488254       28.55131       52.63400       1.931753      0.2455413      3.9855130E-02  0.0000000E+00  0.0000000E+00
 day               2          25           2           1           2        1975          11                     1 hru0011            1053.092      0.0000000E+00  0.9959563       51.93657       342.6898       625.8904       31.57936      0.4312136      0.4880219      0.0000000E+00  0.0000000E+00   130.2428      0.0000000E+00  9.9653743E-02   5.290881       42.82695       79.12768       2.897629      3.2140862E-02  5.9782688E-02  0.0000000E+00  0.0000000E+00
 day               3          50           2           1           2        1975          11                     1 hru0011            1754.903      0.0000000E+00   1.659918       86.54640       571.1488       1043.151       52.39747      0.7186893      0.8133699      0.0000000E+00  0.0000000E+00   217.0845      0.0000000E+00  0.1660896       8.818136       71.37826       131.8927       4.829382      5.3568106E-02  9.9637814E-02  0.0000000E+00  0.0000000E+00
 day               4         100           2           1           2        1975          11                     1 hru0011            1347.656      0.0000000E+00  0.7815913       65.23306       439.3503       802.4385       39.85246      0.1564202      0.6256809      0.0000000E+00  0.0000000E+00   166.8152      0.0000000E+00  7.8210115E-02   6.647860       54.90739       101.4668       3.714979      1.5642022E-03  7.6645911E-02  0.0000000E+00  0.0000000E+00
 day               5         150           2           1           2        1975          11                     1 hru0011            1347.365      0.0000000E+00  0.7815862       65.22057       439.3481       802.4383       39.57664      0.1564202      0.6256809      0.0000000E+00  0.0000000E+00   166.8268      0.0000000E+00  7.8210115E-02   6.647860       54.90739       101.4784       3.714979      1.5642022E-03  7.6645911E-02  0.0000000E+00  0.0000000E+00
 day               6         200           2           1           2        1975          11                     1 hru0011            574.8701      0.0000000E+00  0.3335274       27.82513       187.4845       342.4285       16.79846      6.6749997E-02  0.2670000      0.0000000E+00  0.0000000E+00   71.19714      0.0000000E+00  3.3374999E-02   2.836875       23.43091       43.31067       1.585312      6.6749996E-04  3.2707497E-02  0.0000000E+00  0.0000000E+00
 day               7         300           2           1           2        1975          11                     1 hru0011            1149.442      0.0000000E+00  0.6670507       55.64029       374.9653       684.8568       33.31284      0.1335000      0.5339999      0.0000000E+00  0.0000000E+00   142.4035      0.0000000E+00  6.6749983E-02   5.673749       46.86180       86.63057       3.170623      1.3349996E-03  6.5414980E-02  0.0000000E+00  0.0000000E+00
 day               8         450           2           1           2        1975          11                     1 hru0011            1723.724      0.0000000E+00   1.000580       83.46923       562.4395       1027.285       49.52962      0.2002499      0.8009998      0.0000000E+00  0.0000000E+00   213.5971      0.0000000E+00  0.1001250       8.510623       70.29270       129.9377       4.755935      2.0024993E-03  9.8122470E-02  0.0000000E+00  0.0000000E+00
 day               9         600           2           1           2        1975          11                     1 hru0011            1723.382      0.0000000E+00   1.000872       84.18108       562.3931       1027.283       48.52356      0.2002499      0.8009998      0.0000000E+00  0.0000000E+00   212.9351      0.0000000E+00  0.1001250       8.510623       70.29270       129.2758       4.755935      2.0024993E-03  9.8122470E-02  0.0000000E+00  0.0000000E+00
 day              10         750           2           1           2        1975          11                     1 hru0011            1723.285      0.0000000E+00   1.001099       84.73696       562.3610       1027.283       47.90336      0.2002499      0.8009998      0.0000000E+00  0.0000000E+00   212.4158      0.0000000E+00  0.1001250       8.510623       70.29270       128.7564       4.755935      2.0024993E-03  9.8122470E-02  0.0000000E+00  0.0000000E+00
 day              11         900           2           1           2        1975          11                     1 hru0011            1308.155      0.0000000E+00  0.7671400       64.94682       418.5698       787.1984       36.67319      0.1534500      0.6137999      0.0000000E+00  0.0000000E+00   161.2122      0.0000000E+00  7.6724984E-02   6.521623       52.31951       98.64994       3.644435      1.5344997E-03  7.5190485E-02  0.0000000E+00  0.0000000E+00
 day              12        1050           2           1           2        1975          11                     1 hru0011            623.9980      0.0000000E+00  0.3711965       31.42462       193.5615       380.9026       17.73809      7.4250035E-02  0.2970001      0.0000000E+00  0.0000000E+00   76.88387      0.0000000E+00  3.7125014E-02   3.155626       24.19436       47.73331       1.763438      7.4250024E-04  3.6382515E-02  0.0000000E+00  0.0000000E+00
 day              13        1200           2           1           2        1975          11                     1 hru0011            623.9915      0.0000000E+00  0.3711959       31.42332       193.5614       380.9027       17.73289      7.4250035E-02  0.2970001      0.0000000E+00  0.0000000E+00   76.88505      0.0000000E+00  3.7125014E-02   3.155626       24.19436       47.73450       1.763438      7.4250024E-04  3.6382515E-02  0.0000000E+00  0.0000000E+00
 day              14        1500           2           1           2        1975          11                     1 hru0011            1247.964      0.0000000E+00  0.7423910       62.84336       387.1225       761.8057       35.45046      0.1485002      0.5940006      0.0000000E+00  0.0000000E+00   153.7732      0.0000000E+00  7.4250080E-02   6.311256       48.38876       95.47209       3.526878      1.4850015E-03  7.2765075E-02  0.0000000E+00  0.0000000E+00
 day              15        1800           2           1           2        1975          11                     1 hru0011            1247.951      0.0000000E+00  0.7423896       62.83990       387.1222       761.8056       35.44109      0.1485002      0.5940006      0.0000000E+00  0.0000000E+00   153.7764      0.0000000E+00  7.4250080E-02   6.311256       48.38876       95.47525       3.526878      1.4850015E-03  7.2765075E-02  0.0000000E+00  0.0000000E+00
 day              16        2000           2           1           2        1975          11                     1 hru0011            831.9637      0.0000000E+00  0.4949261       41.89182       258.0815       507.8708       23.62458      9.9000163E-02  0.3960007      0.0000000E+00  0.0000000E+00   102.5190      0.0000000E+00  4.9500082E-02   4.207507       32.25919       63.65156       2.351253      9.9000160E-04  4.8510078E-02  0.0000000E+00  0.0000000E+00
 day              -1          -1           2           1           2        1975          11                     1 hru0011            19004.66      0.0000000E+00   15.17585       954.3914       6108.624       11380.80       545.6731       5.490311       8.873903      0.0000000E+00  0.0000000E+00   2347.520      0.0000000E+00   1.518217       96.59837       763.4870       1433.227       52.68879      0.3493682       1.087053      0.0000000E+00  0.0000000E+00
 day               1          10           2           1           2        1975          12                     1 hru0012            623.4063      0.0000000E+00   3.406742       49.38002       195.9342       357.9113       16.77396       2.517147      0.2790721      0.0000000E+00  0.0000000E+00   76.63272      0.0000000E+00  0.3408063       4.996607       24.49031       45.14800       1.656990      0.2454355      3.4186337E-02  0.0000000E+00  0.0000000E+00
 day               2          25           2           1           2        1975          12                     1 hru0012            903.5157      0.0000000E+00  0.9094225       44.69787       293.9474       536.8671       27.09391      0.4140023      0.4186082      0.0000000E+00  0.0000000E+00   111.7382      0.0000000E+00  9.0994805E-02   4.553410       36.73547       67.87284       2.485486      3.1981546E-02  5.1279511E-02  0.0000000E+00  0.0000000E+00
 day               3          50           2           1           2        1975          12                     1 hru0012            1505.644      0.0000000E+00   1.515696       74.48368       489.9115       894.7780       44.95523      0.6900038      0.6976802      0.0000000E+00  0.0000000E+00   186.2418      0.0000000E+00  0.1516580       7.589015       61.22577       113.1329       4.142475      5.3302571E-02  8.5465819E-02  0.0000000E+00  0.0000000E+00
 day               4         100           2           1           2        1975          12                     1 hru0012            1381.601      0.0000000E+00  0.8012773       66.87525       450.4165       822.6498       40.85808      0.1603601      0.6414403      0.0000000E+00  0.0000000E+00   171.0177      0.0000000E+00  8.0180027E-02   6.815302       56.29036       104.0233       3.808550      1.6036005E-03  7.8576423E-02  0.0000000E+00  0.0000000E+00
 day               5         150           2           1           2        1975          12                     1 hru0012            1381.303      0.0000000E+00  0.8012718       66.86192       450.4143       822.6498       40.57618      0.1603601      0.6414403      0.0000000E+00  0.0000000E+00   171.0301      0.0000000E+00  8.0180027E-02   6.815302       56.29036       104.0357       3.808550      1.6036005E-03  7.8576423E-02  0.0000000E+00  0.0000000E+00
 day               6         200           2           1           2        1975          12                     1 hru0012            510.2791      0.0000000E+00  0.2960525       24.69802       166.4190       303.9537       14.91224      5.9250057E-02  0.2370002      0.0000000E+00  0.0000000E+00   63.19819      0.0000000E+00  2.9625028E-02   2.518127       20.79824       38.44500       1.407188      5.9250055E-04  2.9032528E-02  0.0000000E+00  0.0000000E+00
 day               7         300           2           1           2        1975          12                     1 hru0012            1020.294      0.0000000E+00  0.5921012       49.38668       332.8349       607.9075       29.57271      0.1185001      0.4740005      0.0000000E+00  0.0000000E+00   126.4051      0.0000000E+00  5.9250068E-02   5.036255       41.59649       76.89872       2.814377      1.1850013E-03  5.8065068E-02  0.0000000E+00  0.0000000E+00
 day               8         450           2           1           2        1975          12                     1 hru0012            1530.050      0.0000000E+00  0.8881545       74.08677       499.2450       911.8609       43.96934      0.1777502      0.7110008      0.0000000E+00  0.0000000E+00   189.6014      0.0000000E+00  8.8875100E-02   7.554384       62.39474       115.3418       4.221566      1.7775020E-03  8.7097600E-02  0.0000000E+00  0.0000000E+00
 day               9         600           2           1           2        1975          12                     1 hru0012            1529.746      0.0000000E+00  0.8884144       74.71982       499.2038       911.8596       43.07446      0.1777502      0.7110008      0.0000000E+00  0.0000000E+00   189.0127      0.0000000E+00  8.8875100E-02   7.554384       62.39474       114.7532       4.221566      1.7775020E-03  8.7097600E-02  0.0000000E+00  0.0000000E+00
 day              10         750           2           1           2        1975          12                     1 hru0012            1529.660      0.0000000E+00  0.8886168       75.21479       499.1752       911.8588       42.52220      0.1777502      0.7110008      0.0000000E+00  0.0000000E+00   188.5503      0.0000000E+00  8.8875100E-02   7.554384       62.39474       114.2907       4.221566      1.7775020E-03  8.7097600E-02  0.0000000E+00  0.0000000E+00
 day              11         900           2           1           2        1975          12                     1 hru0012            1139.360      0.0000000E+00  0.6681532       56.56557       364.5605       685.6240       31.94196      0.1336499      0.5345994      0.0000000E+00  0.0000000E+00   140.4115      0.0000000E+00  6.6824928E-02   5.680119       45.56857       85.92175       3.174183      1.3364985E-03  6.5488428E-02  0.0000000E+00  0.0000000E+00
 day              12        1050           2           1           2        1975          12                     1 hru0012            529.4516      0.0000000E+00  0.3149537       26.66278       164.2336       323.1894       15.05084      6.2999889E-02  0.2519996      0.0000000E+00  0.0000000E+00   65.23509      0.0000000E+00  3.1499945E-02   2.677495       20.52851       40.50134       1.496247      6.2999886E-04  3.0869946E-02  0.0000000E+00  0.0000000E+00
 day              13        1200           2           1           2        1975          12                     1 hru0012            529.4459      0.0000000E+00  0.3149532       26.66167       164.2335       323.1893       15.04640      6.2999889E-02  0.2519996      0.0000000E+00  0.0000000E+00   65.23610      0.0000000E+00  3.1499945E-02   2.677495       20.52851       40.50235       1.496247      6.2999886E-04  3.0869946E-02  0.0000000E+00  0.0000000E+00
 day              14        1500           2           1           2        1975          12                     1 hru0012            1058.874      0.0000000E+00  0.6299046       53.32050       328.4662       646.3780       30.07968      0.1259996      0.5039985      0.0000000E+00  0.0000000E+00   130.4746      0.0000000E+00  6.2999807E-02   5.354983       41.05696       81.00713       2.992490      1.2599961E-03  6.1739810E-02  0.0000000E+00  0.0000000E+00
 day              15        1800           2           1           2        1975          12                     1 hru0012            1058.863      0.0000000E+00  0.6299034       53.31765       328.4659       646.3781       30.07163      0.1259996      0.5039985      0.0000000E+00  0.0000000E+00   130.4772      0.0000000E+00  6.2999807E-02   5.354983       41.05696       81.00975       2.992490      1.2599961E-03  6.1739810E-02  0.0000000E+00  0.0000000E+00
 day              16        2000           2           1           2        1975          12                     1 hru0012            705.9055      0.0000000E+00  0.4199354       35.54392       218.9774       430.9189       20.04532      8.3999805E-02  0.3359992      0.0000000E+00  0.0000000E+00   86.98595      0.0000000E+00  4.1999903E-02   3.569991       27.37133       54.00763       1.994995      8.3999801E-04  4.1159905E-02  0.0000000E+00  0.0000000E+00
 day              -1          -1           2           1           2        1975          12                     1 hru0012            16937.40      0.0000000E+00   13.96555       852.4769       5446.439       10137.97       486.5441       5.248521       7.904838      0.0000000E+00  0.0000000E+00   2092.249      0.0000000E+00   1.397144       86.30223       680.7220       1276.892       46.93496      0.3469932      0.9683427      0.0000000E+00  0.0000000E+00
