 demo                      SWAT+ 2026-07-13        MODULAR Rev 2026.cb442f7c05fc3bfc34349c446010f452d2737c
 freq       soil_lyr  soil_depth        jday         mon         day          yr        unit                gis_id    name               bmctp          bmntp          hsctp          hsntp          hpctp          hpntp          lmctp          lmntp          lsctp         lslctp        lslnctp          lsntp
                              mm                                                                                                         kg/ha          kg/ha          kg/ha          kg/ha          kg/ha          kg/ha          kg/ha          kg/ha          kg/ha          kg/ha          kg/ha          kg/ha
 day              1          10           1           1           1        1975           1                     1 hru0001           0.3313803      4.1422538E-02  8.7204732E-02  8.7204734E-03  6.5467814E-03  6.5467821E-04   3.625496      0.3625496      1.4244083E-02  1.1395266E-02  2.8488173E-03  7.0179749E-04
 day              2          25           1           1           1        1975           1                     1 hru0001           0.3568598      4.4607472E-02  8.1248000E-02  8.1247995E-03  9.8402184E-03  9.8402181E-04   3.568699      0.3568699      1.5669608E-02  1.2535686E-02  3.1339223E-03  2.0676228E-04
 day              3          50           1           1           1        1975           1                     1 hru0001           0.5984557      7.4806966E-02  0.1362533      1.3625330E-02  1.6502097E-02  1.6502095E-03   5.984727      0.5984727      2.6278013E-02  2.1022411E-02  5.2556023E-03  3.4674138E-04
 day              4         100           1           1           1        1975           1                     1 hru0001           0.9078874      0.1134859      0.2067032      2.0670317E-02  2.5034517E-02  2.5034517E-03   8.762692      0.8762692      3.7076611E-02  2.9661287E-02  7.4153240E-03  2.4717741E-04
 day              5         150           1           1           1        1975           1                     1 hru0001           0.9145017      0.1143127      0.2082091      2.0820906E-02  2.5216904E-02  2.5216902E-03   8.826531      0.8826532      3.7346728E-02  2.9877381E-02  7.4693472E-03  2.4897821E-04
 day              6         200           1           1           1        1975           1                     1 hru0001           0.5492467      6.8655841E-02  0.1250497      1.2504966E-02  1.5145187E-02  1.5145187E-03   5.301186      0.5301186      2.2430323E-02  1.7944258E-02  4.4860658E-03  1.4953550E-04
 day              7         300           1           1           1        1975           1                     1 hru0001            1.105206      0.1381507      0.2516275      2.5162753E-02  3.0475460E-02  3.0475459E-03   10.66716       1.066716      4.5134753E-02  3.6107801E-02  9.0269530E-03  3.0089836E-04
 day              8         450           1           1           1        1975           1                     1 hru0001            1.641018      0.2051272      0.3736185      3.7361853E-02  4.5250196E-02  4.5250198E-03   15.83867       1.583867      6.7016438E-02  5.3613149E-02  1.3403291E-02  4.4677622E-04
 day              9         600           1           1           1        1975           1                     1 hru0001           0.9206300      0.1150787      0.2096043      2.0960432E-02  2.5385886E-02  2.5385886E-03   8.885681      0.8885680      3.7596997E-02  3.0077595E-02  7.5194011E-03  2.5064664E-04
 day             10         750           1           1           1        1975           1                     1 hru0001           0.3651422      4.5642771E-02  8.3133698E-02  8.3133699E-03  1.0068602E-02  1.0068602E-03   3.524257      0.3524257      1.4911798E-02  1.1929438E-02  2.9823603E-03  9.9411984E-05
 day             11         900           1           1           1        1975           1                     1 hru0001           0.2659569      3.3244614E-02  5.7637360E-02  5.7637366E-03  7.1868272E-03  7.1868271E-04   2.515565      0.2515565      1.0643832E-02  8.5150655E-03  2.1287671E-03  7.0958886E-05
 day             12        1050           1           1           1        1975           1                     1 hru0001           0.1301576      1.6269702E-02  2.6171908E-02  2.6171908E-03  3.4146621E-03  3.4146622E-04   1.195215      0.1195215      5.0571836E-03  4.0457463E-03  1.0114373E-03  3.3714558E-05
 day             13        1200           1           1           1        1975           1                     1 hru0001           0.1310047      1.6375588E-02  2.6342241E-02  2.6342242E-03  3.4368855E-03  3.4368856E-04   1.202994      0.1202994      5.0900965E-03  4.0720766E-03  1.0180199E-03  3.3933979E-05
 day             14        1500           1           1           1        1975           1                     1 hru0001           0.2641295      3.3016194E-02  5.3110793E-02  5.3110793E-03  6.9293920E-03  6.9293921E-04   2.425457      0.2425457      1.0262566E-02  8.2100518E-03  2.0525136E-03  6.8417110E-05
 day             15        1800           1           1           1        1975           1                     1 hru0001           0.2662879      3.3285990E-02  5.3544793E-02  5.3544794E-03  6.9860169E-03  6.9860171E-04   2.445277      0.2445277      1.0346429E-02  8.2771434E-03  2.0692863E-03  6.8976195E-05
 day             16        2000           1           1           1        1975           1                     1 hru0001           0.1784219      2.2302734E-02  3.5876807E-02  3.5876806E-03  4.6808659E-03  4.6808657E-04   1.638417      0.1638418      6.9324546E-03  5.5459635E-03  1.3864912E-03  4.6216366E-05
 day              1          10           1           1           1        1975           2                     1 hru0002           0.1638035      2.0475442E-02  4.3105893E-02  4.3105888E-03  3.2361185E-03  3.2361189E-04   1.780734      0.1780734      7.0233550E-03  5.6186831E-03  1.4046717E-03  3.4514387E-04
 day              2          25           1           1           1        1975           2                     1 hru0002           0.1764814      2.2060174E-02  4.0180389E-02  4.0180385E-03  4.8663826E-03  4.8663828E-04   1.762804      0.1762804      7.7823936E-03  6.2259133E-03  1.5564805E-03  1.0556629E-04
 day              3          50           1           1           1        1975           2                     1 hru0002           0.2967944      3.7099306E-02  6.7572638E-02  6.7572640E-03  8.1839506E-03  8.1839500E-04   2.964564      0.2964564      1.3087897E-02  1.0470315E-02  2.6175815E-03  1.7753418E-04
 day              4         100           1           1           1        1975           2                     1 hru0002            1.427805      0.1784756      0.3250752      3.2507524E-02  3.9370958E-02  3.9370959E-03   13.78080       1.378080      5.8309149E-02  4.6647321E-02  1.1661829E-02  3.8872767E-04
 day              5         150           1           1           1        1975           2                     1 hru0002            1.440088      0.1800109      0.3278718      3.2787178E-02  3.9709657E-02  3.9709653E-03   13.89935       1.389935      5.8810771E-02  4.7048617E-02  1.1762153E-02  3.9207179E-04
 day              6         200           1           1           1        1975           2                     1 hru0002           0.6380479      7.9755992E-02  0.1452675      1.4526749E-02  1.7593835E-02  1.7593834E-03   6.158272      0.6158271      2.6056817E-02  2.0845452E-02  5.2113645E-03  1.7371211E-04
 day              7         300           1           1           1        1975           2                     1 hru0002            1.283305      0.1604131      0.2921763      2.9217634E-02  3.5386458E-02  3.5386460E-03   12.38613       1.238613      5.2408047E-02  4.1926436E-02  1.0481612E-02  3.4938697E-04
 day              8         450           1           1           1        1975           2                     1 hru0002            1.904262      0.2380327      0.4335525      4.3355253E-02  5.2509014E-02  5.2509014E-03   18.37944       1.837944      7.7766895E-02  6.2213514E-02  1.5553383E-02  5.1844592E-04
 day              9         600           1           1           1        1975           2                     1 hru0002            1.067745      0.1334681      0.2430987      2.4309874E-02  2.9442508E-02  2.9442508E-03   10.30560       1.030560      4.3604933E-02  3.4883942E-02  8.7209884E-03  2.9069957E-04
 day             10         750           1           1           1        1975           2                     1 hru0002           0.4233628      5.2920345E-02  9.6389063E-02  9.6389065E-03  1.1674005E-02  1.1674005E-03   4.086187      0.4086187      1.7289432E-02  1.3831545E-02  3.4578871E-03  1.1526288E-04
 day             11         900           1           1           1        1975           2                     1 hru0002           0.3140496      3.9256204E-02  6.8059862E-02  6.8059862E-03  8.4864134E-03  8.4864133E-04   2.970452      0.2970452      1.2568547E-02  1.0054837E-02  2.5137109E-03  8.3790314E-05
 day             12        1050           1           1           1        1975           2                     1 hru0002           0.1576386      1.9704830E-02  3.1697746E-02  3.1697748E-03  4.1356217E-03  4.1356217E-04   1.447569      0.1447569      6.1249370E-03  4.8999493E-03  1.2249877E-03  4.0832914E-05
 day             13        1200           1           1           1        1975           2                     1 hru0002           0.1586916      1.9836444E-02  3.1909470E-02  3.1909470E-03  4.1632447E-03  4.1632447E-04   1.457237      0.1457238      6.1658481E-03  4.9326783E-03  1.2331699E-03  4.1105654E-05
 day             14        1500           1           1           1        1975           2                     1 hru0002           0.3200817      4.0010214E-02  6.4361572E-02  6.4361575E-03  8.3972868E-03  8.3972875E-04   2.939256      0.2939256      1.2436547E-02  9.9492371E-03  2.4873100E-03  8.2910316E-05
 day             15        1800           1           1           1        1975           2                     1 hru0002           0.3229182      4.0364772E-02  6.4931922E-02  6.4931922E-03  8.4717004E-03  8.4717007E-04   2.965303      0.2965303      1.2546756E-02  1.0037404E-02  2.5093518E-03  8.3645034E-05
 day             16        2000           1           1           1        1975           2                     1 hru0002           0.2164962      2.7062027E-02  4.3532744E-02  4.3532746E-03  5.6797396E-03  5.6797394E-04   1.988048      0.1988048      8.4118061E-03  6.7294445E-03  1.6823616E-03  5.6078705E-05
 day              1          10           1           1           1        1975           3                     1 hru0003           0.7866083      9.8326035E-02  0.2070007      2.0700073E-02  1.5540310E-02  1.5540310E-03   6.140129      0.6140130      2.4879850E-02  1.9903880E-02  4.9759713E-03  7.7270000E-04
 day              2          25           1           1           1        1975           3                     1 hru0003           0.8470852      0.1058856      0.1928600      1.9286001E-02  2.3357926E-02  2.3357926E-03   8.300225      0.8300225      3.5689566E-02  2.8551653E-02  7.1379128E-03  3.4022582E-04
 day              3          50           1           1           1        1975           3                     1 hru0003            1.420555      0.1775693      0.3234245      3.2342453E-02  3.9171040E-02  3.9171041E-03   13.91940       1.391940      5.9851095E-02  4.7880873E-02  1.1970222E-02  5.7055580E-04
 day              4         100           1           1           1        1975           3                     1 hru0003            2.013916      0.2517395      0.4585181      4.5851804E-02  5.5532664E-02  5.5532665E-03   19.43779       1.943779      8.2244955E-02  6.5795965E-02  1.6448990E-02  5.4829969E-04
 day              5         150           1           1           1        1975           3                     1 hru0003            2.028550      0.2535687      0.4618499      4.6184987E-02  5.5936195E-02  5.5936193E-03   19.57904       1.957904      8.2842581E-02  6.6274069E-02  1.6568515E-02  5.5228389E-04
 day              6         200           1           1           1        1975           3                     1 hru0003           0.5492104      6.8651296E-02  0.1250414      1.2504139E-02  1.5144185E-02  1.5144185E-03   5.300835      0.5300835      2.2428837E-02  1.7943067E-02  4.4857683E-03  1.4952559E-04
 day              7         300           1           1           1        1975           3                     1 hru0003            1.105106      0.1381382      0.2516048      2.5160480E-02  3.0472707E-02  3.0472707E-03   10.66619       1.066619      4.5130678E-02  3.6104541E-02  9.0261381E-03  3.0087121E-04
 day              8         450           1           1           1        1975           3                     1 hru0003            1.640814      0.2051018      0.3735721      3.7357215E-02  4.5244578E-02  4.5244577E-03   15.83671       1.583671      6.7008108E-02  5.3606484E-02  1.3401625E-02  4.4672072E-04
 day              9         600           1           1           1        1975           3                     1 hru0003           0.9204878      0.1150610      0.2095720      2.0957196E-02  2.5381966E-02  2.5381965E-03   8.884308      0.8884308      3.7591189E-02  3.0072950E-02  7.5182398E-03  2.5060793E-04
 day             10         750           1           1           1        1975           3                     1 hru0003           0.3650786      4.5634825E-02  8.3119228E-02  8.3119227E-03  1.0066849E-02  1.0066850E-03   3.523643      0.3523643      1.4909201E-02  1.1927361E-02  2.9818409E-03  9.9394674E-05
 day             11         900           1           1           1        1975           3                     1 hru0003           0.2659078      3.3238474E-02  5.7626713E-02  5.7626716E-03  7.1854992E-03  7.1854994E-04   2.515100      0.2515101      1.0641866E-02  8.5134925E-03  2.1283738E-03  7.0945774E-05
 day             12        1050           1           1           1        1975           3                     1 hru0003           0.1301331      1.6266640E-02  2.6166983E-02  2.6166984E-03  3.4140197E-03  3.4140199E-04   1.194990      0.1194990      5.0562313E-03  4.0449845E-03  1.0112468E-03  3.3708209E-05
 day             13        1200           1           1           1        1975           3                     1 hru0003           0.1309803      1.6372541E-02  2.6337337E-02  2.6337337E-03  3.4362457E-03  3.4362459E-04   1.202770      0.1202770      5.0891489E-03  4.0713185E-03  1.0178303E-03  3.3927659E-05
 day             14        1500           1           1           1        1975           3                     1 hru0003           0.2640830      3.3010371E-02  5.3101424E-02  5.3101429E-03  6.9281710E-03  6.9281709E-04   2.425029      0.2425029      1.0260757E-02  8.2086055E-03  2.0521518E-03  6.8405054E-05
 day             15        1800           1           1           1        1975           3                     1 hru0003           0.2662463      3.3280794E-02  5.3536434E-02  5.3536436E-03  6.9849258E-03  6.9849257E-04   2.444895      0.2444895      1.0344813E-02  8.2758497E-03  2.0689631E-03  6.8965419E-05
 day             16        2000           1           1           1        1975           3                     1 hru0003           0.1783973      2.2299666E-02  3.5871878E-02  3.5871875E-03  4.6802219E-03  4.6802219E-04   1.638192      0.1638192      6.9315014E-03  5.5452008E-03  1.3863007E-03  4.6210011E-05
 day              1          10           1           1           1        1975           4                     1 hru0004           0.7282284      9.1028556E-02  0.1916377      1.9163772E-02  1.4386953E-02  1.4386954E-03   5.817638      0.5817638      2.3515848E-02  1.8812679E-02  4.7031692E-03  7.6360372E-04
 day              2          25           1           1           1        1975           4                     1 hru0004           0.7842126      9.8026581E-02  0.1785455      1.7854549E-02  2.1624247E-02  2.1624246E-03   7.693391      0.7693390      3.3121925E-02  2.6497539E-02  6.6243866E-03  3.2310502E-04
 day              3          50           1           1           1        1975           4                     1 hru0004            1.315106      0.1643883      0.2994167      2.9941665E-02  3.6263365E-02  3.6263366E-03   12.90164       1.290164      5.5544686E-02  4.4435751E-02  1.1108937E-02  5.4183946E-04
 day              4         100           1           1           1        1975           4                     1 hru0004            2.033027      0.2541284      0.4628692      4.6286922E-02  5.6059655E-02  5.6059654E-03   19.62225       1.962225      8.3025433E-02  6.6420346E-02  1.6605085E-02  5.5350282E-04
 day              5         150           1           1           1        1975           4                     1 hru0004            2.047757      0.2559696      0.4662228      4.6622276E-02  5.6465816E-02  5.6465818E-03   19.76442       1.976442      8.3626963E-02  6.6901572E-02  1.6725391E-02  5.5751303E-04
 day              6         200           1           1           1        1975           4                     1 hru0004           0.5674750      7.0934370E-02  0.1291998      1.2919980E-02  1.5647823E-02  1.5647822E-03   5.477121      0.5477121      2.3174737E-02  1.8539788E-02  4.6349484E-03  1.5449824E-04
 day              7         300           1           1           1        1975           4                     1 hru0004            1.141827      0.1427284      0.2599653      2.5996530E-02  3.1485274E-02  3.1485276E-03   11.02062       1.102062      4.6630312E-02  3.7304249E-02  9.3260650E-03  3.1086875E-04
 day              8         450           1           1           1        1975           4                     1 hru0004            1.695271      0.2119089      0.3859707      3.8597070E-02  4.6746213E-02  4.6746214E-03   16.36232       1.636232      6.9232069E-02  5.5385653E-02  1.3846417E-02  4.6154711E-04
 day              9         600           1           1           1        1975           4                     1 hru0004           0.9510055      0.1188757      0.2165200      2.1652004E-02  2.6223473E-02  2.6223473E-03   9.178857      0.9178857      3.8837481E-02  3.1069983E-02  7.7674980E-03  2.5891652E-04
 day             10         750           1           1           1        1975           4                     1 hru0004           0.3771739      4.7146738E-02  8.5873015E-02  8.5873008E-03  1.0400371E-02  1.0400370E-03   3.640384      0.3640384      1.5403154E-02  1.2322523E-02  3.0806316E-03  1.0268769E-04
 day             11         900           1           1           1        1975           4                     1 hru0004           0.2710311      3.3878889E-02  5.8737036E-02  5.8737039E-03  7.3239449E-03  7.3239452E-04   2.563560      0.2563560      1.0846906E-02  8.6775245E-03  2.1693818E-03  7.2312709E-05
 day             12        1050           1           1           1        1975           4                     1 hru0004           0.1301053      1.6263165E-02  2.6161389E-02  2.6161391E-03  3.4132900E-03  3.4132903E-04   1.194735      0.1194735      5.0551509E-03  4.0441202E-03  1.0110307E-03  3.3701010E-05
 day             13        1200           1           1           1        1975           4                     1 hru0004           0.1309526      1.6369076E-02  2.6331764E-02  2.6331763E-03  3.4355186E-03  3.4355189E-04   1.202515      0.1202515      5.0880723E-03  4.0704571E-03  1.0176150E-03  3.3920485E-05
 day             14        1500           1           1           1        1975           4                     1 hru0004           0.2640300      3.3003755E-02  5.3090774E-02  5.3090774E-03  6.9267810E-03  6.9267809E-04   2.424543      0.2424543      1.0258699E-02  8.2069589E-03  2.0517402E-03  6.8391324E-05
 day             15        1800           1           1           1        1975           4                     1 hru0004           0.2661989      3.3274863E-02  5.3526893E-02  5.3526894E-03  6.9836816E-03  6.9836818E-04   2.444459      0.2444459      1.0342970E-02  8.2743755E-03  2.0685946E-03  6.8953137E-05
 day             16        2000           1           1           1        1975           4                     1 hru0004           0.1783693      2.2296164E-02  3.5866242E-02  3.5866243E-03  4.6794871E-03  4.6794870E-04   1.637935      0.1637935      6.9304127E-03  5.5443300E-03  1.3860828E-03  4.6202753E-05
 day              1          10           1           1           1        1975           5                     1 hru0005           0.9334085      0.1166761      0.2456321      2.4563212E-02  1.8440511E-02  1.8440509E-03   6.951036      0.6951036      2.8309628E-02  2.2647699E-02  5.6619286E-03  7.9556339E-04
 day              2          25           1           1           1        1975           5                     1 hru0005            1.005168      0.1256460      0.2288514      2.2885144E-02  2.7716972E-02  2.7716972E-03   9.825994      0.9825994      4.2145375E-02  3.3716302E-02  8.4290747E-03  3.8326220E-04
 day              3          50           1           1           1        1975           5                     1 hru0005            1.685646      0.2107058      0.3837793      3.8377929E-02  4.6480805E-02  4.6480806E-03   16.47799       1.647800      7.0676975E-02  5.6541573E-02  1.4135403E-02  6.4272346E-04
 day              4         100           1           1           1        1975           5                     1 hru0005            1.979496      0.2474370      0.4506815      4.5068152E-02  5.4583557E-02  5.4583559E-03   19.10558       1.910558      8.0839299E-02  6.4671442E-02  1.6167859E-02  5.3892867E-04
 day              5         150           1           1           1        1975           5                     1 hru0005            1.993850      0.2492313      0.4539495      4.5394953E-02  5.4979362E-02  5.4979362E-03   19.24412       1.924412      8.1425503E-02  6.5140404E-02  1.6285099E-02  5.4283667E-04
 day              6         200           1           1           1        1975           5                     1 hru0005           0.5565034      6.9562927E-02  0.1267018      1.2670184E-02  1.5345288E-02  1.5345287E-03   5.371226      0.5371225      2.2726674E-02  1.8181337E-02  4.5453357E-03  1.5151117E-04
 day              7         300           1           1           1        1975           5                     1 hru0005            1.119758      0.1399698      0.2549408      2.5494082E-02  3.0876745E-02  3.0876745E-03   10.80762       1.080762      4.5729063E-02  3.6583249E-02  9.1458149E-03  3.0486041E-04
 day              8         450           1           1           1        1975           5                     1 hru0005            1.662526      0.2078157      0.3785154      3.7851542E-02  4.5843277E-02  4.5843278E-03   16.04627       1.604627      6.7894794E-02  5.4315832E-02  1.3578962E-02  4.5263197E-04
 day              9         600           1           1           1        1975           5                     1 hru0005           0.9326453      0.1165807      0.2123399      2.1233991E-02  2.5717203E-02  2.5717202E-03   9.001650      0.9001649      3.8087685E-02  3.0470146E-02  7.6175388E-03  2.5391788E-04
 day             10         750           1           1           1        1975           5                     1 hru0005           0.3698946      4.6236821E-02  8.4215693E-02  8.4215691E-03  1.0199647E-02  1.0199647E-03   3.570126      0.3570125      1.5105877E-02  1.2084701E-02  3.0211762E-03  1.0070585E-04
 day             11         900           1           1           1        1975           5                     1 hru0005           0.2679396      3.3492450E-02  5.8495812E-02  5.8495812E-03  7.2404048E-03  7.2404044E-04   2.534319      0.2534319      1.0723182E-02  8.5785454E-03  2.1446368E-03  7.1487877E-05
 day             12        1050           1           1           1        1975           5                     1 hru0005           0.1301133      1.6264167E-02  2.6668333E-02  2.6668331E-03  3.4135000E-03  3.4135001E-04   1.194808      0.1194808      5.0554620E-03  4.0443689E-03  1.0110929E-03  3.3703080E-05
 day             13        1200           1           1           1        1975           5                     1 hru0005           0.1309606      1.6370071E-02  2.6841987E-02  2.6841988E-03  3.4357274E-03  3.4357276E-04   1.202589      0.1202589      5.0883819E-03  4.0707048E-03  1.0176769E-03  3.3922548E-05
 day             14        1500           1           1           1        1975           5                     1 hru0005           0.2640453      3.3005659E-02  5.4119337E-02  5.4119336E-03  6.9271810E-03  6.9271814E-04   2.424683      0.2424683      1.0259292E-02  8.2074329E-03  2.0518589E-03  6.8395282E-05
 day             15        1800           1           1           1        1975           5                     1 hru0005           0.2662125      3.3276565E-02  5.4563548E-02  5.4563549E-03  6.9840392E-03  6.9840392E-04   2.444584      0.2444584      1.0343499E-02  8.2747992E-03  2.0687005E-03  6.8956666E-05
 day             16        2000           1           1           1        1975           5                     1 hru0005           0.1783774      2.2297172E-02  3.6560651E-02  3.6560651E-03  4.6796990E-03  4.6796989E-04   1.638009      0.1638009      6.9307266E-03  5.5445810E-03  1.3861456E-03  4.6204845E-05
 day              1          10           1           1           1        1975           6                     1 hru0006           0.9009960      0.1126245      0.2371025      2.3710251E-02  1.7800162E-02  1.7800161E-03   6.771984      0.6771984      2.7552314E-02  2.2041846E-02  5.5104676E-03  7.9051114E-04
 day              2          25           1           1           1        1975           6                     1 hru0006           0.9702566      0.1212821      0.2209031      2.2090307E-02  2.6754314E-02  2.6754315E-03   9.489036      0.9489036      4.0719640E-02  3.2575704E-02  8.1439344E-03  3.7375372E-04
 day              3          50           1           1           1        1975           6                     1 hru0006            1.627084      0.2033856      0.3704462      3.7044618E-02  4.4865988E-02  4.4865985E-03   15.91276       1.591276      6.8285279E-02  5.4628223E-02  1.3657055E-02  6.2677072E-04
 day              4         100           1           1           1        1975           6                     1 hru0006            2.277246      0.2846558      0.5184718      5.1847178E-02  6.2793866E-02  6.2793866E-03   21.97939       2.197939      9.2998929E-02  7.4399143E-02  1.8599784E-02  6.1999285E-04
 day              5         150           1           1           1        1975           6                     1 hru0006            2.293703      0.2867129      0.5222186      5.2221861E-02  6.3247658E-02  6.3247657E-03   22.13823       2.213822      9.3671001E-02  7.4936800E-02  1.8734200E-02  6.2447332E-04
 day              6         200           1           1           1        1975           6                     1 hru0006           0.5674379      7.0929736E-02  0.1291913      1.2919134E-02  1.5646800E-02  1.5646800E-03   5.476762      0.5476763      2.3173219E-02  1.8538574E-02  4.6346448E-03  1.5448812E-04
 day              7         300           1           1           1        1975           6                     1 hru0006            1.141725      0.1427156      0.2599421      2.5994210E-02  3.1482466E-02  3.1482468E-03   11.01963       1.101963      4.6626151E-02  3.7300918E-02  9.3252324E-03  3.1084102E-04
 day              8         450           1           1           1        1975           6                     1 hru0006            1.695063      0.2118829      0.3859232      3.8592324E-02  4.6740465E-02  4.6740463E-03   16.36031       1.636031      6.9223553E-02  5.5378839E-02  1.3844714E-02  4.6149033E-04
 day              9         600           1           1           1        1975           6                     1 hru0006           0.9508600      0.1188575      0.2164869      2.1648692E-02  2.6219463E-02  2.6219462E-03   9.177453      0.9177453      3.8831539E-02  3.1065229E-02  7.7663097E-03  2.5887691E-04
 day             10         750           1           1           1        1975           6                     1 hru0006           0.3771088      4.7138594E-02  8.5858181E-02  8.5858181E-03  1.0398574E-02  1.0398574E-03   3.639755      0.3639755      1.5400494E-02  1.2320394E-02  3.0800994E-03  1.0266995E-04
 day             11         900           1           1           1        1975           6                     1 hru0006           0.2709814      3.3872671E-02  5.8726251E-02  5.8726254E-03  7.3226010E-03  7.3226012E-04   2.563089      0.2563089      1.0844916E-02  8.6759320E-03  2.1689837E-03  7.2299437E-05
 day             12        1050           1           1           1        1975           6                     1 hru0006           0.1300809      1.6260117E-02  2.6156489E-02  2.6156488E-03  3.4126504E-03  3.4126505E-04   1.194511      0.1194511      5.0542038E-03  4.0433626E-03  1.0108413E-03  3.3694694E-05
 day             13        1200           1           1           1        1975           6                     1 hru0006           0.1309283      1.6366038E-02  2.6326878E-02  2.6326878E-03  3.4348811E-03  3.4348812E-04   1.202292      0.1202292      5.0871284E-03  4.0697022E-03  1.0174263E-03  3.3914188E-05
 day             14        1500           1           1           1        1975           6                     1 hru0006           0.2639835      3.2997940E-02  5.3081430E-02  5.3081433E-03  6.9255610E-03  6.9255615E-04   2.424116      0.2424116      1.0256892E-02  8.2055135E-03  2.0513788E-03  6.8379282E-05
 day             15        1800           1           1           1        1975           6                     1 hru0006           0.2661572      3.3269651E-02  5.3518511E-02  5.3518512E-03  6.9825877E-03  6.9825875E-04   2.444077      0.2444076      1.0341350E-02  8.2730791E-03  2.0682705E-03  6.8942340E-05
 day             16        2000           1           1           1        1975           6                     1 hru0006           0.1783447      2.2293083E-02  3.5861284E-02  3.5861284E-03  4.6788407E-03  4.6788403E-04   1.637709      0.1637709      6.9294544E-03  5.5435630E-03  1.3858912E-03  4.6196365E-05
 day              1          10           1           1           1        1975           7                     1 hru0007           0.3066216      3.8327694E-02  8.0689311E-02  8.0689332E-03  6.0576452E-03  6.0576451E-04   3.488735      0.3488735      1.3665640E-02  1.0932512E-02  2.7331279E-03  6.9794263E-04
 day              2          25           1           1           1        1975           7                     1 hru0007           0.3301983      4.1274793E-02  7.5177863E-02  7.5177862E-03  9.1050444E-03  9.1050449E-04   3.311373      0.3311373      1.4580825E-02  1.1664658E-02  2.9161675E-03  1.9950556E-04
 day              3          50           1           1           1        1975           7                     1 hru0007           0.5537474      6.9218427E-02  0.1260744      1.2607437E-02  1.5269292E-02  1.5269292E-03   5.553220      0.5553220      2.4452254E-02  1.9561799E-02  4.8904549E-03  3.3457368E-04
 day              4         100           1           1           1        1975           7                     1 hru0007           0.8085377      0.1010672      0.1840837      1.8408371E-02  2.2295002E-02  2.2295001E-03   7.803795      0.7803795      3.3019338E-02  2.6415469E-02  6.6038691E-03  2.2012892E-04
 day              5         150           1           1           1        1975           7                     1 hru0007           0.8144381      0.1018048      0.1854271      1.8542709E-02  2.2457700E-02  2.2457701E-03   7.860744      0.7860744      3.3260297E-02  2.6608236E-02  6.6520609E-03  2.2173532E-04
 day              6         200           1           1           1        1975           7                     1 hru0007           0.5492704      6.8658799E-02  0.1250550      1.2505504E-02  1.5145840E-02  1.5145839E-03   5.301414      0.5301414      2.2431286E-02  1.7945027E-02  4.4862581E-03  1.4954191E-04
 day              7         300           1           1           1        1975           7                     1 hru0007            1.105271      0.1381588      0.2516423      2.5164234E-02  3.0477252E-02  3.0477252E-03   10.66778       1.066778      4.5137417E-02  3.6109932E-02  9.0274857E-03  3.0091612E-04
 day              8         450           1           1           1        1975           7                     1 hru0007            1.641151      0.2051438      0.3736488      3.7364881E-02  4.5253865E-02  4.5253867E-03   15.83996       1.583996      6.7021862E-02  5.3617485E-02  1.3404376E-02  4.4681242E-04
 day              9         600           1           1           1        1975           7                     1 hru0007           0.9207227      0.1150903      0.2096254      2.0962544E-02  2.5388442E-02  2.5388442E-03   8.886576      0.8886575      3.7600782E-02  3.0080624E-02  7.5201583E-03  2.5067187E-04
 day             10         750           1           1           1        1975           7                     1 hru0007           0.3651836      4.5647945E-02  8.3143130E-02  8.3143134E-03  1.0069745E-02  1.0069745E-03   3.524657      0.3524657      1.4913490E-02  1.1930792E-02  2.9826986E-03  9.9423269E-05
 day             11         900           1           1           1        1975           7                     1 hru0007           0.2659889      3.3248611E-02  5.7644296E-02  5.7644299E-03  7.1876911E-03  7.1876909E-04   2.515868      0.2515868      1.0645112E-02  8.5160891E-03  2.1290230E-03  7.0967413E-05
 day             12        1050           1           1           1        1975           7                     1 hru0007           0.1301735      1.6271692E-02  2.6175110E-02  2.6175110E-03  3.4150796E-03  3.4150798E-04   1.195361      0.1195361      5.0578015E-03  4.0462408E-03  1.0115608E-03  3.3718679E-05
 day             13        1200           1           1           1        1975           7                     1 hru0007           0.1310206      1.6377572E-02  2.6345430E-02  2.6345432E-03  3.4373018E-03  3.4373021E-04   1.203140      0.1203140      5.0907126E-03  4.0725693E-03  1.0181430E-03  3.3938086E-05
 day             14        1500           1           1           1        1975           7                     1 hru0007           0.2641598      3.3019975E-02  5.3116873E-02  5.3116875E-03  6.9301859E-03  6.9301861E-04   2.425734      0.2425734      1.0263741E-02  8.2109924E-03  2.0527488E-03  6.8424939E-05
 day             15        1800           1           1           1        1975           7                     1 hru0007           0.2663149      3.3289365E-02  5.3550221E-02  5.3550224E-03  6.9867251E-03  6.9867255E-04   2.445525      0.2445525      1.0347477E-02  8.2779815E-03  2.0694959E-03  6.8983187E-05
 day             16        2000           1           1           1        1975           7                     1 hru0007           0.1784377      2.2304717E-02  3.5880007E-02  3.5880005E-03  4.6812827E-03  4.6812824E-04   1.638563      0.1638563      6.9330717E-03  5.5464571E-03  1.3866146E-03  4.6220481E-05
 day              1          10           1           1           1        1975           8                     1 hru0008           9.6694641E-02  1.2086830E-02  2.5445780E-02  2.5445779E-03  1.9103091E-03  1.9103088E-04   2.328995      0.2328995      8.7603899E-03  7.0083104E-03  1.7520795E-03  6.6518574E-04
 day              2          25           1           1           1        1975           8                     1 hru0008           0.1041181      1.3014760E-02  2.3705071E-02  2.3705072E-03  2.8710009E-03  2.8710009E-04   1.129230      0.1129230      5.3474228E-03  4.2779362E-03  1.0694864E-03  1.3788769E-04
 day              3          50           1           1           1        1975           8                     1 hru0008           0.1745766      2.1822073E-02  3.9746702E-02  3.9746701E-03  4.8138569E-03  4.8138574E-04   1.893399      0.1893399      8.9661144E-03  7.1728891E-03  1.7932254E-03  2.3119865E-04
 day              4         100           1           1           1        1975           8                     1 hru0008            1.370379      0.1712974      0.3120009      3.1200090E-02  3.7787482E-02  3.7787484E-03   13.22654       1.322654      5.5963989E-02  4.4771191E-02  1.1192797E-02  3.7309327E-04
 day              5         150           1           1           1        1975           8                     1 hru0008            1.379810      0.1724763      0.3141482      3.1414818E-02  3.8047545E-02  3.8047547E-03   13.31757       1.331757      5.6349147E-02  4.5079317E-02  1.1269828E-02  3.7566098E-04
 day              6         200           1           1           1        1975           8                     1 hru0008           0.5667521      7.0844017E-02  0.1290352      1.2903522E-02  1.5627891E-02  1.5627891E-03   5.470144      0.5470144      2.3145212E-02  1.8516168E-02  4.6290434E-03  1.5430141E-04
 day              7         300           1           1           1        1975           8                     1 hru0008            1.139837      0.1424796      0.2595122      2.5951218E-02  3.1430397E-02  3.1430398E-03   11.00141       1.100141      4.6549030E-02  3.7239220E-02  9.3098078E-03  3.1032687E-04
 day              8         450           1           1           1        1975           8                     1 hru0008            1.691187      0.2113983      0.3850407      3.8504068E-02  4.6633575E-02  4.6633575E-03   16.32289       1.632289      6.9065250E-02  5.5252198E-02  1.3813053E-02  4.6043500E-04
 day              9         600           1           1           1        1975           8                     1 hru0008           0.9481369      0.1185171      0.2158669      2.1586692E-02  2.6144372E-02  2.6144371E-03   9.151171      0.9151170      3.8720332E-02  3.0976264E-02  7.7440683E-03  2.5813552E-04
 day             10         750           1           1           1        1975           8                     1 hru0008           0.3758814      4.6985179E-02  8.5578747E-02  8.5578747E-03  1.0364731E-02  1.0364731E-03   3.627909      0.3627909      1.5350373E-02  1.2280297E-02  3.0700753E-03  1.0233581E-04
 day             11         900           1           1           1        1975           8                     1 hru0008           0.2906763      3.6334537E-02  6.2994480E-02  6.2994477E-03  7.8548081E-03  7.8548078E-04   2.749375      0.2749375      1.1633128E-02  9.3065007E-03  2.3266268E-03  7.7554192E-05
 day             12        1050           1           1           1        1975           8                     1 hru0008           0.1539176      1.9239698E-02  3.0949527E-02  3.0949528E-03  4.0380009E-03  4.0380011E-04   1.413399      0.1413399      5.9803603E-03  4.7842874E-03  1.1960727E-03  3.9869068E-05
 day             13        1200           1           1           1        1975           8                     1 hru0008           0.1549211      1.9365141E-02  3.1151321E-02  3.1151322E-03  4.0643285E-03  4.0643287E-04   1.422614      0.1422614      6.0193520E-03  4.8154811E-03  1.2038711E-03  4.0129016E-05
 day             14        1500           1           1           1        1975           8                     1 hru0008           0.3124040      3.9050501E-02  6.2817752E-02  6.2817754E-03  8.1958650E-03  8.1958645E-04   2.868753      0.2868753      1.2138236E-02  9.7105885E-03  2.4276478E-03  8.0921571E-05
 day             15        1800           1           1           1        1975           8                     1 hru0008           0.3150833      3.9385408E-02  6.3356489E-02  6.3356487E-03  8.2661537E-03  8.2661537E-04   2.893356      0.2893356      1.2242337E-02  9.7938692E-03  2.4484680E-03  8.1615573E-05
 day             16        2000           1           1           1        1975           8                     1 hru0008           0.2111993      2.6399910E-02  4.2467646E-02  4.2467644E-03  5.5407756E-03  5.5407756E-04   1.939407      0.1939407      8.2059978E-03  6.5647978E-03  1.6411999E-03  5.4706652E-05
 day              1          10           1           1           1        1975           9                     1 hru0009           0.9770240      0.1221280      0.2571098      2.5710979E-02  1.9302184E-02  1.9302184E-03   7.191951      0.7191951      2.9328573E-02  2.3462858E-02  5.8657159E-03  8.0235035E-04
 day              2          25           1           1           1        1975           9                     1 hru0009            1.052124      0.1315155      0.2395422      2.3954220E-02  2.9011764E-02  2.9011762E-03   10.27919       1.027920      4.4062939E-02  3.5250347E-02  8.8125924E-03  3.9603948E-04
 day              3          50           1           1           1        1975           9                     1 hru0009            1.764359      0.2205448      0.4017001      4.0170018E-02  4.8651267E-02  4.8651271E-03   17.23769       1.723769      7.3891290E-02  5.9113029E-02  1.4778261E-02  6.6413806E-04
 day              4         100           1           1           1        1975           9                     1 hru0009            1.679910      0.2099887      0.3824732      3.8247321E-02  4.6322621E-02  4.6322620E-03   16.21405       1.621405      6.8604708E-02  5.4883763E-02  1.3720945E-02  4.5736475E-04
 day              5         150           1           1           1        1975           9                     1 hru0009            1.692018      0.2115022      0.3852299      3.8522996E-02  4.6656501E-02  4.6656500E-03   16.33092       1.633092      6.9099188E-02  5.5279348E-02  1.3819841E-02  4.6066128E-04
 day              6         200           1           1           1        1975           9                     1 hru0009           0.5674002      7.0925027E-02  0.1291828      1.2918278E-02  1.5645761E-02  1.5645762E-03   5.476399      0.5476400      2.3171680E-02  1.8537343E-02  4.6343370E-03  1.5447786E-04
 day              7         300           1           1           1        1975           9                     1 hru0009            1.141622      0.1427027      0.2599186      2.5991857E-02  3.1479619E-02  3.1479620E-03   11.01863       1.101864      4.6621934E-02  3.7297543E-02  9.3243886E-03  3.1081290E-04
 day              8         450           1           1           1        1975           9                     1 hru0009            1.694852      0.2118565      0.3858751      3.8587507E-02  4.6734635E-02  4.6734633E-03   16.35826       1.635826      6.9214918E-02  5.5371933E-02  1.3842987E-02  4.6143279E-04
 day              9         600           1           1           1        1975           9                     1 hru0009           0.9507123      0.1188390      0.2164533      2.1645330E-02  2.6215389E-02  2.6215389E-03   9.176028      0.9176027      3.8825512E-02  3.1060407E-02  7.7651041E-03  2.5883675E-04
 day             10         750           1           1           1        1975           9                     1 hru0009           0.3770426      4.7130328E-02  8.5843123E-02  8.5843122E-03  1.0396751E-02  1.0396750E-03   3.639117      0.3639117      1.5397794E-02  1.2318234E-02  3.0795594E-03  1.0265195E-04
 day             11         900           1           1           1        1975           9                     1 hru0009           0.2709308      3.3866353E-02  5.8715295E-02  5.8715297E-03  7.3212353E-03  7.3212356E-04   2.562611      0.2562611      1.0842893E-02  8.6743142E-03  2.1685793E-03  7.2285955E-05
 day             12        1050           1           1           1        1975           9                     1 hru0009           0.1300562      1.6257023E-02  2.6151512E-02  2.6151512E-03  3.4120011E-03  3.4120012E-04   1.194284      0.1194284      5.0532422E-03  4.0425933E-03  1.0106490E-03  3.3688284E-05
 day             13        1200           1           1           1        1975           9                     1 hru0009           0.1309036      1.6362948E-02  2.6321905E-02  2.6321905E-03  3.4342322E-03  3.4342325E-04   1.202065      0.1202065      5.0861672E-03  4.0689334E-03  1.0172339E-03  3.3907781E-05
 day             14        1500           1           1           1        1975           9                     1 hru0009           0.2639361      3.2992017E-02  5.3071894E-02  5.3071897E-03  6.9243172E-03  6.9243176E-04   2.423680      0.2423680      1.0255051E-02  8.2040401E-03  2.0510107E-03  6.8367008E-05
 day             15        1800           1           1           1        1975           9                     1 hru0009           0.2661147      3.3264335E-02  5.3509958E-02  5.3509958E-03  6.9814711E-03  6.9814717E-04   2.443686      0.2443686      1.0339697E-02  8.2717566E-03  2.0679398E-03  6.8931316E-05
 day             16        2000           1           1           1        1975           9                     1 hru0009           0.1783195      2.2289935E-02  3.5856225E-02  3.5856224E-03  4.6781800E-03  4.6781797E-04   1.637477      0.1637477      6.9284760E-03  5.5427803E-03  1.3856955E-03  4.6189842E-05
 day              1          10           1           1           1        1975          10                     1 hru0010           0.8051228      0.1006403      0.2118730      2.1187294E-02  1.5906086E-02  1.5906085E-03   6.242354      0.6242354      2.5312189E-02  2.0249750E-02  5.0624390E-03  7.7556062E-04
 day              2          25           1           1           1        1975          10                     1 hru0010           0.8669854      0.1083732      0.1973908      1.9739078E-02  2.3906663E-02  2.3906666E-03   8.492268      0.8492268      3.6501989E-02  2.9201591E-02  7.3003974E-03  3.4561788E-04
 day              3          50           1           1           1        1975          10                     1 hru0010            1.453827      0.1817284      0.3309999      3.3099990E-02  4.0088512E-02  4.0088515E-03   14.24048       1.424048      6.1209355E-02  4.8967473E-02  1.2241881E-02  5.7955866E-04
 day              4         100           1           1           1        1975          10                     1 hru0010            1.653973      0.2067466      0.3765680      3.7656799E-02  4.5607422E-02  4.5607421E-03   15.96371       1.596371      6.7545488E-02  5.4036386E-02  1.3509101E-02  4.5030328E-04
 day              5         150           1           1           1        1975          10                     1 hru0010            1.665724      0.2082155      0.3792435      3.7924353E-02  4.5931466E-02  4.5931465E-03   16.07714       1.607714      6.8025403E-02  5.4420318E-02  1.3605083E-02  4.5350270E-04
 day              6         200           1           1           1        1975          10                     1 hru0010           0.5671959      7.0899487E-02  0.1291362      1.2913625E-02  1.5640127E-02  1.5640126E-03   5.474426      0.5474427      2.3163335E-02  1.8530667E-02  4.6326681E-03  1.5442223E-04
 day              7         300           1           1           1        1975          10                     1 hru0010            1.141059      0.1426324      0.2597905      2.5979053E-02  3.1464111E-02  3.1464112E-03   11.01321       1.101321      4.6598963E-02  3.7279170E-02  9.3197953E-03  3.1065976E-04
 day              8         450           1           1           1        1975          10                     1 hru0010            1.693700      0.2117125      0.3856129      3.8561292E-02  4.6702884E-02  4.6702884E-03   16.34715       1.634715      6.9167897E-02  5.5334315E-02  1.3833582E-02  4.6111929E-04
 day              9         600           1           1           1        1975          10                     1 hru0010           0.9499061      0.1187383      0.2162697      2.1626974E-02  2.6193159E-02  2.6193159E-03   9.168246      0.9168245      3.8792584E-02  3.1034065E-02  7.7585187E-03  2.5861722E-04
 day             10         750           1           1           1        1975          10                     1 hru0010           0.3766806      4.7085077E-02  8.5760705E-02  8.5760700E-03  1.0386768E-02  1.0386767E-03   3.635623      0.3635623      1.5383008E-02  1.2306405E-02  3.0766022E-03  1.0255339E-04
 day             11         900           1           1           1        1975          10                     1 hru0010           0.2761691      3.4521133E-02  5.9850503E-02  5.9850505E-03  7.4627846E-03  7.4627844E-04   2.612157      0.2612157      1.1052533E-02  8.8420250E-03  2.2105079E-03  7.3683557E-05
 day             12        1050           1           1           1        1975          10                     1 hru0010           0.1364154      1.7051928E-02  2.7430220E-02  2.7430221E-03  3.5788347E-03  3.5788346E-04   1.252680      0.1252680      5.3003249E-03  4.2402595E-03  1.0600652E-03  3.5335499E-05
 day             13        1200           1           1           1        1975          10                     1 hru0010           0.1373051      1.7163137E-02  2.7609110E-02  2.7609111E-03  3.6021748E-03  3.6021750E-04   1.260849      0.1260849      5.3348918E-03  4.2679133E-03  1.0669787E-03  3.5565943E-05
 day             14        1500           1           1           1        1975          10                     1 hru0010           0.2768560      3.4606997E-02  5.5669796E-02  5.5669798E-03  7.2632669E-03  7.2632666E-04   2.542321      0.2542321      1.0757041E-02  8.6056320E-03  2.1514087E-03  7.1713614E-05
 day             15        1800           1           1           1        1975          10                     1 hru0010           0.2791705      3.4896310E-02  5.6135200E-02  5.6135198E-03  7.3239887E-03  7.3239888E-04   2.563575      0.2563575      1.0846971E-02  8.6775757E-03  2.1693946E-03  7.2313145E-05
 day             16        2000           1           1           1        1975          10                     1 hru0010           0.1870871      2.3385892E-02  3.7619211E-02  3.7619211E-03  4.9081976E-03  4.9081974E-04   1.717989      0.1717989      7.2691357E-03  5.8153085E-03  1.4538270E-03  4.8460905E-05
 day              1          10           1           1           1        1975          11                     1 hru0011            1.080327      0.1350408      0.2842946      2.8429456E-02  2.1343041E-02  2.1343045E-03   7.762467      0.7762467      3.1741537E-02  2.5393227E-02  6.3483110E-03  8.1838283E-04
 day              2          25           1           1           1        1975          11                     1 hru0011            1.163240      0.1454050      0.2648406      2.6484059E-02  3.2075737E-02  3.2075737E-03   11.35159       1.135159      4.8600096E-02  3.8880073E-02  9.7200247E-03  4.2622694E-04
 day              3          50           1           1           1        1975          11                     1 hru0011            1.950359      0.2437949      0.4440478      4.4404775E-02  5.3780138E-02  5.3780135E-03   19.03276       1.903276      8.1485830E-02  6.5188669E-02  1.6297165E-02  7.1463763E-04
 day              4         100           1           1           1        1975          11                     1 hru0011            1.502738      0.1878423      0.3421357      3.4213573E-02  4.1437209E-02  4.1437210E-03   14.50404       1.450404      6.1369322E-02  4.9095456E-02  1.2273868E-02  4.0912884E-04
 day              5         150           1           1           1        1975          11                     1 hru0011            1.512960      0.1891200      0.3444630      3.4446303E-02  4.1719075E-02  4.1719079E-03   14.60270       1.460270      6.1786771E-02  4.9429413E-02  1.2357357E-02  4.1191181E-04
 day              6         200           1           1           1        1975          11                     1 hru0011           0.6506678      8.1333481E-02  0.1481407      1.4814071E-02  1.7941823E-02  1.7941823E-03   6.280077      0.6280077      2.6572198E-02  2.1257754E-02  5.3144423E-03  1.7714799E-04
 day              7         300           1           1           1        1975          11                     1 hru0011            1.308467      0.1635584      0.2979051      2.9790517E-02  3.6080301E-02  3.6080300E-03   12.62899       1.262899      5.3435639E-02  4.2748507E-02  1.0687131E-02  3.5623758E-04
 day              8         450           1           1           1        1975          11                     1 hru0011            1.941093      0.2426367      0.4419382      4.4193815E-02  5.3524625E-02  5.3524626E-03   18.73493       1.873493      7.9271004E-02  6.3416801E-02  1.5854200E-02  5.2847335E-04
 day              9         600           1           1           1        1975          11                     1 hru0011            1.088090      0.1360113      0.2477308      2.4773082E-02  3.0003516E-02  3.0003518E-03   10.50196       1.050196      4.4435788E-02  3.5548631E-02  8.8871568E-03  2.9623858E-04
 day             10         750           1           1           1        1975          11                     1 hru0011           0.4313224      5.3915299E-02  9.8201267E-02  9.8201269E-03  1.1893488E-02  1.1893489E-03   4.163012      0.4163012      1.7614484E-02  1.4091588E-02  3.5228964E-03  1.1742990E-04
 day             11         900           1           1           1        1975          11                     1 hru0011           0.3196487      3.9956089E-02  6.9273286E-02  6.9273282E-03  8.6377151E-03  8.6377148E-04   3.023412      0.3023412      1.2792626E-02  1.0234101E-02  2.5585259E-03  8.5284177E-05
 day             12        1050           1           1           1        1975          11                     1 hru0011           0.1602596      2.0032456E-02  3.2224782E-02  3.2224781E-03  4.2043836E-03  4.2043836E-04   1.471637      0.1471637      6.2267734E-03  4.9814186E-03  1.2453547E-03  4.1511823E-05
 day             13        1200           1           1           1        1975          11                     1 hru0011           0.1613036      2.0162949E-02  3.2434694E-02  3.2434694E-03  4.2317710E-03  4.2317709E-04   1.481223      0.1481223      6.2673348E-03  5.0138677E-03  1.2534669E-03  4.1782234E-05
 day             14        1500           1           1           1        1975          11                     1 hru0011           0.3252826      4.0660322E-02  6.5407343E-02  6.5407343E-03  8.5337311E-03  8.5337309E-04   2.987014      0.2987014      1.2638623E-02  1.0110898E-02  2.5277252E-03  8.4257488E-05
 day             15        1800           1           1           1        1975          11                     1 hru0011           0.3280958      4.1011978E-02  6.5973029E-02  6.5973029E-03  8.6075356E-03  8.6075359E-04   3.012848      0.3012848      1.2747929E-02  1.0198343E-02  2.5495866E-03  8.4986197E-05
 day             16        2000           1           1           1        1975          11                     1 hru0011           0.2199385      2.7492309E-02  4.4224910E-02  4.4224914E-03  5.7700472E-03  5.7700468E-04   2.019658      0.2019658      8.5455552E-03  6.8364432E-03  1.7091120E-03  5.6970370E-05
 day              1          10           1           1           1        1975          12                     1 hru0012           0.9266937      0.1158367      0.2438651      2.4386512E-02  1.8307853E-02  1.8307855E-03   6.913888      0.6913888      2.8152483E-02  2.2521980E-02  5.6305029E-03  7.9449057E-04
 day              2          25           1           1           1        1975          12                     1 hru0012           0.9978862      0.1247358      0.2271936      2.2719363E-02  2.7516188E-02  2.7516191E-03   9.755680      0.9755680      4.1847717E-02  3.3478167E-02  8.3695501E-03  3.8124976E-04
 day              3          50           1           1           1        1975          12                     1 hru0012            1.673301      0.2091627      0.3809687      3.8096864E-02  4.6140403E-02  4.6140398E-03   16.35877       1.635877      7.0172146E-02  5.6137715E-02  1.4034432E-02  6.3929695E-04
 day              4         100           1           1           1        1975          12                     1 hru0012            1.541221      0.1926527      0.3508974      3.5089739E-02  4.2498369E-02  4.2498368E-03   14.87547       1.487547      6.2940925E-02  5.0352737E-02  1.2588188E-02  4.1960616E-04
 day              5         150           1           1           1        1975          12                     1 hru0012            1.552107      0.1940134      0.3533757      3.5337575E-02  4.2798527E-02  4.2798524E-03   14.98053       1.498053      6.3385464E-02  5.0708368E-02  1.2677096E-02  4.2256975E-04
 day              6         200           1           1           1        1975          12                     1 hru0012           0.5780883      7.2261035E-02  0.1316162      1.3161618E-02  1.5940478E-02  1.5940478E-03   5.579557      0.5579557      2.3608170E-02  1.8886534E-02  4.7216364E-03  1.5738780E-04
 day              7         300           1           1           1        1975          12                     1 hru0012            1.162908      0.1453635      0.2647649      2.6476493E-02  3.2066576E-02  3.2066575E-03   11.22408       1.122409      4.7491226E-02  3.7992980E-02  9.4982479E-03  3.1660817E-04
 day              8         450           1           1           1        1975          12                     1 hru0012            1.725996      0.2157495      0.3929659      3.9296594E-02  4.7593430E-02  4.7593429E-03   16.65886       1.665887      7.0486799E-02  5.6389436E-02  1.4097363E-02  4.6991202E-04
 day              9         600           1           1           1        1975          12                     1 hru0012           0.9679508      0.1209938      0.2203781      2.2037808E-02  2.6690733E-02  2.6690732E-03   9.342409      0.9342409      3.9529495E-02  3.1623594E-02  7.9059005E-03  2.6352998E-04
 day             10         750           1           1           1        1975          12                     1 hru0012           0.3838178      4.7977228E-02  8.7385684E-02  8.7385681E-03  1.0583574E-02  1.0583574E-03   3.704510      0.3704510      1.5674483E-02  1.2539586E-02  3.1348974E-03  1.0449655E-04
 day             11         900           1           1           1        1975          12                     1 hru0012           0.2791530      3.4894124E-02  6.0497180E-02  6.0497178E-03  7.5434186E-03  7.5434189E-04   2.640381      0.2640381      1.1171951E-02  8.9375600E-03  2.2343907E-03  7.4479678E-05
 day             12        1050           1           1           1        1975          12                     1 hru0012           0.1363557      1.7044462E-02  2.7418207E-02  2.7418209E-03  3.5772675E-03  3.5772676E-04   1.252131      0.1252131      5.2980040E-03  4.2384029E-03  1.0596011E-03  3.5320023E-05
 day             13        1200           1           1           1        1975          12                     1 hru0012           0.1372451      1.7155644E-02  2.7597059E-02  2.7597060E-03  3.6006023E-03  3.6006022E-04   1.260299      0.1260299      5.3325631E-03  4.2660502E-03  1.0665129E-03  3.5550416E-05
 day             14        1500           1           1           1        1975          12                     1 hru0012           0.2767402      3.4592528E-02  5.5646520E-02  5.5646519E-03  7.2602304E-03  7.2602305E-04   2.541258      0.2541258      1.0752545E-02  8.6020352E-03  2.1505095E-03  7.1683637E-05
 day             15        1800           1           1           1        1975          12                     1 hru0012           0.2790655      3.4883194E-02  5.6114096E-02  5.6114099E-03  7.3212353E-03  7.3212350E-04   2.562611      0.2562611      1.0842893E-02  8.6743142E-03  2.1685793E-03  7.2285955E-05
 day             16        2000           1           1           1        1975          12                     1 hru0012           0.1870245      2.3378067E-02  3.7606623E-02  3.7606624E-03  4.9065561E-03  4.9065560E-04   1.717414      0.1717414      7.2667040E-03  5.8133635E-03  1.4533408E-03  4.8444694E-05
 day              1          10           2           1           2        1975           1                     1 hru0001           0.3061702      3.7714992E-02  7.8657746E-02  7.8652771E-03  5.9045693E-03  5.9045781E-04   4.757724      0.4791568      1.7224021E-02  1.3779217E-02  3.4448041E-03  1.1880973E-03
 day              2          25           2           1           2        1975           1                     1 hru0001           0.3284699      4.2683523E-02  7.3461689E-02  7.3462534E-03  8.8962419E-03  8.8962738E-04   3.251040      0.3289483      1.4784904E-02  1.1827923E-02  2.9569806E-03  2.6937149E-04
 day              3          50           2           1           2        1975           1                     1 hru0001           0.5545311      7.2076112E-02  0.1240063      1.2400773E-02  1.5017208E-02  1.5017255E-03   5.487154      0.5552449      2.4957422E-02  1.9965937E-02  4.9914843E-03  4.5470899E-04
 day              4         100           2           1           2        1975           1                     1 hru0001           0.8482589      0.1093827      0.1898328      1.8983446E-02  2.2988828E-02  2.2988906E-03   7.870969      0.7967600      3.4029122E-02  2.7223296E-02  6.8058260E-03  2.2690243E-04
 day              5         150           2           1           2        1975           1                     1 hru0001           0.8608595      0.1102499      0.1926288      1.9262958E-02  2.3327403E-02  2.3327477E-03   7.985591      0.8084360      3.4530167E-02  2.7624132E-02  6.9060349E-03  2.3024362E-04
 day              6         200           2           1           2        1975           1                     1 hru0001           0.5226126      6.6598594E-02  0.1169249      1.1692496E-02  1.4159634E-02  1.4159678E-03   4.846320      0.4906767      2.0959573E-02  1.6767656E-02  4.1919155E-03  1.3975649E-04
 day              7         300           2           1           2        1975           1                     1 hru0001            1.060573      0.1342218      0.2372584      2.3725681E-02  2.8732024E-02  2.8732112E-03   9.832550      0.9955955      4.2529982E-02  3.4023982E-02  8.5059982E-03  2.8358636E-04
 day              8         450           2           1           2        1975           1                     1 hru0001            1.594517      0.2005339      0.3567690      3.5676364E-02  4.3204810E-02  4.3204930E-03   14.78878       1.497247      6.3953392E-02  5.1162709E-02  1.2790686E-02  4.2643497E-04
 day              9         600           2           1           2        1975           1                     1 hru0001           0.8994704      0.1125872      0.2027898      2.0278733E-02  2.4559053E-02  2.4559093E-03   8.489772      0.8548349      3.6361668E-02  2.9089333E-02  7.2723352E-03  2.4243632E-04
 day             10         750           2           1           2        1975           1                     1 hru0001           0.3586044      4.4825297E-02  8.1327535E-02  8.1327055E-03  9.8496135E-03  9.8496187E-04   3.430665      0.3439983      1.4585757E-02  1.1668605E-02  2.9171521E-03  9.7242388E-05
 day             11         900           2           1           2        1975           1                     1 hru0001           0.2635897      3.2937251E-02  5.6915075E-02  5.6914692E-03  7.0965937E-03  7.0965977E-04   2.472410      0.2478774      1.0509025E-02  8.4072193E-03  2.1018055E-03  7.0062910E-05
 day             12        1050           2           1           2        1975           1                     1 hru0001           0.1300122      1.6242038E-02  2.6047345E-02  2.6047130E-03  3.3983216E-03  3.3983239E-04   1.183921      0.1186987      5.0324188E-03  4.0259343E-03  1.0064843E-03  3.3550776E-05
 day             13        1200           2           1           2        1975           1                     1 hru0001           0.1317221      1.6452204E-02  2.6389273E-02  2.6389039E-03  3.4429315E-03  3.4429331E-04   1.199426      0.1202552      5.0984761E-03  4.0787798E-03  1.0196961E-03  3.3991189E-05
 day             14        1500           2           1           2        1975           1                     1 hru0001           0.2676822      3.3423934E-02  5.3626016E-02  5.3625489E-03  6.9964291E-03  6.9964322E-04   2.437275      0.2443681      1.0360671E-02  8.2885362E-03  2.0721348E-03  6.9073903E-05
 day             15        1800           2           1           2        1975           1                     1 hru0001           0.2719639      3.3951938E-02  5.4482121E-02  5.4481532E-03  7.1081212E-03  7.1081240E-04   2.476088      0.2482649      1.0526063E-02  8.4208492E-03  2.1052137E-03  7.0176582E-05
 day             16        2000           2           1           2        1975           1                     1 hru0001           0.1830766      2.2853089E-02  3.6674768E-02  3.6674365E-03  4.7848471E-03  4.7848496E-04   1.666744      0.1671182      7.0856381E-03  5.6685098E-03  1.4171284E-03  4.7239504E-05
 day              1          10           2           1           2        1975           2                     1 hru0002           0.1492256      1.8387536E-02  3.8356375E-02  3.8353975E-03  2.8792857E-03  2.8792894E-04   2.294222      0.2310407      8.3453637E-03  6.6762906E-03  1.6690731E-03  5.7367684E-04
 day              2          25           2           1           2        1975           2                     1 hru0002           0.1602714      2.0816114E-02  3.5853311E-02  3.5853712E-03  4.3418570E-03  4.3418715E-04   1.583374      0.1601878      7.2600585E-03  5.8080447E-03  1.4520137E-03  1.3647492E-04
 day              3          50           2           1           2        1975           2                     1 hru0002           0.2720106      3.5340618E-02  6.0840230E-02  6.0840915E-03  7.3677800E-03  7.3678041E-04   2.686342      0.2718026      1.2319675E-02  9.8557379E-03  2.4639370E-03  2.3158637E-04
 day              4         100           2           1           2        1975           2                     1 hru0002            1.322133      0.1704494      0.2959200      2.9592248E-02  3.5836048E-02  3.5836166E-03   12.27171       1.242120      5.3046390E-02  4.2437110E-02  1.0609280E-02  3.5370694E-04
 day              5         150           2           1           2        1975           2                     1 hru0002            1.342372      0.1718913      0.3004062      3.0040735E-02  3.6379300E-02  3.6379416E-03   12.45537       1.260843      5.3850278E-02  4.3080222E-02  1.0770055E-02  3.5906772E-04
 day              6         200           2           1           2        1975           2                     1 hru0002           0.6035635      7.6908328E-02  0.1350462      1.3504623E-02  1.6354132E-02  1.6354184E-03   5.597960      0.5667476      2.4207992E-02  1.9366395E-02  4.8415982E-03  1.6141654E-04
 day              7         300           2           1           2        1975           2                     1 hru0002            1.223774      0.1548671      0.2737905      2.7378868E-02  3.3156078E-02  3.3156180E-03   11.34776       1.148949      4.9078722E-02  3.9262976E-02  9.8157441E-03  3.2725243E-04
 day              8         450           2           1           2        1975           2                     1 hru0002            1.837798      0.2311226      0.4112404      4.1123431E-02  4.9801342E-02  4.9801483E-03   17.04881       1.725940      7.3718026E-02  5.8974419E-02  1.4743608E-02  4.9154408E-04
 day              9         600           2           1           2        1975           2                     1 hru0002            1.035872      0.1296597      0.2335556      2.3355283E-02  2.8284999E-02  2.8285037E-03   9.778507      0.9845574      4.1878290E-02  3.3502635E-02  8.3756577E-03  2.7921746E-04
 day             10         750           2           1           2        1975           2                     1 hru0002           0.4128519      5.1606212E-02  9.3632534E-02  9.3631987E-03  1.1339880E-02  1.1339886E-03   3.949852      0.3960514      1.6792620E-02  1.3434096E-02  3.3585238E-03  1.1195539E-04
 day             11         900           2           1           2        1975           2                     1 hru0002           0.3091028      3.8624488E-02  6.6743940E-02  6.6743479E-03  8.3221300E-03  8.3221350E-04   2.899465      0.2906882      1.2323877E-02  9.8591000E-03  2.4647766E-03  8.2162369E-05
 day             12        1050           2           1           2        1975           2                     1 hru0002           0.1564161      1.9540673E-02  3.1337950E-02  3.1337694E-03  4.0885727E-03  4.0885751E-04   1.424435      0.1428101      6.0545825E-03  4.8436658E-03  1.2109168E-03  4.0365463E-05
 day             13        1200           2           1           2        1975           2                     1 hru0002           0.1585563      1.9803924E-02  3.1765979E-02  3.1765695E-03  4.1444148E-03  4.1444169E-04   1.443845      0.1447586      6.1372705E-03  4.9098167E-03  1.2274540E-03  4.0916748E-05
 day             14        1500           2           1           2        1975           2                     1 hru0002           0.3225441      4.0274460E-02  6.4618103E-02  6.4617461E-03  8.4305350E-03  8.4305386E-04   2.936940      0.2944615      1.2484374E-02  9.9874986E-03  2.4968747E-03  8.3232459E-05
 day             15        1800           2           1           2        1975           2                     1 hru0002           0.3282085      4.0973779E-02  6.5750763E-02  6.5750070E-03  8.5783070E-03  8.5783110E-04   2.988294      0.2996173      1.2703190E-02  1.0162552E-02  2.5406377E-03  8.4691324E-05
 day             16        2000           2           1           2        1975           2                     1 hru0002           0.2212208      2.7614724E-02  4.4316735E-02  4.4316249E-03  5.7818727E-03  5.7818752E-04   2.014088      0.2019428      8.5620852E-03  6.8496680E-03  1.7124175E-03  5.7082863E-05
 day              1          10           2           1           2        1975           3                     1 hru0003           0.7205526      8.9214243E-02  0.1867112      1.8669974E-02  1.4015819E-02  1.4015840E-03   6.986473      0.7043816      2.6812373E-02  2.1449894E-02  5.3624790E-03  1.2520201E-03
 day              2          25           2           1           2        1975           3                     1 hru0003           0.7793344      0.1012022      0.1743756      1.7437760E-02  2.1116970E-02  2.1117041E-03   7.435963      0.7525353      3.2874580E-02  2.6299665E-02  6.5749157E-03  3.8998251E-04
 day              3          50           2           1           2        1975           3                     1 hru0003            1.315663      0.1708872      0.2943476      2.9435093E-02  3.5645608E-02  3.5645727E-03   12.55027       1.270209      5.5492368E-02  4.4393893E-02  1.1098472E-02  6.5829238E-04
 day              4         100           2           1           2        1975           3                     1 hru0003            1.881569      0.2426274      0.4210787      4.2108230E-02  5.0992798E-02  5.0992970E-03   17.45905       1.767338      7.5481884E-02  6.0385507E-02  1.5096376E-02  5.0330476E-04
 day              5         150           2           1           2        1975           3                     1 hru0003            1.909438      0.2445406      0.4272627      4.2726446E-02  5.1741637E-02  5.1741805E-03   17.71256       1.793163      7.6590076E-02  6.1272059E-02  1.5318019E-02  5.1069475E-04
 day              6         200           2           1           2        1975           3                     1 hru0003           0.5225335      6.6588424E-02  0.1169074      1.1690740E-02  1.4157505E-02  1.4157550E-03   4.845599      0.4906033      2.0956418E-02  1.6765134E-02  4.1912831E-03  1.3973546E-04
 day              7         300           2           1           2        1975           3                     1 hru0003            1.060356      0.1341943      0.2372105      2.3720885E-02  2.8726215E-02  2.8726303E-03   9.830583      0.9953952      4.2521391E-02  3.4017112E-02  8.5042799E-03  2.8352905E-04
 day              8         450           2           1           2        1975           3                     1 hru0003            1.594080      0.2004788      0.3566722      3.5666682E-02  4.3193083E-02  4.3193204E-03   14.78481       1.496842      6.3936040E-02  5.1148824E-02  1.2787214E-02  4.2631928E-04
 day              9         600           2           1           2        1975           3                     1 hru0003           0.8991725      0.1125499      0.2027229      2.0272050E-02  2.4550961E-02  2.4551002E-03   8.486990      0.8545539      3.6349695E-02  2.9079752E-02  7.2699431E-03  2.4235649E-04
 day             10         750           2           1           2        1975           3                     1 hru0003           0.3584736      4.4808961E-02  8.1297942E-02  8.1297467E-03  9.8460298E-03  9.8460354E-04   3.429420      0.3438732      1.4580454E-02  1.1664362E-02  2.9160923E-03  9.7207034E-05
 day             11         900           2           1           2        1975           3                     1 hru0003           0.2634896      3.2924738E-02  5.6893490E-02  5.6893104E-03  7.0939022E-03  7.0939068E-04   2.471474      0.2477835      1.0505036E-02  8.4040286E-03  2.1010069E-03  7.0036309E-05
 day             12        1050           2           1           2        1975           3                     1 hru0003           0.1299627      1.6235849E-02  2.6037432E-02  2.6037220E-03  3.3970282E-03  3.3970305E-04   1.183471      0.1186536      5.0305040E-03  4.0244027E-03  1.0061014E-03  3.3538014E-05
 day             13        1200           2           1           2        1975           3                     1 hru0003           0.1316730      1.6446080E-02  2.6379464E-02  2.6379230E-03  3.4416516E-03  3.4416531E-04   1.198981      0.1202106      5.0965808E-03  4.0772641E-03  1.0193167E-03  3.3978551E-05
 day             14        1500           2           1           2        1975           3                     1 hru0003           0.2675893      3.3412334E-02  5.3607434E-02  5.3606909E-03  6.9940044E-03  6.9940073E-04   2.436433      0.2442835      1.0357080E-02  8.2856631E-03  2.0714165E-03  6.9049958E-05
 day             15        1800           2           1           2        1975           3                     1 hru0003           0.2718814      3.3941656E-02  5.4465644E-02  5.4465053E-03  7.1059703E-03  7.1059732E-04   2.475341      0.2481898      1.0522878E-02  8.4183011E-03  2.1045767E-03  7.0155351E-05
 day             16        2000           2           1           2        1975           3                     1 hru0003           0.1830282      2.2847051E-02  3.6665093E-02  3.6664691E-03  4.7835847E-03  4.7835871E-04   1.666305      0.1670742      7.0837690E-03  5.6670145E-03  1.4167546E-03  4.7227040E-05
 day              1          10           2           1           2        1975           4                     1 hru0004           0.6674079      8.2609437E-02  0.1728533      1.7284274E-02  1.2975551E-02  1.2975566E-03   6.700609      0.6754937      2.5582548E-02  2.0466035E-02  5.1165125E-03  1.2438096E-03
 day              2          25           2           1           2        1975           4                     1 hru0004           0.7215009      9.3695842E-02  0.1614312      1.6143300E-02  1.9549385E-02  1.9549453E-03   6.899140      0.6981993      3.0554064E-02  2.4443252E-02  6.1108125E-03  3.7449974E-04
 day              3          50           2           1           2        1975           4                     1 hru0004            1.218004      0.1582089      0.2724916      2.7249474E-02  3.2998838E-02  3.2998952E-03   11.64399       1.178471      5.1574294E-02  4.1259434E-02  1.0314861E-02  6.3214451E-04
 day              4         100           2           1           2        1975           4                     1 hru0004            1.899338      0.2449184      0.4250555      4.2505916E-02  5.1474389E-02  5.1474553E-03   17.62395       1.784030      7.6194756E-02  6.0955804E-02  1.5238950E-02  5.0805812E-04
 day              5         150           2           1           2        1975           4                     1 hru0004            1.927378      0.2468378      0.4312773      4.3127909E-02  5.2227810E-02  5.2227983E-03   17.87902       1.810013      7.7309728E-02  6.1847780E-02  1.5461950E-02  5.1549333E-04
 day              6         200           2           1           2        1975           4                     1 hru0004           0.5398588      6.8796165E-02  0.1207838      1.2078379E-02  1.4626937E-02  1.4626983E-03   5.006277      0.5068711      2.1651300E-02  1.7321037E-02  4.3302621E-03  1.4436885E-04
 day              7         300           2           1           2        1975           4                     1 hru0004            1.095450      0.1386355      0.2450618      2.4506008E-02  2.9677007E-02  2.9677094E-03   10.15598       1.028342      4.3928780E-02  3.5143021E-02  8.7857582E-03  2.9291341E-04
 day              8         450           2           1           2        1975           4                     1 hru0004            1.646708      0.2070974      0.3684484      3.6844287E-02  4.4619191E-02  4.4619320E-03   15.27301       1.546266      6.6046990E-02  5.2837592E-02  1.3209397E-02  4.4039488E-04
 day              9         600           2           1           2        1975           4                     1 hru0004           0.9287976      0.1162581      0.2094024      2.0939987E-02  2.5359884E-02  2.5359923E-03   8.766645      0.8827113      3.7547365E-02  3.0037889E-02  7.5094746E-03  2.5034178E-04
 day             10         750           2           1           2        1975           4                     1 hru0004           0.3702701      4.6283510E-02  8.3973303E-02  8.3972812E-03  1.0170045E-02  1.0170051E-03   3.542279      0.3551897      1.5060269E-02  1.2048215E-02  3.0120546E-03  1.0040592E-04
 day             11         900           2           1           2        1975           4                     1 hru0004           0.2685068      3.3551667E-02  5.7976861E-02  5.7976469E-03  7.2289850E-03  7.2289893E-04   2.518539      0.2525020      1.0705078E-02  8.5640615E-03  2.1410161E-03  7.1369970E-05
 day             12        1050           2           1           2        1975           4                     1 hru0004           0.1299064      1.6228821E-02  2.6026178E-02  2.6025965E-03  3.3955600E-03  3.3955622E-04   1.182961      0.1186024      5.0283284E-03  4.0226625E-03  1.0056659E-03  3.3523509E-05
 day             13        1200           2           1           2        1975           4                     1 hru0004           0.1316173      1.6439117E-02  2.6368314E-02  2.6368080E-03  3.4401969E-03  3.4401985E-04   1.198475      0.1201598      5.0944262E-03  4.0755402E-03  1.0188858E-03  3.3964188E-05
 day             14        1500           2           1           2        1975           4                     1 hru0004           0.2674836      3.3399127E-02  5.3586282E-02  5.3585754E-03  6.9912449E-03  6.9912476E-04   2.435474      0.2441872      1.0352994E-02  8.2823951E-03  2.0705995E-03  6.9022717E-05
 day             15        1800           2           1           2        1975           4                     1 hru0004           0.2717875      3.3929940E-02  5.4446865E-02  5.4446273E-03  7.1035209E-03  7.1035238E-04   2.474489      0.2481044      1.0519248E-02  8.4153982E-03  2.1038502E-03  7.0131144E-05
 day             16        2000           2           1           2        1975           4                     1 hru0004           0.1829730      2.2840166E-02  3.6654055E-02  3.6653653E-03  4.7821449E-03  4.7821473E-04   1.665805      0.1670240      7.0816362E-03  5.6653088E-03  1.4163275E-03  4.7212816E-05
 day              1          10           2           1           2        1975           5                     1 hru0005           0.8541788      0.1058213      0.2215554      2.2154184E-02  1.6631464E-02  1.6631485E-03   7.705172      0.7770093      2.9904300E-02  2.3923436E-02  5.9808651E-03  1.2726287E-03
 day              2          25           2           1           2        1975           5                     1 hru0005           0.9247175      0.1200718      0.2069158      2.0691814E-02  2.5057599E-02  2.5057686E-03   8.785405      0.8891222      3.8707640E-02  3.0966112E-02  7.7415276E-03  4.2886956E-04
 day              3          50           2           1           2        1975           5                     1 hru0005            1.561074      0.2027466      0.3492703      3.4927443E-02  4.2296782E-02  4.2296923E-03   14.82760       1.500732      6.5337636E-02  5.2270103E-02  1.3067534E-02  7.2392356E-04
 day              4         100           2           1           2        1975           5                     1 hru0005            1.849352      0.2384728      0.4138688      4.1387230E-02  5.0119672E-02  5.0119841E-03   17.16011       1.737078      7.4189447E-02  5.9351560E-02  1.4837888E-02  4.9468694E-04
 day              5         150           2           1           2        1975           5                     1 hru0005            1.876679      0.2403449      0.4199326      4.1993435E-02  5.0853964E-02  5.0854133E-03   17.40870       1.762400      7.5276092E-02  6.0220875E-02  1.5055218E-02  5.0193322E-04
 day              6         200           2           1           2        1975           5                     1 hru0005           0.5294358      6.7467935E-02  0.1184518      1.1845177E-02  1.4344531E-02  1.4344576E-03   4.909617      0.4970847      2.1233270E-02  1.6986614E-02  4.2466563E-03  1.4158148E-04
 day              7         300           2           1           2        1975           5                     1 hru0005            1.074318      0.1359611      0.2403341      2.4033241E-02  2.9104479E-02  2.9104566E-03   9.960048       1.008503      4.3081321E-02  3.4465052E-02  8.6162686E-03  2.8726261E-04
 day              8         450           2           1           2        1975           5                     1 hru0005            1.614979      0.2031070      0.3613488      3.6134344E-02  4.3759435E-02  4.3759560E-03   14.97870       1.516471      6.4774357E-02  5.1819481E-02  1.2954875E-02  4.3190905E-04
 day              9         600           2           1           2        1975           5                     1 hru0005           0.9109185      0.1140201      0.2053713      2.0536890E-02  2.4871707E-02  2.4871745E-03   8.597880      0.8657187      3.6824580E-02  2.9459661E-02  7.3649199E-03  2.4552271E-04
 day             10         750           2           1           2        1975           5                     1 hru0005           0.3631465      4.5393061E-02  8.2357749E-02  8.2357274E-03  9.9743856E-03  9.9743903E-04   3.474128      0.3483562      1.4770527E-02  1.1816421E-02  2.9541070E-03  9.8474244E-05
 day             11         900           2           1           2        1975           5                     1 hru0005           0.2654611      3.3171091E-02  5.7742413E-02  5.7742028E-03  7.1469820E-03  7.1469863E-04   2.489969      0.2496376      1.0583643E-02  8.4669134E-03  2.1167290E-03  7.0560367E-05
 day             12        1050           2           1           2        1975           5                     1 hru0005           0.1299228      1.6230861E-02  2.6532140E-02  2.6531925E-03  3.3959814E-03  3.3959834E-04   1.183107      0.1186171      5.0289528E-03  4.0231622E-03  1.0057908E-03  3.3527671E-05
 day             13        1200           2           1           2        1975           5                     1 hru0005           0.1316335      1.6441138E-02  2.6880851E-02  2.6880619E-03  3.4406150E-03  3.4406161E-04   1.198620      0.1201744      5.0950451E-03  4.0760357E-03  1.0190095E-03  3.3968314E-05
 day             14        1500           2           1           2        1975           5                     1 hru0005           0.2675144      3.3402964E-02  5.4627441E-02  5.4626912E-03  6.9920383E-03  6.9920416E-04   2.435750      0.2442149      1.0354169E-02  8.2833348E-03  2.0708342E-03  6.9030546E-05
 day             15        1800           2           1           2        1975           5                     1 hru0005           0.2718150      3.3933349E-02  5.5503953E-02  5.5503375E-03  7.1042255E-03  7.1042287E-04   2.474734      0.2481290      1.0520291E-02  8.4162317E-03  2.1040586E-03  7.0138100E-05
 day             16        2000           2           1           2        1975           5                     1 hru0005           0.1829892      2.2842176E-02  3.7365232E-02  3.7364836E-03  4.7825594E-03  4.7825620E-04   1.665949      0.1670384      7.0822500E-03  5.6657996E-03  1.4164504E-03  4.7216909E-05
 day              1          10           2           1           2        1975           6                     1 hru0006           0.8246704      0.1021516      0.2138608      2.1384772E-02  1.6053857E-02  1.6053877E-03   7.546429      0.7609676      2.9221389E-02  2.3377104E-02  5.8442862E-03  1.2680631E-03
 day              2          25           2           1           2        1975           6                     1 hru0006           0.8925971      0.1148934      0.1997265      1.9972796E-02  2.4186973E-02  2.4187050E-03   8.487251      0.8589436      3.7418805E-02  2.9935036E-02  7.4837697E-03  4.2026458E-04
 day              3          50           2           1           2        1975           6                     1 hru0006            1.506812      0.1933897      0.3371268      3.3712860E-02  4.0826179E-02  4.0826318E-03   14.32405       1.449759      6.3160501E-02  5.0528403E-02  1.2632100E-02  7.0938020E-04
 day              4         100           2           1           2        1975           6                     1 hru0006            2.127413      0.2714410      0.4760969      4.7609761E-02  5.7655524E-02  5.7655703E-03   19.74028       1.998260      8.5344359E-02  6.8275489E-02  1.7068870E-02  5.6906667E-04
 day              5         150           2           1           2        1975           6                     1 hru0006            2.158730      0.2743098      0.4830459      4.8304480E-02  5.8497000E-02  5.8497186E-03   20.02515       2.027279      8.6589627E-02  6.9271706E-02  1.7317925E-02  5.7737075E-04
 day              6         200           2           1           2        1975           6                     1 hru0006           0.5397779      6.8371385E-02  0.1207658      1.2076512E-02  1.4624762E-02  1.4624805E-03   5.005541      0.5067961      2.1648075E-02  1.7318459E-02  4.3296162E-03  1.4434736E-04
 day              7         300           2           1           2        1975           6                     1 hru0006            1.095230      0.1380707      0.2450128      2.4500992E-02  2.9671075E-02  2.9671164E-03   10.15397       1.028138      4.3920014E-02  3.5136007E-02  8.7840073E-03  2.9285494E-04
 day              8         450           2           1           2        1975           6                     1 hru0006            1.646262      0.2065754      0.3683494      3.6834247E-02  4.4607200E-02  4.4607320E-03   15.26895       1.545852      6.6029243E-02  5.2823395E-02  1.3205848E-02  4.4027652E-04
 day              9         600           2           1           2        1975           6                     1 hru0006           0.9284927      0.1161236      0.2093340      2.0933112E-02  2.5351599E-02  2.5351637E-03   8.763798      0.8824236      3.7535086E-02  3.0028069E-02  7.5070169E-03  2.5025991E-04
 day             10         750           2           1           2        1975           6                     1 hru0006           0.3701361      4.6256114E-02  8.3942965E-02  8.3942423E-03  1.0166369E-02  1.0166375E-03   3.541002      0.3550614      1.5054824E-02  1.2043859E-02  3.0109645E-03  1.0036962E-04
 day             11         900           2           1           2        1975           6                     1 hru0006           0.2684053      3.3533670E-02  5.7954978E-02  5.7954565E-03  7.2262571E-03  7.2262611E-04   2.517591      0.2524068      1.0701041E-02  8.5608317E-03  2.1402093E-03  7.1343056E-05
 day             12        1050           2           1           2        1975           6                     1 hru0006           0.1298570      1.6220707E-02  2.6016302E-02  2.6016079E-03  3.3942715E-03  3.3942735E-04   1.182513      0.1185574      5.0264215E-03  4.0211366E-03  1.0052848E-03  3.3510794E-05
 day             13        1200           2           1           2        1975           6                     1 hru0006           0.1315683      1.6431471E-02  2.6358521E-02  2.6358278E-03  3.4389193E-03  3.4389211E-04   1.198031      0.1201152      5.0925333E-03  4.0740264E-03  1.0185069E-03  3.3951568E-05
 day             14        1500           2           1           2        1975           6                     1 hru0006           0.2673906      3.3385556E-02  5.3567700E-02  5.3567165E-03  6.9888206E-03  6.9888233E-04   2.434631      0.2441026      1.0349407E-02  8.2795247E-03  2.0698826E-03  6.8998808E-05
 day             15        1800           2           1           2        1975           6                     1 hru0006           0.2717048      3.3918284E-02  5.4430336E-02  5.4429742E-03  7.1013644E-03  7.1013678E-04   2.473740      0.2480291      1.0516056E-02  8.4128445E-03  2.1032116E-03  7.0109854E-05
 day             16        2000           2           1           2        1975           6                     1 hru0006           0.1829244      2.2833398E-02  3.6644336E-02  3.6643932E-03  4.7808769E-03  4.7808795E-04   1.665364      0.1669797      7.0797587E-03  5.6638066E-03  1.4159521E-03  4.7200298E-05
 day              1          10           2           1           2        1975           7                     1 hru0007           0.2836335      3.4913301E-02  7.2781101E-02  7.2776498E-03  5.4634288E-03  5.4634362E-04   4.636525      0.4669090      1.6702604E-02  1.3362083E-02  3.3405204E-03  1.1846267E-03
 day              2          25           2           1           2        1975           7                     1 hru0007           0.3039508      3.9149098E-02  6.7973748E-02  6.7974245E-03  8.2316492E-03  8.2316768E-04   3.023460      0.3059132      1.3801206E-02  1.1040961E-02  2.7602443E-03  2.6281804E-04
 day              3          50           2           1           2        1975           7                     1 hru0007           0.5131441      6.5896504E-02  0.1147439      1.1474449E-02  1.3895525E-02  1.3895571E-03   5.103106      0.5163696      2.3297196E-02  1.8637754E-02  4.6594432E-03  4.4365204E-04
 day              4         100           2           1           2        1975           7                     1 hru0007           0.7554543      9.6390173E-02  0.1690639      1.6906412E-02  2.0473704E-02  2.0473772E-03   7.009832      0.7095894      3.0306125E-02  2.4244899E-02  6.0612266E-03  2.0207788E-04
 day              5         150           2           1           2        1975           7                     1 hru0007           0.7666973      9.7424507E-02  0.1715586      1.7155826E-02  2.0775802E-02  2.0775869E-03   7.112107      0.7200075      3.0753188E-02  2.4602549E-02  6.1506392E-03  2.0505910E-04
 day              6         200           2           1           2        1975           7                     1 hru0007           0.5226643      6.6203892E-02  0.1169364      1.1693574E-02  1.4161023E-02  1.4161067E-03   4.846791      0.4907247      2.0961629E-02  1.6769303E-02  4.1923267E-03  1.3977021E-04
 day              7         300           2           1           2        1975           7                     1 hru0007            1.060713      0.1337198      0.2372897      2.3728691E-02  2.8735807E-02  2.8735893E-03   9.833831      0.9957260      4.2535584E-02  3.4028467E-02  8.5071186E-03  2.8362370E-04
 day              8         450           2           1           2        1975           7                     1 hru0007            1.594801      0.2001184      0.3568321      3.5682548E-02  4.3212458E-02  4.3212576E-03   14.79137       1.497511      6.3964695E-02  5.1171754E-02  1.2792942E-02  4.2651038E-04
 day              9         600           2           1           2        1975           7                     1 hru0007           0.8996643      0.1125181      0.2028333      2.0283049E-02  2.4564320E-02  2.4564357E-03   8.491581      0.8550177      3.6369473E-02  2.9095575E-02  7.2738985E-03  2.4248836E-04
 day             10         750           2           1           2        1975           7                     1 hru0007           0.3586895      4.4825628E-02  8.1346802E-02  8.1346286E-03  9.8519465E-03  9.8519528E-04   3.431476      0.3440797      1.4589215E-02  1.1671370E-02  2.9178446E-03  9.7265445E-05
 day             11         900           2           1           2        1975           7                     1 hru0007           0.2636549      3.2940172E-02  5.6929134E-02  5.6928718E-03  7.0983460E-03  7.0983503E-04   2.473019      0.2479386      1.0511619E-02  8.4092943E-03  2.1023243E-03  7.0080197E-05
 day             12        1050           2           1           2        1975           7                     1 hru0007           0.1300445      1.6244117E-02  2.6053794E-02  2.6053570E-03  3.3991628E-03  3.3991647E-04   1.184213      0.1187281      5.0336644E-03  4.0269308E-03  1.0067334E-03  3.3559081E-05
 day             13        1200           2           1           2        1975           7                     1 hru0007           0.1317540      1.6454652E-02  2.6395652E-02  2.6395409E-03  3.4437636E-03  3.4437655E-04   1.199715      0.1202843      5.0997068E-03  4.0797652E-03  1.0199416E-03  3.3999393E-05
 day             14        1500           2           1           2        1975           7                     1 hru0007           0.2677427      3.3429489E-02  5.3638097E-02  5.3637559E-03  6.9980049E-03  6.9980079E-04   2.437823      0.2444231      1.0363001E-02  8.2904017E-03  2.0726002E-03  6.9089438E-05
 day             15        1800           2           1           2        1975           7                     1 hru0007           0.2720173      3.3957265E-02  5.4492809E-02  5.4492215E-03  7.1095149E-03  7.1095180E-04   2.476572      0.2483135      1.0528122E-02  8.4224977E-03  2.1056242E-03  7.0190312E-05
 day             16        2000           2           1           2        1975           7                     1 hru0007           0.1831079      2.2856288E-02  3.6681026E-02  3.6680622E-03  4.7856634E-03  4.7856660E-04   1.667027      0.1671467      7.0868460E-03  5.6694765E-03  1.4173696E-03  4.7247551E-05
 day              1          10           2           1           2        1975           8                     1 hru0008           9.2532687E-02  1.1163997E-02  2.2950301E-02  2.2948678E-03  1.7227796E-03  1.7227819E-04   3.608195      0.3629919      1.2278725E-02  9.8229796E-03  2.4557456E-03  1.1549226E-03
 day              2          25           2           1           2        1975           8                     1 hru0008           9.5994979E-02  1.2390174E-02  2.1428563E-02  2.1428713E-03  2.5950039E-03  2.5950122E-04   1.092990      0.1105161      5.4556755E-03  4.3645385E-03  1.0911369E-03  2.0697991E-04
 day              3          50           2           1           2        1975           8                     1 hru0008           0.1619980      2.0842150E-02  3.6157891E-02  3.6158077E-03  4.3787272E-03  4.3787417E-04   1.844052      0.1864712      9.2057046E-03  7.3645608E-03  1.8411436E-03  3.4925077E-04
 day              4         100           2           1           2        1975           8                     1 hru0008            1.279270      0.1632229      0.2862924      2.8629281E-02  3.4670126E-02  3.4670236E-03   11.87061       1.201625      5.1320329E-02  4.1056264E-02  1.0264065E-02  3.4219821E-04
 day              5         150           2           1           2        1975           8                     1 hru0008            1.297095      0.1648195      0.2902474      2.9024675E-02  3.5149053E-02  3.5149164E-03   12.03274       1.218141      5.2029070E-02  4.1623257E-02  1.0405813E-02  3.4692447E-04
 day              6         200           2           1           2        1975           8                     1 hru0008           0.5382816      6.8180792E-02  0.1204335      1.2043284E-02  1.4584526E-02  1.4584570E-03   4.991906      0.5054079      2.1588532E-02  1.7270824E-02  4.3177074E-03  1.4395031E-04
 day              7         300           2           1           2        1975           8                     1 hru0008            1.091137      0.1375529      0.2441042      2.4410136E-02  2.9561058E-02  2.9561145E-03   10.11670       1.024342      4.3757193E-02  3.5005752E-02  8.7514408E-03  2.9176913E-04
 day              8         450           2           1           2        1975           8                     1 hru0008            1.637945      0.2055300      0.3665027      3.6649592E-02  4.4383585E-02  4.4383705E-03   15.19319       1.538138      6.5698326E-02  5.2558661E-02  1.3139664E-02  4.3806981E-04
 day              9         600           2           1           2        1975           8                     1 hru0008           0.9227728      0.1154080      0.2080502      2.0804739E-02  2.5196129E-02  2.5196166E-03   8.710366      0.8770262      3.7304938E-02  2.9843951E-02  7.4609872E-03  2.4872535E-04
 day             10         750           2           1           2        1975           8                     1 hru0008           0.3676034      4.5939643E-02  8.3369642E-02  8.3369110E-03  1.0096936E-02  1.0096941E-03   3.516875      0.3526390      1.4952010E-02  1.1961607E-02  2.9904025E-03  9.9684155E-05
 day             11         900           2           1           2        1975           8                     1 hru0008           0.2868399      3.5836905E-02  6.1936256E-02  6.1935806E-03  7.7226721E-03  7.7226764E-04   2.690583      0.2697481      1.1436163E-02  9.1489283E-03  2.2872337E-03  7.6244054E-05
 day             12        1050           2           1           2        1975           8                     1 hru0008           0.1530808      1.9121693E-02  3.0669494E-02  3.0669228E-03  4.0013604E-03  4.0013631E-04   1.394037      0.1397633      5.9254346E-03  4.7403472E-03  1.1850876E-03  3.9504444E-05
 day             13        1200           2           1           2        1975           8                     1 hru0008           0.1551144      1.9372188E-02  3.1076174E-02  3.1075890E-03  4.0544183E-03  4.0544200E-04   1.412479      0.1416146      6.0040005E-03  4.8031998E-03  1.2008008E-03  4.0028248E-05
 day             14        1500           2           1           2        1975           8                     1 hru0008           0.3153700      3.9376266E-02  6.3180454E-02  6.3179811E-03  8.2429685E-03  8.2429725E-04   2.871575      0.2879092      1.2206618E-02  9.7652934E-03  2.4413241E-03  8.1380684E-05
 day             15        1800           2           1           2        1975           8                     1 hru0008           0.3207051      4.0035415E-02  6.4247258E-02  6.4246566E-03  8.3821490E-03  8.3821535E-04   2.919942      0.2927651      1.2412710E-02  9.9301673E-03  2.4825425E-03  8.2754719E-05
 day             16        2000           2           1           2        1975           8                     1 hru0008           0.2160663      2.6970424E-02  4.3283951E-02  4.3283468E-03  5.6471280E-03  5.6471303E-04   1.967139      0.1972361      8.3625466E-03  6.6900370E-03  1.6725097E-03  5.5752560E-05
 day              1          10           2           1           2        1975           9                     1 hru0009           0.8938730      0.1107518      0.2319060      2.3189178E-02  1.7408453E-02  1.7408475E-03   7.918616      0.7985786      3.0822555E-02  2.4658045E-02  6.1645107E-03  1.2787286E-03
 day              2          25           2           1           2        1975           9                     1 hru0009           0.9678800      0.1245805      0.2165766      2.1657815E-02  2.6227528E-02  2.6227613E-03   9.186021      0.9296712      4.0439256E-02  3.2351397E-02  8.0878604E-03  4.4039587E-04
 day              3          50           2           1           2        1975           9                     1 hru0009            1.633868      0.2096915      0.3655620      3.6556397E-02  4.4269700E-02  4.4269846E-03   15.50309       1.569108      6.8257585E-02  5.4606061E-02  1.3651525E-02  7.4334722E-04
 day              4         100           2           1           2        1975           9                     1 hru0009            1.569315      0.2002320      0.3511996      3.5120003E-02  4.2530414E-02  4.2530545E-03   14.56170       1.474045      6.2955476E-02  5.0364379E-02  1.2591098E-02  4.1978009E-04
 day              5         150           2           1           2        1975           9                     1 hru0009            1.592349      0.2023396      0.3563105      3.5630967E-02  4.3149311E-02  4.3149446E-03   14.77123       1.495389      6.3871384E-02  5.1097099E-02  1.2774284E-02  4.2588785E-04
 day              6         200           2           1           2        1975           9                     1 hru0009           0.5396961      6.8360969E-02  0.1207476      1.2074696E-02  1.4622563E-02  1.4622606E-03   5.004795      0.5067202      2.1644825E-02  1.7315857E-02  4.3289675E-03  1.4432568E-04
 day              7         300           2           1           2        1975           9                     1 hru0009            1.095006      0.1380425      0.2449632      2.4496032E-02  2.9665070E-02  2.9665157E-03   10.15194       1.027930      4.3911111E-02  3.5128888E-02  8.7822238E-03  2.9279559E-04
 day              8         450           2           1           2        1975           9                     1 hru0009            1.645810      0.2065185      0.3682489      3.6824197E-02  4.4595033E-02  4.4595152E-03   15.26483       1.545433      6.6011265E-02  5.2809007E-02  1.3202257E-02  4.4015661E-04
 day              9         600           2           1           2        1975           9                     1 hru0009           0.9281836      0.1160849      0.2092646      2.0926172E-02  2.5343195E-02  2.5343231E-03   8.760910      0.8821319      3.7522659E-02  3.0018125E-02  7.5045335E-03  2.5017705E-04
 day             10         750           2           1           2        1975           9                     1 hru0009           0.3699999      4.6239108E-02  8.3912157E-02  8.3911614E-03  1.0162639E-02  1.0162644E-03   3.539706      0.3549313      1.5049296E-02  1.2039437E-02  3.0098590E-03  1.0033278E-04
 day             11         900           2           1           2        1975           9                     1 hru0009           0.2683021      3.3520788E-02  5.7932753E-02  5.7932334E-03  7.2234855E-03  7.2234898E-04   2.516627      0.2523101      1.0696936E-02  8.5575478E-03  2.1393884E-03  7.1315691E-05
 day             12        1050           2           1           2        1975           9                     1 hru0009           0.1298068      1.6214443E-02  2.6006265E-02  2.6006040E-03  3.3929620E-03  3.3929638E-04   1.182058      0.1185117      5.0244825E-03  4.0195854E-03  1.0048971E-03  3.3497869E-05
 day             13        1200           2           1           2        1975           9                     1 hru0009           0.1315185      1.6425258E-02  2.6348565E-02  2.6348324E-03  3.4376204E-03  3.4376222E-04   1.197580      0.1200699      5.0906106E-03  4.0724878E-03  1.0181227E-03  3.3938755E-05
 day             14        1500           2           1           2        1975           9                     1 hru0009           0.2672959      3.3373736E-02  5.3548761E-02  5.3548221E-03  6.9863494E-03  6.9863524E-04   2.433773      0.2440164      1.0345745E-02  8.2765957E-03  2.0691494E-03  6.8974390E-05
 day             15        1800           2           1           2        1975           9                     1 hru0009           0.2716205      3.3907764E-02  5.4413479E-02  5.4412889E-03  7.0991651E-03  7.0991681E-04   2.472976      0.2479524      1.0512799E-02  8.4102387E-03  2.1025604E-03  7.0088143E-05
 day             16        2000           2           1           2        1975           9                     1 hru0009           0.1828747      2.2827202E-02  3.6634408E-02  3.6634004E-03  4.7795814E-03  4.7795838E-04   1.664914      0.1669345      7.0778425E-03  5.6622731E-03  1.4155692E-03  4.7187525E-05
 day              1          10           2           1           2        1975          10                     1 hru0010           0.7373822      9.1303691E-02  0.1910998      1.9108808E-02  1.4345258E-02  1.4345275E-03   7.076805      0.7135100      2.7201017E-02  2.1760812E-02  5.4402049E-03  1.2545305E-03
 day              2          25           2           1           2        1975          10                     1 hru0010           0.7975647      0.1026649      0.1784562      1.7845750E-02  2.1611126E-02  2.1611198E-03   7.605105      0.7696550      3.3605348E-02  2.6884276E-02  6.7210714E-03  3.9478077E-04
 day              3          50           2           1           2        1975          10                     1 hru0010            1.346224      0.1727848      0.3011877      3.0118933E-02  3.6473949E-02  3.6474061E-03   12.83372       1.298899      5.6716904E-02  4.5373511E-02  1.1343393E-02  6.6628616E-04
 day              4         100           2           1           2        1975          10                     1 hru0010            1.544747      0.1970966      0.3457023      3.4570273E-02  4.1864675E-02  4.1864808E-03   14.33382       1.450974      6.1970044E-02  4.9576033E-02  1.2394012E-02  4.1320935E-04
 day              5         150           2           1           2        1975          10                     1 hru0010            1.567058      0.1991250      0.3506529      3.5065208E-02  4.2464174E-02  4.2464305E-03   14.53677       1.471648      6.2857218E-02  5.0285771E-02  1.2571447E-02  4.1912543E-04
 day              6         200           2           1           2        1975          10                     1 hru0010           0.5392506      6.8304226E-02  0.1206487      1.2064803E-02  1.4610584E-02  1.4610627E-03   5.000736      0.5063069      2.1627091E-02  1.7301671E-02  4.3254192E-03  1.4420744E-04
 day              7         300           2           1           2        1975          10                     1 hru0010            1.093789      0.1378885      0.2446930      2.4469014E-02  2.9632354E-02  2.9632442E-03   10.14086       1.026802      4.3862700E-02  3.5090160E-02  8.7725418E-03  2.9247272E-04
 day              8         450           2           1           2        1975          10                     1 hru0010            1.643343      0.2062085      0.3677012      3.6769431E-02  4.4528712E-02  4.4528833E-03   15.24236       1.543145      6.5913096E-02  5.2730478E-02  1.3182619E-02  4.3950204E-04
 day              9         600           2           1           2        1975          10                     1 hru0010           0.9264930      0.1158734      0.2088851      2.0888234E-02  2.5297245E-02  2.5297282E-03   8.745118      0.8805367      3.7454624E-02  2.9963700E-02  7.4909241E-03  2.4972344E-04
 day             10         750           2           1           2        1975          10                     1 hru0010           0.3692544      4.6145953E-02  8.3743379E-02  8.3742840E-03  1.0142199E-02  1.0142205E-03   3.532603      0.3542182      1.5019035E-02  1.2015227E-02  3.0038077E-03  1.0013102E-04
 day             11         900           2           1           2        1975          10                     1 hru0010           0.2731919      3.4131713E-02  5.8988787E-02  5.8988356E-03  7.3551591E-03  7.3551631E-04   2.562514      0.2569099      1.0891926E-02  8.7135397E-03  2.1783866E-03  7.2615680E-05
 day             12        1050           2           1           2        1975          10                     1 hru0010           0.1360066      1.6988873E-02  2.7248455E-02  2.7248219E-03  3.5550271E-03  3.5550291E-04   1.238525      0.1241727      5.2644769E-03  4.2115813E-03  1.0528957E-03  3.5097888E-05
 day             13        1200           2           1           2        1975          10                     1 hru0010           0.1378054      1.7210435E-02  2.7608190E-02  2.7607933E-03  3.6019597E-03  3.6019611E-04   1.254837      0.1258103      5.3339731E-03  4.2671780E-03  1.0667949E-03  3.5561228E-05
 day             14        1500           2           1           2        1975          10                     1 hru0010           0.2801084      3.4973502E-02  5.6115750E-02  5.6115179E-03  7.3212581E-03  7.3212618E-04   2.550454      0.2557145      1.0841697E-02  8.6733568E-03  2.1683399E-03  7.2280862E-05
 day             15        1800           2           1           2        1975          10                     1 hru0010           0.2847073      3.5541501E-02  5.7035323E-02  5.7034702E-03  7.4412301E-03  7.4412330E-04   2.592144      0.2599002      1.1019347E-02  8.8154776E-03  2.2038699E-03  7.3465264E-05
 day             16        2000           2           1           2        1975          10                     1 hru0010           0.1917264      2.3932146E-02  3.8407750E-02  3.8407326E-03  5.0109448E-03  5.0109474E-04   1.745513      0.1750156      7.4204528E-03  5.9363623E-03  1.4840905E-03  4.9471681E-05
 day              1          10           2           1           2        1975          11                     1 hru0011           0.9878266      0.1224281      0.2564055      2.5638983E-02  1.9247554E-02  1.9247581E-03   8.423481      0.8495975      3.2994650E-02  2.6395712E-02  6.5989373E-03  1.2930102E-03
 day              2          25           2           1           2        1975          11                     1 hru0011            1.069827      0.1376979      0.2393954      2.3939714E-02  2.8990898E-02  2.8990994E-03   10.13214       1.025433      4.4527911E-02  3.5622325E-02  8.9055868E-03  4.6747175E-04
 day              3          50           2           1           2        1975          11                     1 hru0011            1.805235      0.2316768      0.4039164      4.0391859E-02  4.8914436E-02  4.8914594E-03   17.09304       1.730044      7.5128756E-02  6.0103007E-02  1.5025751E-02  7.8873255E-04
 day              4         100           2           1           2        1975          11                     1 hru0011            1.402584      0.1789561      0.3138899      3.1389035E-02  3.8012195E-02  3.8012315E-03   13.01493       1.317459      5.6267429E-02  4.5013942E-02  1.1253488E-02  3.7518490E-04
 day              5         150           2           1           2        1975          11                     1 hru0011            1.421866      0.1806734      0.3181684      3.1816766E-02  3.8530290E-02  3.8530407E-03   13.19031       1.335325      5.7034135E-02  4.5627303E-02  1.1406830E-02  3.8029772E-04
 day              6         200           2           1           2        1975          11                     1 hru0011           0.6177511      7.8246415E-02  0.1382145      1.3821368E-02  1.6737804E-02  1.6737854E-03   5.728952      0.5800285      2.4775889E-02  1.9820711E-02  4.9551791E-03  1.6520330E-04
 day              7         300           2           1           2        1975          11                     1 hru0011            1.251937      0.1578235      0.2800796      2.8007634E-02  3.3917677E-02  3.3917776E-03   11.60778       1.175312      5.0205991E-02  4.0164795E-02  1.0041198E-02  3.3476914E-04
 day              8         450           2           1           2        1975          11                     1 hru0011            1.878726      0.2357428      0.4203833      4.2037554E-02  5.0908547E-02  5.0908686E-03   17.42699       1.764274      7.5356841E-02  6.0285475E-02  1.5071367E-02  5.0247175E-04
 day              9         600           2           1           2        1975          11                     1 hru0011            1.058130      0.1323366      0.2385695      2.3856629E-02  2.8892210E-02  2.8892257E-03   9.988195       1.005683      4.2777292E-02  3.4221835E-02  8.5554579E-03  2.8521146E-04
 day             10         750           2           1           2        1975          11                     1 hru0011           0.4214498      5.2668884E-02  9.5581897E-02  9.5581291E-03  1.1575968E-02  1.1575976E-03   4.032053      0.4042954      1.7142227E-02  1.3713782E-02  3.4284452E-03  1.1428619E-04
 day             11         900           2           1           2        1975          11                     1 hru0011           0.3151381      3.9372403E-02  6.8046764E-02  6.8046274E-03  8.4845759E-03  8.4845809E-04   2.956042      0.2963615      1.2564432E-02  1.0051545E-02  2.5128869E-03  8.3766136E-05
 day             12        1050           2           1           2        1975          11                     1 hru0011           0.1592398      1.9891031E-02  3.1903528E-02  3.1903256E-03  4.1623618E-03  4.1623635E-04   1.450134      0.1453871      6.1638523E-03  4.9310816E-03  1.2327707E-03  4.1093957E-05
 day             13        1200           2           1           2        1975          11                     1 hru0011           0.1613569      2.0151824E-02  3.2326918E-02  3.2326623E-03  4.2175995E-03  4.2176014E-04   1.469334      0.1473145      6.2456471E-03  4.9965172E-03  1.2491298E-03  4.1639287E-05
 day             14        1500           2           1           2        1975          11                     1 hru0011           0.3280875      4.0964179E-02  6.5728456E-02  6.5727793E-03  8.5753994E-03  8.5754023E-04   2.987394      0.2995208      1.2698902E-02  1.0159120E-02  2.5397816E-03  8.4662708E-05
 day             15        1800           2           1           2        1975          11                     1 hru0011           0.3336946      4.1657005E-02  6.6849642E-02  6.6848923E-03  8.7216757E-03  8.7216793E-04   3.038228      0.3046243      1.2915500E-02  1.0332400E-02  2.5831007E-03  8.6106797E-05
 day             16        2000           2           1           2        1975          11                     1 hru0011           0.2248548      2.8067477E-02  4.5044638E-02  4.5044138E-03  5.8768401E-03  5.8768434E-04   2.047165      0.2052595      8.7027177E-03  6.9621736E-03  1.7405440E-03  5.8020454E-05
 day              1          10           2           1           2        1975          12                     1 hru0012           0.8480348      0.1050553      0.2199534      2.1994002E-02  1.6511211E-02  1.6511235E-03   7.671906      0.7736475      2.9761257E-02  2.3808993E-02  5.9522633E-03  1.2715816E-03
 day              2          25           2           1           2        1975          12                     1 hru0012           0.9179236      0.1181521      0.2053954      2.0539692E-02  2.4873480E-02  2.4873565E-03   8.722264      0.8827305      3.8434260E-02  3.0747401E-02  7.6868585E-03  4.2696000E-04
 day              3          50           2           1           2        1975          12                     1 hru0012            1.549314      0.1988422      0.3466396      3.4664147E-02  4.1978192E-02  4.1978327E-03   14.71833       1.489668      6.4864092E-02  5.1891271E-02  1.2972821E-02  7.2056579E-04
 day              4         100           2           1           2        1975          12                     1 hru0012            1.439311      0.1836437      0.3221070      3.2210749E-02  3.9007284E-02  3.9007410E-03   13.35551       1.351942      5.7740394E-02  4.6192311E-02  1.1548081E-02  3.8500651E-04
 day              5         150           2           1           2        1975          12                     1 hru0012            1.459961      0.1855160      0.3266889      3.2668814E-02  3.9562125E-02  3.9562248E-03   13.54335       1.371076      5.8561470E-02  4.6849176E-02  1.1712293E-02  3.9048184E-04
 day              6         200           2           1           2        1975          12                     1 hru0012           0.5495007      6.9602415E-02  0.1229423      1.2294163E-02  1.4888341E-02  1.4888386E-03   5.095820      0.5159329      2.2038240E-02  1.7630590E-02  4.4076489E-03  1.4694895E-04
 day              7         300           2           1           2        1975          12                     1 hru0012            1.114447      0.1404925      0.2493154      2.4931243E-02  3.0192120E-02  3.0192209E-03   10.33247       1.046201      4.4691302E-02  3.5753038E-02  8.9382650E-03  2.9799779E-04
 day              8         450           2           1           2        1975          12                     1 hru0012            1.674110      0.2100688      0.3745872      3.7458017E-02  4.5362603E-02  4.5362725E-03   15.52790       1.572048      6.7147478E-02  5.3717978E-02  1.3429499E-02  4.4773272E-04
 day              9         600           2           1           2        1975          12                     1 hru0012           0.9437107      0.1180268      0.2127678      2.1276485E-02  2.5767453E-02  2.5767488E-03   8.907705      0.8969053      3.8150806E-02  3.0520646E-02  7.6301605E-03  2.5436512E-04
 day             10         750           2           1           2        1975          12                     1 hru0012           0.3760853      4.6999611E-02  8.5292704E-02  8.5292170E-03  1.0329838E-02  1.0329845E-03   3.597966      0.3607718      1.5296899E-02  1.2237518E-02  3.0593805E-03  1.0198353E-04
 day             11         900           2           1           2        1975          12                     1 hru0012           0.2760179      3.4484796E-02  5.9599079E-02  5.9598642E-03  7.4312561E-03  7.4312609E-04   2.589031      0.2595681      1.1004616E-02  8.8036917E-03  2.2009243E-03  7.3366966E-05
 day             12        1050           2           1           2        1975          12                     1 hru0012           0.1358853      1.6973732E-02  2.7224204E-02  2.7223967E-03  3.5518634E-03  3.5518652E-04   1.237425      0.1240623      5.2597928E-03  4.2078337E-03  1.0519591E-03  3.5066660E-05
 day             13        1200           2           1           2        1975          12                     1 hru0012           0.1376844      1.7195335E-02  2.7583998E-02  2.7583744E-03  3.5988039E-03  3.5988053E-04   1.253741      0.1257002      5.3293002E-03  4.2634397E-03  1.0658603E-03  3.5530073E-05
 day             14        1500           2           1           2        1975          12                     1 hru0012           0.2798766      3.4944583E-02  5.6069408E-02  5.6068832E-03  7.3152105E-03  7.3152140E-04   2.548352      0.2555036      1.0832743E-02  8.6661940E-03  2.1665490E-03  7.2221163E-05
 day             15        1800           2           1           2        1975          12                     1 hru0012           0.2844988      3.5515491E-02  5.6993645E-02  5.6993025E-03  7.4357921E-03  7.4357953E-04   2.590255      0.2597105      1.1011298E-02  8.8090375E-03  2.2022608E-03  7.3411604E-05
 day             16        2000           2           1           2        1975          12                     1 hru0012           0.1916027      2.3916712E-02  3.8383015E-02  3.8382588E-03  5.0077178E-03  5.0077203E-04   1.744392      0.1749030      7.4156742E-03  5.9325392E-03  1.4831347E-03  4.9439826E-05
