 demo                      SWAT+ 2026-07-13        MODULAR Rev 2026.cb442f7c05fc3bfc34349c446010f452d2737c
 freq       soil_lyr  soil_depth        jday         mon         day          yr        unit                gis_id name                   cfmets1        cfstrs1        cfstrs2        efmets1        efstrs1        efstrs2       immmets1       immstrs1       immstrs2       mnrmets1       mnrstrs1       mnrstrs2        co2fmet        co2fstr         cfs1s2         cfs1s3         cfs2s1         cfs2s3         cfs3s1         efs1s2         efs1s3         efs2s1         efs2s3         efs3s1        imms1s2        imms1s3        imms2s1        imms2s3        imms3s1        mnrs1s2        mnrs1s3        mnrs2s1        mnrs2s3        mnrs3s1         co2fs1         co2fs2         co2fs3
                              mm                                                                                                          kg_C/ha        kg_C/ha        kg_C/ha        kg_N/ha        kg_N/ha        kg_N/ha        kg_N/ha        kg_N/ha        kg_N/ha        kg_N/ha        kg_N/ha        kg_N/ha        kg_C/ha        kg_C/ha        kg_C/ha        kg_C/ha        kg_C/ha        kg_C/ha        kg_C/ha        kg_N/ha        kg_N/ha        kg_N/ha        kg_N/ha        kg_N/ha        kg_N/ha        kg_N/ha        kg_N/ha        kg_N/ha        kg_N/ha        kg_N/ha        kg_N/ha        kg_N/ha        kg_N/ha        kg_C/ha        kg_C/ha
 day               1          10           1           1           1        1975           1                     1 hru0001            1.450198      1.1395268E-03  7.9766866E-03  7.2509915E-02  5.6143803E-05  3.1906748E-04  0.0000000E+00  8.3254054E-07  0.0000000E+00  7.2509915E-02  0.0000000E+00  7.3939096E-05   2.175298      5.1278705E-03  0.1459001      3.2210168E-03  3.5046708E-02  4.1954196E-03  2.9460515E-03  5.8360044E-03  1.2884068E-04  1.7523353E-03  4.1954196E-04  1.4730258E-04  0.0000000E+00  0.0000000E+00  0.0000000E+00  0.0000000E+00  0.0000000E+00  1.2401510E-02  2.7378643E-04  1.7523353E-03  0.0000000E+00  1.4730264E-04  0.1822592      4.7962602E-02  3.6007299E-03
 day               2          25           1           1           1        1975           1                     1 hru0001            1.605914      1.4102650E-03  8.7749800E-03  0.1605915      1.8608607E-05  1.1578687E-04  0.3693604      4.4677884E-04  6.1253645E-04  0.0000000E+00  0.0000000E+00  0.0000000E+00   1.962784      5.4843631E-03  0.1835258      3.4686769E-03  3.2652758E-02  3.9088414E-03  4.4280980E-03  1.5232644E-02  2.8790018E-04  3.2652756E-03  3.9088412E-04  4.4280980E-04  0.0000000E+00  0.0000000E+00  7.5101350E-03  1.6808021E-04  1.0184626E-03  7.7080848E-03  1.4568443E-04  0.0000000E+00  0.0000000E+00  0.0000000E+00  0.1698653      4.4686399E-02  5.4121204E-03
 day               3          50           1           1           1        1975           1                     1 hru0001            2.693127      2.3650210E-03  1.4715687E-02  0.2693127      3.1206720E-05  1.9417515E-04  0.6194192      7.4925023E-04  1.0272269E-03  0.0000000E+00  0.0000000E+00  0.0000000E+00   3.291600      9.1973050E-03  0.3077738      5.8169896E-03  5.4758839E-02  6.5551470E-03  7.4259434E-03  2.5545225E-02  4.8281014E-04  5.4758838E-03  6.5551471E-04  7.4259425E-04  0.0000000E+00  0.0000000E+00  1.2594532E-02  2.8187135E-04  1.7079671E-03  1.2926500E-02  2.4431356E-04  0.0000000E+00  0.0000000E+00  0.0000000E+00  0.2848649      7.4939325E-02  9.0761539E-03
 day               4         100           1           1           1        1975           1                     1 hru0001            3.943212      3.3368957E-03  2.0762900E-02  0.3943212      2.2245971E-05  1.3841935E-04  0.7494388      9.4564719E-04  1.5501572E-03  0.0000000E+00  0.0000000E+00  0.0000000E+00   4.819481      1.2976815E-02  0.4669083      8.8246651E-03  8.3071932E-02  9.9444902E-03  1.1265532E-02  3.7972074E-02  7.1768020E-04  8.3071925E-03  9.9444902E-04  1.1265532E-03  0.0000000E+00  0.0000000E+00  1.5788483E-02  4.0451763E-04  2.1411041E-03  2.0391464E-02  3.8540293E-04  0.0000000E+00  0.0000000E+00  0.0000000E+00  0.4321544      0.1136867      1.3768985E-02
 day               5         150           1           1           1        1975           1                     1 hru0001            3.971939      3.3612063E-03  2.0914167E-02  0.3971939      2.2408041E-05  1.3942778E-04  0.5930663      8.1558793E-04  1.5110192E-03  0.0000000E+00  0.0000000E+00  0.0000000E+00   4.854592      1.3071356E-02  0.4703099      8.8889562E-03  8.3677135E-02  1.0016939E-02  1.1347606E-02  3.7114628E-02  7.0147426E-04  8.3677126E-03  1.0016939E-03  1.1347606E-03  0.0000000E+00  0.0000000E+00  1.2494172E-02  3.8005249E-04  1.6943569E-03  2.1674104E-02  4.0964526E-04  0.0000000E+00  0.0000000E+00  0.0000000E+00  0.4353028      0.1145150      1.3869298E-02
 day               6         200           1           1           1        1975           1                     1 hru0001            2.385534      2.0187295E-03  1.2560980E-02  0.2385534      1.3458197E-05  8.3739869E-05  0.2860920      4.3051675E-04  8.8032248E-04  0.0000000E+00  0.0000000E+00  0.0000000E+00   2.915653      7.8506134E-03  0.2824666      5.3386781E-03  5.0256208E-02  6.0161394E-03  6.8153343E-03  2.1679470E-02  4.0974657E-04  5.0256206E-03  6.0161389E-04  6.8153348E-04  0.0000000E+00  0.0000000E+00  6.0271220E-03  2.1318137E-04  8.1734871E-04  1.3628853E-02  2.5758820E-04  0.0000000E+00  0.0000000E+00  0.0000000E+00  0.2614414      6.8777315E-02  8.3298534E-03
 day               7         300           1           1           1        1975           1                     1 hru0001            4.800220      4.0621287E-03  2.5275460E-02  0.4800220      2.7080860E-05  1.6850307E-04  0.3861804      7.0593250E-04  1.6774212E-03  0.0000000E+00  0.0000000E+00  0.0000000E+00   5.866936      1.5797164E-02  0.5683851      1.0742598E-02  0.1011266      1.2105801E-02  1.3713957E-02  4.1510455E-02  7.8455632E-04  1.0112657E-02  1.2105801E-03  1.3713957E-03  0.0000000E+00  0.0000000E+00  8.1356904E-03  3.7548447E-04  1.1032956E-03  2.9537685E-02  5.5826845E-04  0.0000000E+00  0.0000000E+00  0.0000000E+00  0.5260779      0.1383951      1.6761504E-02
 day               8         450           1           1           1        1975           1                     1 hru0001            7.127403      6.0314806E-03  3.7529204E-02  0.7127402      4.0209870E-05  2.5019469E-04  0.3263683      8.3912344E-04  2.3253881E-03  0.0000000E+00  0.0000000E+00  0.0000000E+00   8.711271      2.3455754E-02  0.8439425      1.5950691E-02  0.1501535      1.7974786E-02  2.0362588E-02  5.7918727E-02  1.0946761E-03  1.5015354E-02  1.7974786E-03  2.0362588E-03  0.0000000E+00  0.0000000E+00  6.8756230E-03  4.5999046E-04  9.3241548E-04  4.7574081E-02  8.9916028E-04  0.0000000E+00  0.0000000E+00  0.0000000E+00  0.7811244      0.2054902      2.4887608E-02
 day               9         600           1           1           1        1975           1                     1 hru0001            3.998556      3.3837305E-03  2.1054316E-02  0.3998556      2.2558203E-05  1.4036210E-04  0.1003949      4.0077281E-04  1.2332818E-03  0.0000000E+00  0.0000000E+00  0.0000000E+00   4.887125      1.3158949E-02  0.4734615      8.9485226E-03  8.4237874E-02  1.0084064E-02  1.1423648E-02  3.0889986E-02  5.8382726E-04  8.4237875E-03  1.0084064E-03  1.1423648E-03  0.0000000E+00  0.0000000E+00  2.1150261E-03  2.1446927E-04  2.8682256E-04  2.8292706E-02  5.3473806E-04  0.0000000E+00  0.0000000E+00  0.0000000E+00  0.4382199      0.1152824      1.3962238E-02
 day              10         750           1           1           1        1975           1                     1 hru0001            1.585915      1.3420621E-03  8.3506061E-03  0.1585915      8.9470805E-06  5.5670709E-05  1.8228129E-02  1.4068445E-04  4.6695393E-04  0.0000000E+00  0.0000000E+00  0.0000000E+00   1.938341      5.2191298E-03  0.1877853      3.5491816E-03  3.3410601E-02  3.9995625E-03  4.5308708E-03  1.1752587E-02  2.2212637E-04  3.3410601E-03  3.9995625E-04  4.5308709E-04  0.0000000E+00  0.0000000E+00  3.8401317E-04  7.1108079E-05  5.2076706E-05  1.1720575E-02  2.2152130E-04  0.0000000E+00  0.0000000E+00  0.0000000E+00  0.1738077      4.5723535E-02  5.5377311E-03
 day              11         900           1           1           1        1975           1                     1 hru0001            1.132004      9.5794519E-04  5.9605460E-03  0.1132004      6.3863017E-06  3.9736973E-05  2.2022724E-03  9.1271868E-05  3.2066918E-04  0.0000000E+00  0.0000000E+00  0.0000000E+00   1.383561      3.7253418E-03  0.1340870      2.3808463E-03  2.3151428E-02  2.7853830E-03  3.2340721E-03  8.1076063E-03  1.4395856E-04  2.3151429E-03  2.7853830E-04  3.2340721E-04  0.0000000E+00  0.0000000E+00  4.5040157E-05  4.1593274E-05  6.2917825E-06  8.6532626E-03  1.5364723E-04  0.0000000E+00  0.0000000E+00  0.0000000E+00  0.1294891      3.1700548E-02  3.9527551E-03
 day              12        1050           1           1           1        1975           1                     1 hru0001           0.5378469      4.5514677E-04  2.8320223E-03  5.1066868E-02  3.0343122E-06  1.8880150E-05  0.0000000E+00  4.0180446E-05  1.4750793E-04  2.7178191E-03  0.0000000E+00  0.0000000E+00  0.6573684      1.7700144E-03  6.3647076E-02  1.0152294E-03  1.0504095E-02  1.2732634E-03  1.5365978E-03  3.7394175E-03  5.9647151E-05  9.9733076E-04  1.2732635E-04  1.4589513E-04  0.0000000E+00  0.0000000E+00  0.0000000E+00  1.6031394E-05  0.0000000E+00  4.2164670E-03  6.7256522E-05  5.3078751E-05  0.0000000E+00  7.7646546E-06  6.5495312E-02  1.4394550E-02  1.8780642E-03
 day              13        1200           1           1           1        1975           1                     1 hru0001           0.5413473      4.5810893E-04  2.8504536E-03  4.8531581E-02  3.0540598E-06  1.9003024E-05  0.0000000E+00  3.8015234E-05  1.4448173E-04  5.6031458E-03  0.0000000E+00  0.0000000E+00  0.6616467      1.7815339E-03  6.4061306E-02  1.0218367E-03  1.0572459E-02  1.2815500E-03  1.5465985E-03  3.6741686E-03  5.8606362E-05  9.4781694E-04  1.2815501E-04  1.3865197E-04  0.0000000E+00  0.0000000E+00  0.0000000E+00  1.3648780E-05  0.0000000E+00  4.3334947E-03  6.9123220E-05  1.0942895E-04  0.0000000E+00  1.6007893E-05  6.5921567E-02  1.4488233E-02  1.8902870E-03
 day              14        1500           1           1           1        1975           1                     1 hru0001            1.091455      9.2363113E-04  5.7470361E-03  8.9822777E-02  6.1575411E-06  3.8313578E-05  0.0000000E+00  6.9853908E-05  2.7919799E-04  1.9322768E-02  0.0000000E+00  0.0000000E+00   1.334001      3.5918984E-03  0.1291594      2.0602103E-03  2.1316016E-02  2.5838402E-03  3.1182263E-03  7.1357815E-03  1.1382226E-04  1.7542298E-03  2.5838401E-04  2.5661857E-04  0.0000000E+00  0.0000000E+00  0.0000000E+00  1.9838568E-05  0.0000000E+00  9.0091387E-03  1.4370403E-04  3.7737179E-04  0.0000000E+00  5.5204087E-05  0.1329100      2.9210936E-02  3.8111657E-03
 day              15        1800           1           1           1        1975           1                     1 hru0001            1.100374      9.3117880E-04  5.7940003E-03  8.5369408E-02  6.2078593E-06  3.8626669E-05  0.0000000E+00  6.6034991E-05  2.7300231E-04  2.4668038E-02  0.0000000E+00  0.0000000E+00   1.344902      3.6212504E-03  0.1302148      2.0770459E-03  2.1490203E-02  2.6049542E-03  3.1437075E-03  7.0035718E-03  1.1171342E-04  1.6672561E-03  2.6049541E-04  2.4389557E-04  0.0000000E+00  0.0000000E+00  0.0000000E+00  1.4527759E-05  0.0000000E+00  9.2732776E-03  1.4791731E-04  4.8176420E-04  0.0000000E+00  7.0475187E-05  0.1339961      2.9449636E-02  3.8423094E-03
 day              16        2000           1           1           1        1975           1                     1 hru0001           0.7372878      6.2392105E-04  3.8821744E-03  5.5551618E-02  4.1594740E-06  2.5881161E-05  0.0000000E+00  4.2850421E-05  1.8009444E-04  1.8177159E-02  0.0000000E+00  0.0000000E+00  0.9011297      2.4263593E-03  8.7248296E-02  1.3916906E-03  1.4399156E-02  1.7454067E-03  2.1063895E-03  4.6291123E-03  7.3838601E-05  1.0849175E-03  1.7454066E-04  1.5870783E-04  0.0000000E+00  0.0000000E+00  0.0000000E+00  7.8898447E-06  0.0000000E+00  6.2769256E-03  1.0012272E-04  3.5499816E-04  0.0000000E+00  5.1931129E-05  8.9781880E-02  1.9732244E-02  2.5744764E-03
 day              -1          -1           1           1           1        1975           1                     1 hru0001            38.70234      3.2800976E-02  0.2049812       3.727234      2.9186689E-04  1.7857886E-03   3.450751      5.8233337E-03  1.2629260E-02  0.1429988      0.0000000E+00  0.0000000E+00   47.70569      0.1282557       4.538877      8.4696844E-02  0.8098255      9.7075589E-02  0.1089452      0.3197415      5.9752241E-03  7.7853568E-02  9.7075598E-03  1.0545837E-02  0.0000000E+00  0.0000000E+00  7.1969837E-02  2.6822847E-03  9.7601414E-03  0.2476181      4.6118796E-03  3.1289775E-03  0.0000000E+00  3.4868560E-04   4.302711       1.108435      0.1331553    
 day               1          10           1           1           1        1975           2                     1 hru0002           0.7122937      5.6186866E-04  3.9330781E-03  3.5614688E-02  2.7611522E-05  1.5732313E-04  0.0000000E+00  4.8191032E-07  0.0000000E+00  3.5614680E-02  0.0000000E+00  3.5957404E-05   1.068441      2.5284081E-03  7.2119415E-02  1.5921702E-03  1.7323826E-02  2.0738246E-03  1.4562532E-03  2.8847763E-03  6.3686806E-05  8.6619129E-04  2.0738244E-04  7.2812662E-05  0.0000000E+00  0.0000000E+00  0.0000000E+00  1.4551915E-11  0.0000000E+00  6.1301505E-03  1.3533447E-04  8.6619105E-04  0.0000000E+00  7.2812676E-05  9.0091944E-02  2.3708241E-02  1.7798652E-03
 day               2          25           1           1           1        1975           2                     1 hru0002           0.7932618      7.0041622E-04  4.3581394E-03  7.9326175E-02  9.5009773E-06  5.9117105E-05  0.1824502      2.2163638E-04  3.0260847E-04  0.0000000E+00  0.0000000E+00  0.0000000E+00  0.9695423      2.7238384E-03  9.0760857E-02  1.7153991E-03  1.6148096E-02  1.9330785E-03  2.1898721E-03  7.5331512E-03  1.4237812E-04  1.6148095E-03  1.9330785E-04  2.1898720E-04  0.0000000E+00  0.0000000E+00  3.7140623E-03  8.3122402E-05  5.0367054E-04  3.8119559E-03  7.2046751E-05  0.0000000E+00  0.0000000E+00  0.0000000E+00  8.4005132E-02  2.2099214E-02  2.6765105E-03
 day               3          50           1           1           1        1975           2                     1 hru0002            1.334054      1.1779116E-03  7.3292204E-03  0.1334054      1.5978088E-05  9.9419114E-05  0.3068324      3.7273276E-04  5.0890620E-04  0.0000000E+00  0.0000000E+00  0.0000000E+00   1.630510      4.5807646E-03  0.1526355      2.8848418E-03  2.7156767E-02  3.2509197E-03  3.6827778E-03  1.2668743E-02  2.3944186E-04  2.7156766E-03  3.2509197E-04  3.6827772E-04  0.0000000E+00  0.0000000E+00  6.2460569E-03  1.3978957E-04  8.4703899E-04  6.4106891E-03  1.2116336E-04  0.0000000E+00  0.0000000E+00  0.0000000E+00  0.1412741      3.7164953E-02  4.5011728E-03
 day               4         100           1           1           1        1975           2                     1 hru0002            6.201359      5.2478230E-03  3.2653123E-02  0.6201359      3.4985485E-05  2.1768748E-04   1.178618      1.4871873E-03  2.4378805E-03  0.0000000E+00  0.0000000E+00  0.0000000E+00   7.579439      2.0408204E-02  0.7342913      1.3878260E-02  0.1306445      1.5639368E-02  1.7716931E-02  5.9717432E-02  1.1286719E-03  1.3064448E-02  1.5639368E-03  1.7716931E-03  0.0000000E+00  0.0000000E+00  2.4830021E-02  6.3617143E-04  3.3672438E-03  3.2068983E-02  6.0611055E-04  0.0000000E+00  0.0000000E+00  0.0000000E+00  0.6796350      0.1787914      2.1654027E-02
 day               5         150           1           1           1        1975           2                     1 hru0002            6.254707      5.2929688E-03  3.2934032E-02  0.6254708      3.5286459E-05  2.1956023E-04  0.9339156      1.2843250E-03  2.3794374E-03  0.0000000E+00  0.0000000E+00  0.0000000E+00   7.644643      2.0583771E-02  0.7406082      1.3997651E-02  0.1317684      1.5773911E-02  1.7869346E-02  5.8445282E-02  1.1046282E-03  1.3176838E-02  1.5773912E-03  1.7869344E-03  0.0000000E+00  0.0000000E+00  1.9674869E-02  5.9847778E-04  2.6681444E-03  3.4130737E-02  6.4507814E-04  0.0000000E+00  0.0000000E+00  0.0000000E+00  0.6854817      0.1803295      2.1840312E-02
 day               6         200           1           1           1        1975           2                     1 hru0002            2.771222      2.3451140E-03  1.4591817E-02  0.2771222      1.5634094E-05  9.7278775E-05  0.3323469      5.0012191E-04  1.0226514E-03  0.0000000E+00  0.0000000E+00  0.0000000E+00   3.387050      9.1198869E-03  0.3281353      6.2018256E-03  5.8381546E-02  6.9888188E-03  7.9172254E-03  2.5184564E-02  4.7599358E-04  5.8381543E-03  6.9888186E-04  7.9172256E-04  0.0000000E+00  0.0000000E+00  7.0015765E-03  2.4764810E-04  9.4949617E-04  1.5832342E-02  2.9923461E-04  0.0000000E+00  0.0000000E+00  0.0000000E+00  0.3037108      7.9897121E-02  9.6766092E-03
 day               7         300           1           1           1        1975           2                     1 hru0002            5.573756      4.7167251E-03  2.9348506E-02  0.5573756      3.1444833E-05  1.9565670E-04  0.4484118      8.1969087E-04  1.9477312E-03  0.0000000E+00  0.0000000E+00  0.0000000E+00   6.812369      1.8342819E-02  0.6599781      1.2473725E-02  0.1174227      1.4056603E-02  1.5923906E-02  4.8199698E-02  9.1098441E-04  1.1742274E-02  1.4056603E-03  1.5923906E-03  0.0000000E+00  0.0000000E+00  9.4467262E-03  4.3599238E-04  1.2810872E-03  3.4297563E-02  6.4823119E-04  0.0000000E+00  0.0000000E+00  0.0000000E+00  0.6108532      0.1606970      1.9462552E-02
 day               8         450           1           1           1        1975           2                     1 hru0002            8.270748      6.9990223E-03  4.3549459E-02  0.8270748      4.6660149E-05  2.9032971E-04  0.3787227      9.7373169E-04  2.6984157E-03  0.0000000E+00  0.0000000E+00  0.0000000E+00   10.10869      2.7218416E-02  0.9793237      1.8509425E-02  0.1742404      2.0858213E-02  2.3629056E-02  6.7209773E-02  1.2702789E-03  1.7424041E-02  2.0858212E-03  2.3629055E-03  0.0000000E+00  0.0000000E+00  7.9785790E-03  5.3378008E-04  1.0819891E-03  5.5205695E-02  1.0433992E-03  0.0000000E+00  0.0000000E+00  0.0000000E+00  0.9064287      0.2384539      2.8879957E-02
 day               9         600           1           1           1        1975           2                     1 hru0002            4.637519      3.9244448E-03  2.4418760E-02  0.4637519      2.6162965E-05  1.6279174E-04  0.1164378      4.6481562E-04  1.4303582E-03  0.0000000E+00  0.0000000E+00  0.0000000E+00   5.668079      1.5261726E-02  0.5491199      1.0378482E-02  9.7698942E-02  1.1695480E-02  1.3249128E-02  3.5826154E-02  6.7712186E-04  9.7698942E-03  1.1695479E-03  1.3249129E-03  0.0000000E+00  0.0000000E+00  2.4530040E-03  2.4874113E-04  3.3265620E-04  3.2813832E-02  6.2018837E-04  0.0000000E+00  0.0000000E+00  0.0000000E+00  0.5082467      0.1337043      1.6193379E-02
 day              10         750           1           1           1        1975           2                     1 hru0002            1.838784      1.5560491E-03  9.6820807E-03  0.1838784      1.0373661E-05  6.4547203E-05  2.1134540E-02  1.6311608E-04  5.4140808E-04  0.0000000E+00  0.0000000E+00  0.0000000E+00   2.247403      6.0513015E-03  0.2177270      4.1150860E-03  3.8737800E-02  4.6372777E-03  5.2533019E-03  1.3626495E-02  2.5754364E-04  3.8737801E-03  4.6372777E-04  5.2533019E-04  0.0000000E+00  0.0000000E+00  4.4524274E-04  8.2445942E-05  6.0380145E-05  1.3589380E-02  2.5684212E-04  0.0000000E+00  0.0000000E+00  0.0000000E+00  0.2015207      5.3013984E-02  6.4207027E-03
 day              11         900           1           1           1        1975           2                     1 hru0002            1.336703      1.1311698E-03  7.0383856E-03  0.1336703      7.5411322E-06  4.6922574E-05  2.6005208E-03  1.0777650E-04  3.7865547E-04  0.0000000E+00  0.0000000E+00  0.0000000E+00   1.633749      4.3989923E-03  0.1583338      2.8113723E-03  2.7337875E-02  3.2890609E-03  3.8188859E-03  9.5736971E-03  1.6999044E-04  2.7337875E-03  3.2890608E-04  3.8188856E-04  0.0000000E+00  0.0000000E+00  5.3185038E-05  4.9114547E-05  7.4295385E-06  1.0218021E-02  1.8143113E-04  0.0000000E+00  0.0000000E+00  0.0000000E+00  0.1529045      3.7432924E-02  4.6675275E-03
 day              12        1050           1           1           1        1975           2                     1 hru0002           0.6514059      5.5124442E-04  3.4299644E-03  6.1848946E-02  3.6749630E-06  2.2866428E-05  0.0000000E+00  4.8663962E-05  1.7865218E-04  3.2916442E-03  0.0000000E+00  0.0000000E+00  0.7961628      2.1437281E-03  7.7085301E-02  1.2295813E-03  1.2721891E-02  1.5420953E-03  1.8610298E-03  4.5289458E-03  7.2240844E-05  1.2079035E-03  1.5420953E-04  1.7669893E-04  0.0000000E+00  0.0000000E+00  0.0000000E+00  1.9416213E-05  0.0000000E+00  5.1067169E-03  8.1456819E-05  6.4285588E-05  0.0000000E+00  9.4040588E-06  7.9323761E-02  1.7433761E-02  2.2745919E-03
 day              13        1200           1           1           1        1975           2                     1 hru0002           0.6557568      5.5492646E-04  3.4528747E-03  5.8788359E-02  3.6995095E-06  2.3019165E-05  0.0000000E+00  4.6049445E-05  1.7501682E-04  6.7873225E-03  0.0000000E+00  0.0000000E+00  0.8014807      2.1580472E-03  7.7600174E-02  1.2377941E-03  1.2806865E-02  1.5523958E-03  1.8734601E-03  4.4506760E-03  7.0992370E-05  1.1481307E-03  1.5523958E-04  1.6795502E-04  0.0000000E+00  0.0000000E+00  0.0000000E+00  1.6533348E-05  0.0000000E+00  5.2493457E-03  8.3731888E-05  1.3255584E-04  0.0000000E+00  1.9390995E-05  7.9853587E-02  1.7550210E-02  2.2897846E-03
 day              14        1500           1           1           1        1975           2                     1 hru0002            1.322665      1.1192894E-03  6.9644661E-03  0.1088505      7.4619288E-06  4.6429774E-05  0.0000000E+00  8.4651474E-05  3.3834224E-04  2.3416035E-02  0.0000000E+00  0.0000000E+00   1.616591      4.3527917E-03  0.1565200      2.4966372E-03  2.5831517E-02  3.1311905E-03  3.7787789E-03  8.6473972E-03  1.3793392E-04  2.1258390E-03  3.1311903E-04  3.1097961E-04  0.0000000E+00  0.0000000E+00  0.0000000E+00  2.4041103E-05  0.0000000E+00  1.0917597E-02  1.7414572E-04  4.5731268E-04  0.0000000E+00  6.6898327E-05  0.1610651      3.5398867E-02  4.6185078E-03
 day              15        1800           1           1           1        1975           2                     1 hru0002            1.334386      1.1292082E-03  7.0261830E-03  0.1035245      7.5280550E-06  4.6841218E-05  0.0000000E+00  8.0078345E-05  3.3106041E-04  2.9914074E-02  0.0000000E+00  0.0000000E+00   1.630916      4.3913652E-03  0.1579070      2.5187617E-03  2.6060427E-02  3.1589379E-03  3.8122651E-03  8.4929913E-03  1.3547101E-04  2.0218238E-03  3.1589379E-04  2.9576372E-04  0.0000000E+00  0.0000000E+00  0.0000000E+00  1.7617305E-05  0.0000000E+00  1.1245383E-02  1.7937420E-04  5.8421888E-04  0.0000000E+00  8.5462816E-05  0.1624924      3.5712559E-02  4.6594352E-03
 day              16        2000           1           1           1        1975           2                     1 hru0002           0.8946214      7.5706269E-04  4.7106110E-03  6.7406058E-02  5.0470844E-06  3.1404074E-05  0.0000000E+00  5.1994488E-05  2.1852570E-04  2.2056088E-02  0.0000000E+00  0.0000000E+00   1.093426      2.9441323E-03  0.1058667      1.6886705E-03  1.7471867E-02  2.1178680E-03  2.5558828E-03  5.6169420E-03  8.9595393E-05  1.3164337E-03  2.1178681E-04  1.9257530E-04  0.0000000E+00  0.0000000E+00  0.0000000E+00  9.5734868E-06  0.0000000E+00  7.6163909E-03  1.2148842E-04  4.3075299E-04  0.0000000E+00  6.3012994E-05  0.1089409      2.3943009E-02  3.1238568E-03
 day              -1          -1           1           1           1        1975           2                     1 hru0002            44.58325      3.7765246E-02  0.2354207       4.337245      2.8859091E-04  1.7811944E-03   3.901470      6.7070536E-03  1.4889648E-02  0.1210798      0.0000000E+00  0.0000000E+00   54.68849      0.1472082       5.258012      9.7729690E-02  0.9317533      0.1116990      0.1265881      0.3726067      6.9469539E-03  9.0640031E-02  1.1169902E-02  1.2341827E-02  0.0000000E+00  0.0000000E+00  8.1843324E-02  3.1424651E-03  1.1099136E-02  0.2846448      5.2692564E-03  2.5353171E-03  0.0000000E+00  3.1698187E-04   4.955829       1.275331      0.1547188    
 day               1          10           1           1           1        1975           3                     1 hru0003            2.456052      1.9903884E-03  1.3932715E-02  0.1228026      6.1816012E-05  4.3271197E-04  0.0000000E+00  3.7703408E-05  1.2459664E-04  0.1228026      0.0000000E+00  0.0000000E+00   3.684078      8.9567471E-03  0.3463279      7.6458319E-03  8.3191521E-02  9.9588055E-03  6.9931396E-03  1.3853114E-02  3.0583329E-04  4.1595763E-03  9.9588057E-04  3.4965697E-04  0.0000000E+00  0.0000000E+00  0.0000000E+00  0.0000000E+00  0.0000000E+00  2.9437870E-02  6.4989564E-04  4.1595763E-03  0.0000000E+00  3.4965703E-04  0.4326346      0.1138504      8.5471710E-03
 day               2          25           1           1           1        1975           3                     1 hru0003            3.735101      3.2120608E-03  1.9986156E-02  0.3735102      3.0620322E-05  1.9052645E-04  0.8590733      1.0293596E-03  1.4683245E-03  0.0000000E+00  0.0000000E+00  0.0000000E+00   4.565124      1.2491349E-02  0.4356389      8.2336674E-03  7.7508509E-02  9.2784958E-03  1.0511067E-02  3.6158033E-02  6.8339438E-04  7.7508506E-03  9.2784950E-04  1.0511066E-03  0.0000000E+00  0.0000000E+00  1.7826958E-02  3.9897551E-04  2.4175453E-03  1.8296834E-02  3.4581404E-04  0.0000000E+00  0.0000000E+00  0.0000000E+00  0.4032125      0.1060730      1.2846859E-02
 day               3          50           1           1           1        1975           3                     1 hru0003            6.263732      5.3865998E-03  3.3516612E-02  0.6263732      5.1350034E-05  3.1951122E-04   1.440658      1.7262279E-03  2.4623675E-03  0.0000000E+00  0.0000000E+00  0.0000000E+00   7.655673      2.0947885E-02  0.7305628      1.3807790E-02  0.1299811      1.5559954E-02  1.7626967E-02  6.0636710E-02  1.1460466E-03  1.2998108E-02  1.5559954E-03  1.7626968E-03  0.0000000E+00  0.0000000E+00  2.9895645E-02  6.6907809E-04  4.0542027E-03  3.0683640E-02  5.7992723E-04  0.0000000E+00  0.0000000E+00  0.0000000E+00  0.6761840      0.1778835      2.1544073E-02
 day               4         100           1           1           1        1975           3                     1 hru0003            8.747006      7.4020452E-03  4.6057176E-02  0.8747007      4.9346967E-05  3.0704783E-04   1.662437      2.0976744E-03  3.4386266E-03  0.0000000E+00  0.0000000E+00  0.0000000E+00   10.69079      2.8785735E-02   1.035717      1.9575261E-02  0.1842738      2.2059305E-02  2.4989698E-02  8.4231324E-02  1.5919898E-03  1.8427379E-02  2.2059304E-03  2.4989699E-03  0.0000000E+00  0.0000000E+00  3.5022687E-02  8.9731882E-04  4.7494886E-03  4.5233242E-02  8.5491780E-04  0.0000000E+00  0.0000000E+00  0.0000000E+00  0.9586239      0.2521849      3.0542966E-02
 day               5         150           1           1           1        1975           3                     1 hru0003            8.810566      7.4558319E-03  4.6391848E-02  0.8810566      4.9705544E-05  3.0927898E-04   1.315541      1.8091381E-03  3.3517454E-03  0.0000000E+00  0.0000000E+00  0.0000000E+00   10.76847      2.8994905E-02   1.043243      1.9717503E-02  0.1856128      2.2219598E-02  2.5171287E-02  8.2327753E-02  1.5560117E-03  1.8561281E-02  2.2219599E-03  2.5171288E-03  0.0000000E+00  0.0000000E+00  2.7714603E-02  8.4303296E-04  3.7584268E-03  4.8077568E-02  9.0867619E-04  0.0000000E+00  0.0000000E+00  0.0000000E+00  0.9655898      0.2540174      3.0764908E-02
 day               6         200           1           1           1        1975           3                     1 hru0003            2.385376      2.0185956E-03  1.2560147E-02  0.2385376      1.3457305E-05  8.3734318E-05  0.2860731      4.3048820E-04  8.8026404E-04  0.0000000E+00  0.0000000E+00  0.0000000E+00   2.915459      7.8500938E-03  0.2824479      5.3383247E-03  5.0252885E-02  6.0157417E-03  6.8148831E-03  2.1678034E-02  4.0971945E-04  5.0252886E-03  6.0157414E-04  6.8148831E-04  0.0000000E+00  0.0000000E+00  6.0267230E-03  2.1316722E-04  8.1729470E-04  1.3627950E-02  2.5757114E-04  0.0000000E+00  0.0000000E+00  0.0000000E+00  0.2614242      6.8772770E-02  8.3293021E-03
 day               7         300           1           1           1        1975           3                     1 hru0003            4.799786      4.0617622E-03  2.5273178E-02  0.4799786      2.7078417E-05  1.6848787E-04  0.3861455      7.0586882E-04  1.6772696E-03  0.0000000E+00  0.0000000E+00  0.0000000E+00   5.866406      1.5795738E-02  0.5683337      1.0741628E-02  0.1011174      1.2104707E-02  1.3712718E-02  4.1506704E-02  7.8448543E-04  1.0111744E-02  1.2104706E-03  1.3712718E-03  0.0000000E+00  0.0000000E+00  8.1349555E-03  3.7545071E-04  1.1031959E-03  2.9535014E-02  5.5821805E-04  0.0000000E+00  0.0000000E+00  0.0000000E+00  0.5260304      0.1383826      1.6759990E-02
 day               8         450           1           1           1        1975           3                     1 hru0003            7.126519      6.0307309E-03  3.7524540E-02  0.7126518      4.0204872E-05  2.5016358E-04  0.3263277      8.3901914E-04  2.3250992E-03  0.0000000E+00  0.0000000E+00  0.0000000E+00   8.710190      2.3452841E-02  0.8438378      1.5948713E-02  0.1501349      1.7972557E-02  2.0360060E-02  5.7911541E-02  1.0945403E-03  1.5013491E-02  1.7972557E-03  2.0360060E-03  0.0000000E+00  0.0000000E+00  6.8747709E-03  4.5993354E-04  9.3229976E-04  4.7568183E-02  8.9904875E-04  0.0000000E+00  0.0000000E+00  0.0000000E+00  0.7810275      0.2054647      2.4884518E-02
 day               9         600           1           1           1        1975           3                     1 hru0003            3.997938      3.3832078E-03  2.1051064E-02  0.3997938      2.2554717E-05  1.4034043E-04  0.1003794      4.0071091E-04  1.2330913E-03  0.0000000E+00  0.0000000E+00  0.0000000E+00   4.886369      1.3156918E-02  0.4733884      8.9471405E-03  8.4224872E-02  1.0082508E-02  1.1421884E-02  3.0885216E-02  5.8373710E-04  8.4224874E-03  1.0082508E-03  1.1421884E-03  0.0000000E+00  0.0000000E+00  2.1146992E-03  2.1443621E-04  2.8677820E-04  2.8288335E-02  5.3465547E-04  0.0000000E+00  0.0000000E+00  0.0000000E+00  0.4381522      0.1152646      1.3960081E-02
 day              10         750           1           1           1        1975           3                     1 hru0003            1.585639      1.3418284E-03  8.3491523E-03  0.1585639      8.9455225E-06  5.5661014E-05  1.8224970E-02  1.4065995E-04  4.6687265E-04  0.0000000E+00  0.0000000E+00  0.0000000E+00   1.938004      5.2182209E-03  0.1877526      3.5485637E-03  3.3404786E-02  3.9988663E-03  4.5300820E-03  1.1750541E-02  2.2208769E-04  3.3404785E-03  3.9988666E-04  4.5300822E-04  0.0000000E+00  0.0000000E+00  3.8394635E-04  7.1095681E-05  5.2067626E-05  1.1718535E-02  2.2148274E-04  0.0000000E+00  0.0000000E+00  0.0000000E+00  0.1737774      4.5715578E-02  5.5367672E-03
 day              11         900           1           1           1        1975           3                     1 hru0003            1.131795      9.5776818E-04  5.9594447E-03  0.1131795      6.3851212E-06  3.9729632E-05  2.2018775E-03  9.1255002E-05  3.2060992E-04  0.0000000E+00  0.0000000E+00  0.0000000E+00   1.383305      3.7246535E-03  0.1340622      2.3804067E-03  2.3147151E-02  2.7848685E-03  3.2334744E-03  8.1061097E-03  1.4393199E-04  2.3147152E-03  2.7848687E-04  3.2334743E-04  0.0000000E+00  0.0000000E+00  4.5032008E-05  4.1585561E-05  6.2906474E-06  8.6516654E-03  1.5361885E-04  0.0000000E+00  0.0000000E+00  0.0000000E+00  0.1294652      3.1694692E-02  3.9520245E-03
 day              12        1050           1           1           1        1975           3                     1 hru0003           0.5377456      4.5506106E-04  2.8314891E-03  5.1057253E-02  3.0337405E-06  1.8876595E-05  0.0000000E+00  4.0172879E-05  1.4748015E-04  2.7173050E-03  0.0000000E+00  0.0000000E+00  0.6572447      1.7696812E-03  6.3635096E-02  1.0150383E-03  1.0502119E-02  1.2730238E-03  1.5363088E-03  3.7387139E-03  5.9635931E-05  9.9714310E-04  1.2730238E-04  1.4586769E-04  0.0000000E+00  0.0000000E+00  0.0000000E+00  1.6028382E-05  0.0000000E+00  4.2156731E-03  6.7243862E-05  5.3068856E-05  0.0000000E+00  7.7631994E-06  6.5482989E-02  1.4391841E-02  1.8777109E-03
 day              13        1200           1           1           1        1975           3                     1 hru0003           0.5412465      4.5802363E-04  2.8499230E-03  4.8522551E-02  3.0534909E-06  1.8999486E-05  0.0000000E+00  3.8008158E-05  1.4445484E-04  5.6020990E-03  0.0000000E+00  0.0000000E+00  0.6615236      1.7812023E-03  6.4049385E-02  1.0216465E-03  1.0570490E-02  1.2813114E-03  1.5463105E-03  3.6734845E-03  5.8595455E-05  9.4764045E-04  1.2813114E-04  1.3862616E-04  0.0000000E+00  0.0000000E+00  0.0000000E+00  1.3646248E-05  0.0000000E+00  4.3326886E-03  6.9110363E-05  1.0940857E-04  0.0000000E+00  1.6004909E-05  6.5909304E-02  1.4485535E-02  1.8899352E-03
 day              14        1500           1           1           1        1975           3                     1 hru0003            1.091263      9.2346832E-04  5.7460237E-03  8.9806952E-02  6.1564556E-06  3.8306829E-05  0.0000000E+00  6.9841590E-05  2.7914881E-04  1.9319355E-02  0.0000000E+00  0.0000000E+00   1.333766      3.5912653E-03  0.1291366      2.0598471E-03  2.1312255E-02  2.5833843E-03  3.1176768E-03  7.1345232E-03  1.1380221E-04  1.7539203E-03  2.5833843E-04  2.5657334E-04  0.0000000E+00  0.0000000E+00  0.0000000E+00  1.9835046E-05  0.0000000E+00  9.0075489E-03  1.4367868E-04  3.7730520E-04  0.0000000E+00  5.5194338E-05  0.1328865      2.9205784E-02  3.8104942E-03
 day              15        1800           1           1           1        1975           3                     1 hru0003            1.100203      9.3103340E-04  5.7930946E-03  8.5356086E-02  6.2068893E-06  3.8620630E-05  0.0000000E+00  6.6024681E-05  2.7295962E-04  2.4664178E-02  0.0000000E+00  0.0000000E+00   1.344692      3.6206848E-03  0.1301945      2.0767215E-03  2.1486847E-02  2.6045474E-03  3.1432165E-03  7.0024794E-03  1.1169599E-04  1.6669957E-03  2.6045475E-04  2.4385747E-04  0.0000000E+00  0.0000000E+00  0.0000000E+00  1.4525489E-05  0.0000000E+00  9.2718294E-03  1.4789420E-04  4.8168912E-04  0.0000000E+00  7.0464186E-05  0.1339752      2.9445039E-02  3.8417093E-03
 day              16        2000           1           1           1        1975           3                     1 hru0003           0.7371864      6.2383531E-04  3.8816405E-03  5.5543978E-02  4.1589024E-06  2.5877604E-05  0.0000000E+00  4.2844535E-05  1.8006969E-04  1.8174659E-02  0.0000000E+00  0.0000000E+00  0.9010057      2.4260257E-03  8.7236300E-02  1.3914991E-03  1.4397178E-02  1.7451668E-03  2.1060999E-03  4.6284758E-03  7.3828436E-05  1.0847684E-03  1.7451668E-04  1.5868600E-04  0.0000000E+00  0.0000000E+00  0.0000000E+00  7.8887533E-06  0.0000000E+00  6.2760618E-03  1.0010895E-04  3.5494927E-04  0.0000000E+00  5.1923984E-05  8.9769535E-02  1.9729534E-02  2.5741220E-03
 day              -1          -1           1           1           1        1975           3                     1 hru0003            55.04716      4.6632241E-02  0.2917042       5.311436      3.8407432E-04  2.4378740E-03   6.397064      9.5649958E-03  1.8772980E-02  0.1932802      0.0000000E+00  0.0000000E+00   67.96209      0.1825639       6.555563      0.1234496       1.181119      0.1415228      0.1568149      0.4752228      8.9393370E-03  0.1125759      1.4152285E-02  1.5130480E-02  0.0000000E+00  0.0000000E+00  0.1340400      4.2559979E-03  1.8177591E-02  0.3442227      6.4918618E-03  5.5359975E-03  0.0000000E+00  5.5100763E-04   6.234145       1.616562      0.1916626    
 day               1          10           1           1           1        1975           4                     1 hru0004            2.327055      1.8812675E-03  1.3168875E-02  0.1163528      6.1088285E-05  4.2761807E-04  0.0000000E+00  3.2975091E-05  9.9136931E-05  0.1163527      0.0000000E+00  0.0000000E+00   3.490583      8.4657054E-03  0.3206244      7.0783803E-03  7.7017277E-02  9.2196902E-03  6.4741285E-03  1.2824975E-02  2.8313522E-04  3.8508638E-03  9.2196901E-04  3.2370642E-04  0.0000000E+00  0.0000000E+00  0.0000000E+00  0.0000000E+00  0.0000000E+00  2.7253073E-02  6.0166226E-04  3.8508647E-03  1.1641532E-10  3.2370648E-04  0.4005257      0.1054007      7.9128239E-03
 day               2          25           1           1           1        1975           4                     1 hru0004            3.462026      2.9809738E-03  1.8548276E-02  0.3462026      2.9079458E-05  1.8093879E-04  0.7962660      9.5464190E-04  1.3585682E-03  0.0000000E+00  0.0000000E+00  0.0000000E+00   4.231365      1.1592675E-02  0.4033048      7.6225465E-03  7.1755640E-02  8.5898237E-03  9.7309109E-03  3.3474300E-02  6.3267135E-04  7.1755643E-03  8.5898238E-04  9.7309111E-04  0.0000000E+00  0.0000000E+00  1.6503796E-02  3.6936247E-04  2.2381097E-03  1.6938806E-02  3.2014697E-04  0.0000000E+00  0.0000000E+00  0.0000000E+00  0.3732852      9.8200023E-02  1.1893336E-02
 day               3          50           1           1           1        1975           4                     1 hru0004            5.805737      4.9990215E-03  3.1105025E-02  0.5805737      4.8765552E-05  3.0343013E-04   1.335319      1.6009116E-03  2.2782870E-03  0.0000000E+00  0.0000000E+00  0.0000000E+00   7.095901      1.9440642E-02  0.6763329      1.2782834E-02  0.1203326      1.4404936E-02  1.6318513E-02  5.6135628E-02  1.0609751E-03  1.2033255E-02  1.4404935E-03  1.6318514E-03  0.0000000E+00  0.0000000E+00  2.7676489E-02  6.1941228E-04  3.7532579E-03  2.8405983E-02  5.3687906E-04  0.0000000E+00  0.0000000E+00  0.0000000E+00  0.6259906      0.1646792      1.9944852E-02
 day               4         100           1           1           1        1975           4                     1 hru0004            8.830012      7.4722879E-03  4.6494242E-02  0.8830012      4.9815251E-05  3.0996159E-04   1.678214      2.1175814E-03  3.4712579E-03  0.0000000E+00  0.0000000E+00  0.0000000E+00   10.79224      2.9058902E-02   1.045545      1.9761022E-02  0.1860225      2.2268638E-02  2.5226844E-02  8.5030653E-02  1.6070971E-03  1.8602250E-02  2.2268638E-03  2.5226844E-03  0.0000000E+00  0.0000000E+00  3.5355061E-02  9.0583391E-04  4.7945632E-03  4.5662485E-02  8.6303067E-04  0.0000000E+00  0.0000000E+00  0.0000000E+00  0.9677210      0.2545781      3.0832810E-02
 day               5         150           1           1           1        1975           4                     1 hru0004            8.893988      7.5264256E-03  4.6831101E-02  0.8893988      5.0176168E-05  3.1220732E-04   1.327997      1.8262675E-03  3.3834809E-03  0.0000000E+00  0.0000000E+00  0.0000000E+00   10.87043      2.9269438E-02   1.053120      1.9904196E-02  0.1873703      2.2429977E-02  2.5409617E-02  8.3107263E-02  1.5707447E-03  1.8737026E-02  2.2429978E-03  2.5409616E-03  0.0000000E+00  0.0000000E+00  2.7977012E-02  8.5101486E-04  3.7940128E-03  4.8532784E-02  9.1727986E-04  0.0000000E+00  0.0000000E+00  0.0000000E+00  0.9747323      0.2564225      3.1056199E-02
 day               6         200           1           1           1        1975           4                     1 hru0004            2.464704      2.0857267E-03  1.2977852E-02  0.2464704      1.3904844E-05  8.6519009E-05  0.2955868      4.4480467E-04  9.0953853E-04  0.0000000E+00  0.0000000E+00  0.0000000E+00   3.012417      8.1111584E-03  0.2918410      5.5158562E-03  5.1924106E-02  6.2158024E-03  7.0415200E-03  2.2398962E-02  4.2334510E-04  5.1924102E-03  6.2158023E-04  7.0415204E-04  0.0000000E+00  0.0000000E+00  6.2271496E-03  2.2025633E-04  8.4447465E-04  1.4081163E-02  2.6613692E-04  0.0000000E+00  0.0000000E+00  0.0000000E+00  0.2701181      7.1059890E-02  8.6063026E-03
 day               7         300           1           1           1        1975           4                     1 hru0004            4.959277      4.1967290E-03  2.6112974E-02  0.4959277      2.7978194E-05  1.7408650E-04  0.3989766      7.2932389E-04  1.7330032E-03  0.0000000E+00  0.0000000E+00  0.0000000E+00   6.061339      1.6320610E-02  0.5872187      1.1098556E-02  0.1044775      1.2506931E-02  1.4168373E-02  4.2885914E-02  8.1055274E-04  1.0447744E-02  1.2506930E-03  1.4168373E-03  0.0000000E+00  0.0000000E+00  8.4052701E-03  3.8792647E-04  1.1398536E-03  3.0516423E-02  5.7676679E-04  0.0000000E+00  0.0000000E+00  0.0000000E+00  0.5435096      0.1429809      1.7316902E-02
 day               8         450           1           1           1        1975           4                     1 hru0004            7.363043      6.2308875E-03  3.8769957E-02  0.7363043      4.1539250E-05  2.5846637E-04  0.3371583      8.6686568E-04  2.4022677E-03  0.0000000E+00  0.0000000E+00  0.0000000E+00   8.999275      2.4231225E-02  0.8718442      1.6478037E-02  0.1551178      1.8569050E-02  2.1035796E-02  5.9833582E-02  1.1308673E-03  1.5511775E-02  1.8569049E-03  2.1035797E-03  0.0000000E+00  0.0000000E+00  7.1029384E-03  4.7519826E-04  9.6324203E-04  4.9146939E-02  9.2888740E-04  0.0000000E+00  0.0000000E+00  0.0000000E+00  0.8069493      0.2122839      2.5710417E-02
 day               9         600           1           1           1        1975           4                     1 hru0004            4.130486      3.4953740E-03  2.1748988E-02  0.4130485      2.3302493E-05  1.4499325E-04  0.1037073      4.1399599E-04  1.2739729E-03  0.0000000E+00  0.0000000E+00  0.0000000E+00   5.048371      1.3593119E-02  0.4890831      9.2437724E-03  8.7017238E-02  1.0416780E-02  1.1800563E-02  3.1909179E-02  6.0309016E-04  8.7017231E-03  1.0416779E-03  1.1800562E-03  0.0000000E+00  0.0000000E+00  2.1848110E-03  2.2154558E-04  2.9628607E-04  2.9226203E-02  5.5238139E-04  0.0000000E+00  0.0000000E+00  0.0000000E+00  0.4526786      0.1190860      1.4422910E-02
 day              10         750           1           1           1        1975           4                     1 hru0004            1.638173      1.3862841E-03  8.6257653E-03  0.1638173      9.2418941E-06  5.7505102E-05  1.8828765E-02  1.4532013E-04  4.8234046E-04  0.0000000E+00  0.0000000E+00  0.0000000E+00   2.002211      5.3911041E-03  0.1939730      3.6661301E-03  3.4511503E-02  4.1313507E-03  4.6801665E-03  1.2139845E-02  2.2944562E-04  3.4511504E-03  4.1313507E-04  4.6801666E-04  0.0000000E+00  0.0000000E+00  3.9666658E-04  7.3451083E-05  5.3792668E-05  1.2106777E-02  2.2882065E-04  0.0000000E+00  0.0000000E+00  0.0000000E+00  0.1795348      4.7230158E-02  5.7202042E-03
 day              11         900           1           1           1        1975           4                     1 hru0004            1.153602      9.7622181E-04  6.0742670E-03  0.1153602      6.5081454E-06  4.0495113E-05  2.2442788E-03  9.3013230E-05  3.2678718E-04  0.0000000E+00  0.0000000E+00  0.0000000E+00   1.409958      3.7964177E-03  0.1366452      2.4262706E-03  2.3593139E-02  2.8385259E-03  3.2957750E-03  8.2622925E-03  1.4670516E-04  2.3593139E-03  2.8385260E-04  3.2957751E-04  0.0000000E+00  0.0000000E+00  4.5899535E-05  4.2386819E-05  6.4117776E-06  8.8183591E-03  1.5657867E-04  0.0000000E+00  0.0000000E+00  0.0000000E+00  0.1319596      3.2305371E-02  4.0281699E-03
 day              12        1050           1           1           1        1975           4                     1 hru0004           0.5376307      4.5496383E-04  2.8308842E-03  5.1046349E-02  3.0330925E-06  1.8872563E-05  0.0000000E+00  4.0164294E-05  1.4744865E-04  2.7167276E-03  0.0000000E+00  0.0000000E+00  0.6571043      1.7693031E-03  6.3621506E-02  1.0148215E-03  1.0499873E-02  1.2727516E-03  1.5359805E-03  3.7379153E-03  5.9623184E-05  9.9692994E-04  1.2727515E-04  1.4583652E-04  0.0000000E+00  0.0000000E+00  0.0000000E+00  1.6024962E-05  0.0000000E+00  4.2147730E-03  6.7229499E-05  5.3057447E-05  0.0000000E+00  7.7615405E-06  6.5468997E-02  1.4388764E-02  1.8773095E-03
 day              13        1200           1           1           1        1975           4                     1 hru0004           0.5411320      4.5792671E-04  2.8493199E-03  4.8512280E-02  3.0528447E-06  1.8995468E-05  0.0000000E+00  3.8000111E-05  1.4442427E-04  5.6009181E-03  0.0000000E+00  0.0000000E+00  0.6613835      1.7808254E-03  6.4035833E-02  1.0214304E-03  1.0568253E-02  1.2810403E-03  1.5459834E-03  3.6727078E-03  5.8583057E-05  9.4743993E-04  1.2810403E-04  1.3859684E-04  0.0000000E+00  0.0000000E+00  0.0000000E+00  1.3643352E-05  0.0000000E+00  4.3317713E-03  6.9095739E-05  1.0938535E-04  0.0000000E+00  1.6001504E-05  6.5895356E-02  1.4482470E-02  1.8895352E-03
 day              14        1500           1           1           1        1975           4                     1 hru0004            1.091044      9.2328305E-04  5.7448712E-03  8.9788929E-02  6.1552205E-06  3.8299146E-05  0.0000000E+00  6.9827584E-05  2.7909281E-04  1.9315489E-02  0.0000000E+00  0.0000000E+00   1.333498      3.5905447E-03  0.1291107      2.0594343E-03  2.1307981E-02  2.5828662E-03  3.1170514E-03  7.1330927E-03  1.1377939E-04  1.7535685E-03  2.5828663E-04  2.5652189E-04  0.0000000E+00  0.0000000E+00  0.0000000E+00  1.9831059E-05  0.0000000E+00  9.0057440E-03  1.4364990E-04  3.7722953E-04  0.0000000E+00  5.5183249E-05  0.1328599      2.9199926E-02  3.8097296E-03
 day              15        1800           1           1           1        1975           4                     1 hru0004            1.100007      9.3086751E-04  5.7920627E-03  8.5340872E-02  6.2057838E-06  3.8613754E-05  0.0000000E+00  6.6012915E-05  2.7291098E-04  2.4659783E-02  0.0000000E+00  0.0000000E+00   1.344453      3.6200397E-03  0.1301713      2.0763513E-03  2.1483019E-02  2.6040834E-03  3.1426565E-03  7.0012314E-03  1.1167608E-04  1.6666987E-03  2.6040836E-04  2.4381404E-04  0.0000000E+00  0.0000000E+00  0.0000000E+00  1.4522870E-05  0.0000000E+00  9.2701772E-03  1.4786783E-04  4.8160332E-04  0.0000000E+00  7.0451599E-05  0.1339513      2.9439792E-02  3.8410251E-03
 day              16        2000           1           1           1        1975           4                     1 hru0004           0.7370707      6.2373729E-04  3.8810309E-03  5.5535257E-02  4.1582489E-06  2.5873540E-05  0.0000000E+00  4.2837801E-05  1.8004140E-04  1.8171810E-02  0.0000000E+00  0.0000000E+00  0.9008642      2.4256445E-03  8.7222598E-02  1.3912806E-03  1.4394916E-02  1.7448927E-03  2.1057692E-03  4.6277489E-03  7.3816846E-05  1.0845979E-03  1.7448927E-04  1.5866109E-04  0.0000000E+00  0.0000000E+00  0.0000000E+00  7.8875164E-06  0.0000000E+00  6.2750760E-03  1.0009322E-04  3.5489362E-04  0.0000000E+00  5.1915835E-05  8.9755438E-02  1.9726433E-02  2.5737179E-03
 day              -1          -1           1           1           1        1975           4                     1 hru0004            55.03499      4.6621978E-02  0.2915555       5.316682      3.8400470E-04  2.4368758E-03   6.294299      9.4825439E-03  1.8742561E-02  0.1868175      0.0000000E+00  0.0000000E+00   67.91138      0.1824573       6.543695      0.1231409       1.177393      0.1410771      0.1566297      0.4741753      8.9161079E-03  0.1125123      1.4107713E-02  1.5137946E-02  0.0000000E+00  0.0000000E+00  0.1318751      4.2382977E-03  1.7884005E-02  0.3437866      6.4765075E-03  5.2270335E-03  1.1641532E-10  5.2502018E-04   6.214935       1.611464      0.1914362    
 day               1          10           1           1           1        1975           5                     1 hru0005            2.780414      2.2647714E-03  1.5853390E-02  0.1390207      6.3645100E-05  4.4551544E-04  0.0000000E+00  4.9593466E-05  1.8862018E-04  0.1390207      0.0000000E+00  0.0000000E+00   4.170622      1.0191468E-02  0.4109611      9.0727312E-03  9.8717086E-02  1.1817361E-02  8.2982294E-03  1.6438443E-02  3.6290928E-04  4.9358541E-03  1.1817361E-03  4.1491148E-04  0.0000000E+00  0.0000000E+00  0.0000000E+00  0.0000000E+00  0.0000000E+00  3.4931690E-02  7.7118212E-04  4.9358550E-03  0.0000000E+00  4.1491142E-04  0.5133747      0.1350977      1.0142282E-02
 day               2          25           1           1           1        1975           5                     1 hru0005            4.421698      3.7930836E-03  2.3601411E-02  0.4421698      3.4493598E-05  2.1462685E-04   1.016990      1.2172239E-03  1.7442902E-03  0.0000000E+00  0.0000000E+00  0.0000000E+00   5.404297      1.4750883E-02  0.5169376      9.7702295E-03  9.1973096E-02  1.1010042E-02  1.2472637E-02  4.2905822E-02  8.1092905E-04  9.1973096E-03  1.1010043E-03  1.2472636E-03  0.0000000E+00  0.0000000E+00  2.1153813E-02  4.7343178E-04  2.8687068E-03  2.1711379E-02  4.1034963E-04  0.0000000E+00  0.0000000E+00  0.0000000E+00  0.4784598      0.1258683      1.5244335E-02
 day               3          50           1           1           1        1975           5                     1 hru0005            7.415098      6.3609309E-03  3.9579101E-02  0.7415099      5.7845136E-05  3.5992506E-04   1.705472      2.0412621E-03  2.9251403E-03  0.0000000E+00  0.0000000E+00  0.0000000E+00   9.062898      2.4736945E-02  0.8668942      1.6384482E-02  0.1542371      1.8463623E-02  2.0916361E-02  7.1952224E-02  1.3599120E-03  1.5423707E-02  1.8463623E-03  2.0916362E-03  0.0000000E+00  0.0000000E+00  3.5474524E-02  7.9393585E-04  4.8107635E-03  3.6409557E-02  6.8814831E-04  0.0000000E+00  0.0000000E+00  0.0000000E+00  0.8023676      0.2110786      2.5564443E-02
 day               4         100           1           1           1        1975           5                     1 hru0005            8.597511      7.2755362E-03  4.5270007E-02  0.8597512      4.8503571E-05  3.0180003E-04   1.634025      2.0618236E-03  3.3798567E-03  0.0000000E+00  0.0000000E+00  0.0000000E+00   10.50807      2.8293755E-02   1.018015      1.9240702E-02  0.1811244      2.1682288E-02  2.4562599E-02  8.2791731E-02  1.5647812E-03  1.8112438E-02  2.1682288E-03  2.4562597E-03  0.0000000E+00  0.0000000E+00  3.4424134E-02  8.8198250E-04  4.6683177E-03  4.4460163E-02  8.4030651E-04  0.0000000E+00  0.0000000E+00  0.0000000E+00  0.9422402      0.2478749      3.0020958E-02
 day               5         150           1           1           1        1975           5                     1 hru0005            8.659855      7.3282942E-03  4.5598283E-02  0.8659855      4.8855294E-05  3.0398855E-04   1.293038      1.7781914E-03  3.2944118E-03  0.0000000E+00  0.0000000E+00  0.0000000E+00   10.58427      2.8498927E-02   1.025397      1.9380223E-02  0.1824378      2.1839513E-02  2.4740713E-02  8.0919482E-02  1.5293953E-03  1.8243777E-02  2.1839512E-03  2.4740712E-03  0.0000000E+00  0.0000000E+00  2.7240524E-02  8.2861260E-04  3.6941359E-03  4.7255166E-02  8.9313253E-04  0.0000000E+00  0.0000000E+00  0.0000000E+00  0.9490727      0.2496722      3.0238649E-02
 day               6         200           1           1           1        1975           5                     1 hru0005            2.417052      2.0454009E-03  1.2726936E-02  0.2417052      1.3636007E-05  8.4846244E-05  0.2898719      4.3620472E-04  8.9195318E-04  0.0000000E+00  0.0000000E+00  0.0000000E+00   2.954174      7.9543367E-03  0.2861986      5.4092128E-03  5.0920196E-02  6.0956255E-03  6.9053792E-03  2.1965900E-02  4.1516012E-04  5.0920197E-03  6.0956256E-04  6.9053785E-04  0.0000000E+00  0.0000000E+00  6.1067524E-03  2.1599786E-04  8.2814775E-04  1.3808919E-02  2.6099148E-04  0.0000000E+00  0.0000000E+00  0.0000000E+00  0.2648956      6.9686010E-02  8.4399087E-03
 day               7         300           1           1           1        1975           5                     1 hru0005            4.863427      4.1156164E-03  2.5608273E-02  0.4863427      2.7437442E-05  1.7072182E-04  0.3912654      7.1522780E-04  1.6995085E-03  0.0000000E+00  0.0000000E+00  0.0000000E+00   5.944189      1.6005173E-02  0.5758692      1.0884049E-02  0.1024582      1.2265204E-02  1.3894535E-02  4.2057034E-02  7.9488684E-04  1.0245817E-02  1.2265203E-03  1.3894535E-03  0.0000000E+00  0.0000000E+00  8.2428176E-03  3.8042874E-04  1.1178231E-03  2.9926617E-02  5.6561932E-04  0.0000000E+00  0.0000000E+00  0.0000000E+00  0.5330049      0.1402175      1.6982209E-02
 day               8         450           1           1           1        1975           5                     1 hru0005            7.220820      6.1105327E-03  3.8021080E-02  0.7220820      4.0736883E-05  2.5347385E-04  0.3306458      8.5012149E-04  2.3558657E-03  0.0000000E+00  0.0000000E+00  0.0000000E+00   8.825447      2.3763178E-02  0.8550038      1.6159751E-02  0.1521215      1.8210376E-02  2.0629475E-02  5.8677848E-02  1.1090236E-03  1.5212155E-02  1.8210376E-03  2.0629475E-03  0.0000000E+00  0.0000000E+00  6.9657387E-03  4.6601938E-04  9.4463653E-04  4.8197623E-02  9.1094524E-04  0.0000000E+00  0.0000000E+00  0.0000000E+00  0.7913623      0.2081835      2.5213802E-02
 day               9         600           1           1           1        1975           5                     1 hru0005            4.050742      3.4278925E-03  2.1329101E-02  0.4050742      2.2852617E-05  1.4219401E-04  0.1017052      4.0600347E-04  1.2493776E-03  0.0000000E+00  0.0000000E+00  0.0000000E+00   4.950908      1.3330691E-02  0.4796408      9.0653114E-03  8.5337274E-02  1.0215673E-02  1.1572741E-02  3.1293139E-02  5.9144688E-04  8.5337283E-03  1.0215673E-03  1.1572741E-03  0.0000000E+00  0.0000000E+00  2.1426305E-03  2.1726836E-04  2.9056601E-04  2.8661959E-02  5.4171705E-04  0.0000000E+00  0.0000000E+00  0.0000000E+00  0.4439391      0.1167869      1.4144462E-02
 day              10         750           1           1           1        1975           5                     1 hru0005            1.606556      1.3595292E-03  8.4592905E-03  0.1606556      9.0635276E-06  5.6395271E-05  1.8465370E-02  1.4251549E-04  4.7303140E-04  0.0000000E+00  0.0000000E+00  0.0000000E+00   1.963569      5.2870573E-03  0.1902294      3.5953750E-03  3.3845443E-02  4.0516169E-03  4.5898412E-03  1.1905549E-02  2.2501739E-04  3.3845445E-03  4.0516170E-04  4.5898408E-04  0.0000000E+00  0.0000000E+00  3.8901088E-04  7.2033494E-05  5.2754564E-05  1.1873119E-02  2.2440449E-04  0.0000000E+00  0.0000000E+00  0.0000000E+00  0.1760698      4.6318632E-02  5.6098062E-03
 day              11         900           1           1           1        1975           5                     1 hru0005            1.140443      9.6508657E-04  6.0049817E-03  0.1140443      6.4339106E-06  4.0033210E-05  2.2186935E-03  9.1952286E-05  3.2305979E-04  0.0000000E+00  0.0000000E+00  0.0000000E+00   1.393875      3.7531140E-03  0.1350866      2.3985952E-03  2.3496246E-02  2.8268686E-03  3.2581822E-03  8.1680492E-03  1.4503176E-04  2.3496244E-03  2.8268684E-04  3.2581823E-04  0.0000000E+00  0.0000000E+00  4.5711407E-05  4.2212778E-05  6.3386688E-06  8.7177716E-03  1.5479264E-04  0.0000000E+00  0.0000000E+00  0.0000000E+00  0.1304544      3.2172699E-02  3.9822226E-03
 day              12        1050           1           1           1        1975           5                     1 hru0005           0.5376638      4.5499179E-04  2.8310581E-03  5.1049486E-02  3.0332787E-06  1.8873721E-05  0.0000000E+00  4.0166764E-05  1.4745771E-04  2.7168915E-03  0.0000000E+00  0.0000000E+00  0.6571446      1.7694118E-03  6.3625425E-02  1.0148840E-03  1.0703335E-02  1.2974144E-03  1.5360750E-03  3.7381458E-03  5.9626858E-05  1.0162480E-03  1.2974144E-04  1.4584549E-04  0.0000000E+00  0.0000000E+00  0.0000000E+00  1.6335485E-05  0.0000000E+00  4.2150323E-03  6.7233639E-05  5.4085511E-05  0.0000000E+00  7.7620061E-06  6.5473028E-02  1.4667584E-02  1.8774250E-03
 day              13        1200           1           1           1        1975           5                     1 hru0005           0.5411649      4.5795459E-04  2.8494934E-03  4.8515227E-02  3.0530309E-06  1.8996623E-05  0.0000000E+00  3.8002425E-05  1.4443306E-04  5.6012608E-03  0.0000000E+00  0.0000000E+00  0.6614238      1.7809338E-03  6.4039722E-02  1.0214924E-03  1.0773031E-02  1.3058627E-03  1.5460773E-03  3.6729304E-03  5.8586622E-05  9.6579822E-04  1.3058627E-04  1.3860525E-04  0.0000000E+00  0.0000000E+00  0.0000000E+00  1.3907716E-05  0.0000000E+00  4.3320348E-03  6.9099930E-05  1.1150498E-04  0.0000000E+00  1.6002494E-05  6.5899357E-02  1.4763094E-02  1.8896501E-03
 day              14        1500           1           1           1        1975           5                     1 hru0005            1.091107      9.2333648E-04  5.7452028E-03  8.9794114E-02  6.1555770E-06  3.8301354E-05  0.0000000E+00  6.9831622E-05  2.7910894E-04  1.9316606E-02  0.0000000E+00  0.0000000E+00   1.333576      3.5907524E-03  0.1291181      2.0595531E-03  2.1720795E-02  2.6329057E-03  3.1172314E-03  7.1335044E-03  1.1378595E-04  1.7875417E-03  2.6329057E-04  2.5653670E-04  0.0000000E+00  0.0000000E+00  0.0000000E+00  2.0215288E-05  0.0000000E+00  9.0062637E-03  1.4365818E-04  3.8453797E-04  0.0000000E+00  5.5186450E-05  0.1328676      2.9765636E-02  3.8099496E-03
 day              15        1800           1           1           1        1975           5                     1 hru0005            1.100063      9.3091518E-04  5.7923594E-03  8.5345246E-02  6.2061013E-06  3.8615730E-05  0.0000000E+00  6.6016299E-05  2.7292498E-04  2.4661049E-02  0.0000000E+00  0.0000000E+00   1.344521      3.6202250E-03  0.1301779      2.0764577E-03  2.1899080E-02  2.6545166E-03  3.1428176E-03  7.0015900E-03  1.1168179E-04  1.6989777E-03  2.6545167E-04  2.4382654E-04  0.0000000E+00  0.0000000E+00  0.0000000E+00  1.4804158E-05  0.0000000E+00  9.2706513E-03  1.4787543E-04  4.9093028E-04  0.0000000E+00  7.0455251E-05  0.1339581      3.0009951E-02  3.8412216E-03
 day              16        2000           1           1           1        1975           5                     1 hru0005           0.7371041      6.2376552E-04  3.8812067E-03  5.5537771E-02  4.1584372E-06  2.5874713E-05  0.0000000E+00  4.2839740E-05  1.8004955E-04  1.8172633E-02  0.0000000E+00  0.0000000E+00  0.9009050      2.4257544E-03  8.7226540E-02  1.3913435E-03  1.4673617E-02  1.7786757E-03  2.1058645E-03  4.6279579E-03  7.3820185E-05  1.1055969E-03  1.7786757E-04  1.5866826E-04  0.0000000E+00  0.0000000E+00  0.0000000E+00  8.0402388E-06  0.0000000E+00  6.2753605E-03  1.0009776E-04  3.6176480E-04  0.0000000E+00  5.1918178E-05  8.9759491E-02  2.0108359E-02  2.5738345E-03
 day              -1          -1           1           1           1        1975           5                     1 hru0005            57.18072      4.8437640E-02  0.3031512       5.508583      3.9610951E-04  2.5141824E-03   6.783700      1.0046978E-02  1.9549089E-02  0.2094891      0.0000000E+00  0.0000000E+00   70.65987      0.1897526       6.834421      0.1289244       1.236438      0.1481476      0.1632887      0.4952493      9.3259951E-03  0.1173051      1.4814757E-02  1.5712639E-02  0.0000000E+00  0.0000000E+00  0.1421857      4.4452264E-03  1.9282188E-02  0.3590533      6.7895548E-03  6.3386788E-03  0.0000000E+00  6.1623577E-04   6.513199       1.692272      0.1995752    
 day               1          10           1           1           1        1975           6                     1 hru0006            2.708793      2.2041870E-03  1.5429292E-02  0.1354397      6.3240950E-05  4.4268614E-04  0.0000000E+00  4.6968402E-05  1.7448555E-04  0.1354397      0.0000000E+00  0.0000000E+00   4.063190      9.9188350E-03  0.3966905      8.7576816E-03  9.5289126E-02  1.1407003E-02  8.0100726E-03  1.5867617E-02  3.5030727E-04  4.7644563E-03  1.1407002E-03  4.0050363E-04  0.0000000E+00  0.0000000E+00  0.0000000E+00  1.1641532E-10  0.0000000E+00  3.3718690E-02  7.4440293E-04  4.7644554E-03  0.0000000E+00  4.0050357E-04  0.4955478      0.1304064      9.7900890E-03
 day               2          25           1           1           1        1975           6                     1 hru0006            4.270066      3.6647704E-03  2.2802992E-02  0.4270066      3.3637862E-05  2.0930203E-04  0.7649615      9.8936493E-04  1.6317311E-03  0.0000000E+00  0.0000000E+00  0.0000000E+00   5.218970      1.4251876E-02  0.4989835      9.4308946E-03  8.8778727E-02  1.0627647E-02  1.2039441E-02  4.0286172E-02  7.6141715E-04  8.8778725E-03  1.0627647E-03  1.2039441E-03  0.0000000E+00  0.0000000E+00  1.5904278E-02  4.2524503E-04  2.1568071E-03  2.2086769E-02  4.1744468E-04  0.0000000E+00  0.0000000E+00  0.0000000E+00  0.4618422      0.1214967      1.4714873E-02
 day               3          50           1           1           1        1975           6                     1 hru0006            7.160741      6.1456747E-03  3.8239755E-02  0.7160741      5.6409357E-05  3.5099156E-04   1.155375      1.5497532E-03  2.6963279E-03  0.0000000E+00  0.0000000E+00  0.0000000E+00   8.752018      2.3899850E-02  0.8367769      1.5815262E-02  0.1488786      1.7822167E-02  2.0189695E-02  6.6682599E-02  1.2603154E-03  1.4887861E-02  1.7822166E-03  2.0189695E-03  0.0000000E+00  0.0000000E+00  2.4021335E-02  6.9196825E-04  3.2575759E-03  3.7914507E-02  7.1659230E-04  0.0000000E+00  0.0000000E+00  0.0000000E+00  0.7744923      0.2037454      2.4676293E-02
 day               4         100           1           1           1        1975           6                     1 hru0006            9.890725      8.3699021E-03  5.2079398E-02  0.9890725      5.5799344E-05  3.4719598E-04   1.273329      1.8587300E-03  3.6860870E-03  0.0000000E+00  0.0000000E+00  0.0000000E+00   12.08866      3.2549627E-02   1.171142      2.2134835E-02  0.2083686      2.4943678E-02  2.8257240E-02  9.0698972E-02  1.7142297E-03  2.0836860E-02  2.4943678E-03  2.8257240E-03  0.0000000E+00  0.0000000E+00  2.6825327E-02  9.0405601E-04  3.6378303E-03  5.5693805E-02  1.0526247E-03  0.0000000E+00  0.0000000E+00  0.0000000E+00   1.083969      0.2851595      3.4536626E-02
 day               5         150           1           1           1        1975           6                     1 hru0006            9.962201      8.4303897E-03  5.2455761E-02  0.9962201      5.6202596E-05  3.4970505E-04   1.040988      1.6677593E-03  3.6068088E-03  0.0000000E+00  0.0000000E+00  0.0000000E+00   12.17602      3.2784849E-02   1.179605      2.2294793E-02  0.2098744      2.5123937E-02  2.8461445E-02  8.8972598E-02  1.6816010E-03  2.0987444E-02  2.5123938E-03  2.8461446E-03  0.0000000E+00  0.0000000E+00  2.1930560E-02  8.5113477E-04  2.9740427E-03  5.8478087E-02  1.1052481E-03  0.0000000E+00  0.0000000E+00  0.0000000E+00   1.091803      0.2872202      3.4786213E-02
 day               6         200           1           1           1        1975           6                     1 hru0006            2.464543      2.0855900E-03  1.2977001E-02  0.2464543      1.3903933E-05  8.6513341E-05  0.2113679      3.7352263E-04  8.6859922E-04  0.0000000E+00  0.0000000E+00  0.0000000E+00   3.012219      8.1106275E-03  0.2918219      5.5154958E-03  5.1920705E-02  6.2153954E-03  7.0410599E-03  2.1478212E-02  4.0594273E-04  5.1920707E-03  6.2153954E-04  7.0410600E-04  0.0000000E+00  0.0000000E+00  4.4529024E-03  1.9703701E-04  6.0386612E-04  1.4999529E-02  2.8349424E-04  0.0000000E+00  0.0000000E+00  0.0000000E+00  0.2701004      7.1055241E-02  8.6057400E-03
 day               7         300           1           1           1        1975           6                     1 hru0006            4.958835      4.1963547E-03  2.6110642E-02  0.4958834      2.7975697E-05  1.7407094E-04  0.2914396      6.3828699E-04  1.6650732E-03  0.0000000E+00  0.0000000E+00  0.0000000E+00   6.060798      1.6319154E-02  0.5871662      1.1097566E-02  0.1044681      1.2505814E-02  1.4167110E-02  4.1357979E-02  7.8167458E-04  1.0446812E-02  1.2505814E-03  1.4167109E-03  0.0000000E+00  0.0000000E+00  6.1397785E-03  3.4821976E-04  8.3262636E-04  3.2037802E-02  6.0552120E-04  0.0000000E+00  0.0000000E+00  0.0000000E+00  0.5434611      0.1429681      1.7315356E-02
 day               8         450           1           1           1        1975           6                     1 hru0006            7.362137      6.2301210E-03  3.8765188E-02  0.7362137      4.1534138E-05  2.5843456E-04  0.2440426      7.8799616E-04  2.3249709E-03  0.0000000E+00  0.0000000E+00  0.0000000E+00   8.998168      2.4228245E-02  0.8717370      1.6476013E-02  0.1550987      1.8566767E-02  2.1033209E-02  5.8094654E-02  1.0980011E-03  1.5509867E-02  1.8566767E-03  2.1033208E-03  0.0000000E+00  0.0000000E+00  5.1412648E-03  4.2835867E-04  6.9721602E-04  5.0872471E-02  9.6150045E-04  0.0000000E+00  0.0000000E+00  0.0000000E+00  0.8068501      0.2122578      2.5707256E-02
 day               9         600           1           1           1        1975           6                     1 hru0006            4.129854      3.4948392E-03  2.1745659E-02  0.4129854      2.3298928E-05  1.4497105E-04  6.9831818E-02  3.8527933E-04  1.2400006E-03  0.0000000E+00  0.0000000E+00  0.0000000E+00   5.047599      1.3591040E-02  0.4890082      9.2423586E-03  8.7003924E-02  1.0415185E-02  1.1798758E-02  3.1144721E-02  5.8864185E-04  8.7003922E-03  1.0415185E-03  1.1798757E-03  0.0000000E+00  0.0000000E+00  1.4711516E-03  2.0038127E-04  1.9950559E-04  2.9981306E-02  5.6665298E-04  0.0000000E+00  0.0000000E+00  0.0000000E+00  0.4526094      0.1190678      1.4420705E-02
 day              10         750           1           1           1        1975           6                     1 hru0006            1.637890      1.3860447E-03  8.6242752E-03  0.1637890      9.2402979E-06  5.7495166E-05  9.5036626E-03  1.3740653E-04  4.7160298E-04  0.0000000E+00  0.0000000E+00  0.0000000E+00   2.001865      5.3901728E-03  0.1939395      3.6654968E-03  3.4505542E-02  4.1306373E-03  4.6793581E-03  1.1898162E-02  2.2487775E-04  3.4505541E-03  4.1306374E-04  4.6793581E-04  0.0000000E+00  0.0000000E+00  2.0021456E-04  6.6615874E-05  2.7151429E-05  1.2344273E-02  2.3330936E-04  0.0000000E+00  0.0000000E+00  0.0000000E+00  0.1795038      4.7222000E-02  5.7192161E-03
 day              11         900           1           1           1        1975           6                     1 hru0006            1.153390      9.7604265E-04  6.0731522E-03  0.1128073      6.5069507E-06  4.0487681E-05  0.0000000E+00  8.8954839E-05  3.2067968E-04  2.5317743E-03  0.0000000E+00  0.0000000E+00   1.409699      3.7957209E-03  0.1366201      2.4258252E-03  2.3588806E-02  2.8380048E-03  3.2951704E-03  8.1247324E-03  1.4426264E-04  2.3071016E-03  2.8380050E-04  3.2228392E-04  0.0000000E+00  0.0000000E+00  0.0000000E+00  3.8528437E-05  0.0000000E+00  8.9527844E-03  1.5896551E-04  5.1778974E-05  0.0000000E+00  7.2331459E-06  0.1319354      3.2299440E-02  4.0274304E-03
 day              12        1050           1           1           1        1975           6                     1 hru0006           0.5375299      4.5487858E-04  2.8303538E-03  4.9361631E-02  3.0325241E-06  1.8869026E-05  0.0000000E+00  3.8739192E-05  1.4512448E-04  4.3913610E-03  0.0000000E+00  0.0000000E+00  0.6569811      1.7689716E-03  6.3609585E-02  1.0146312E-03  1.0497906E-02  1.2725132E-03  1.5356926E-03  3.6856025E-03  5.8788741E-05  9.6402771E-04  1.2725132E-04  1.4102338E-04  0.0000000E+00  0.0000000E+00  0.0000000E+00  1.4593214E-05  0.0000000E+00  4.2655957E-03  6.8040164E-05  8.5762935E-05  0.0000000E+00  1.2545876E-05  6.5456726E-02  1.4386069E-02  1.8769578E-03
 day              13        1200           1           1           1        1975           6                     1 hru0006           0.5410315      4.5784182E-04  2.8487914E-03  4.7201481E-02  3.0522790E-06  1.8991943E-05  0.0000000E+00  3.6891437E-05  1.4249736E-04  6.9016702E-03  0.0000000E+00  0.0000000E+00  0.6612608      1.7804952E-03  6.4023942E-02  1.0212407E-03  1.0566292E-02  1.2808027E-03  1.5456964E-03  3.6293222E-03  5.7891019E-05  9.2184020E-04  1.2808027E-04  1.3485194E-04  0.0000000E+00  0.0000000E+00  0.0000000E+00  1.2443546E-05  0.0000000E+00  4.3736706E-03  6.9764072E-05  1.3478915E-04  0.0000000E+00  1.9717714E-05  6.5883122E-02  1.4479783E-02  1.8891847E-03
 day              14        1500           1           1           1        1975           6                     1 hru0006            1.090852      9.2312047E-04  5.7438593E-03  8.8120379E-02  6.1541368E-06  3.8292397E-05  0.0000000E+00  6.8416673E-05  2.7640129E-04  2.0964831E-02  0.0000000E+00  0.0000000E+00   1.333264      3.5899126E-03  0.1290879      2.0590713E-03  2.1304231E-02  2.5824115E-03  3.1165024E-03  7.0724506E-03  1.1281209E-04  1.7209820E-03  2.5824117E-04  2.5175491E-04  0.0000000E+00  0.0000000E+00  0.0000000E+00  1.8130027E-05  0.0000000E+00  9.0635419E-03  1.4457182E-04  4.0944119E-04  0.0000000E+00  5.9895334E-05  0.1328365      2.9194787E-02  3.8090586E-03
 day              15        1800           1           1           1        1975           6                     1 hru0006            1.099834      9.3072170E-04  5.7911552E-03  8.4224291E-02  6.2048116E-06  3.8607704E-05  0.0000000E+00  6.5068984E-05  2.7099342E-04  2.5759146E-02  0.0000000E+00  0.0000000E+00   1.344242      3.6194727E-03  0.1301509      2.0760263E-03  2.1479653E-02  2.6036757E-03  3.1421643E-03  6.9580004E-03  1.1098650E-04  1.6448918E-03  2.6036758E-04  2.4062401E-04  0.0000000E+00  0.0000000E+00  0.0000000E+00  1.3299636E-05  0.0000000E+00  9.3108602E-03  1.4851679E-04  5.0307356E-04  0.0000000E+00  7.3592440E-05  0.1339303      2.9435182E-02  3.8404234E-03
 day              16        2000           1           1           1        1975           6                     1 hru0006           0.7369688      6.2365102E-04  3.8804940E-03  5.4955222E-02  4.1576736E-06  2.5869960E-05  0.0000000E+00  4.2347525E-05  1.7901445E-04  1.8741660E-02  0.0000000E+00  0.0000000E+00  0.9007397      2.4253093E-03  8.7210543E-02  1.3910884E-03  1.4392925E-02  1.7446515E-03  2.1054782E-03  4.6045892E-03  7.3447431E-05  1.0732699E-03  1.7446514E-04  1.5700396E-04  0.0000000E+00  0.0000000E+00  0.0000000E+00  7.2293624E-06  0.0000000E+00  6.2967297E-03  1.0043861E-04  3.6602269E-04  0.0000000E+00  5.3543845E-05  8.9743033E-02  1.9723706E-02  2.5733626E-03
 day              -1          -1           1           1           1        1975           6                     1 hru0006            59.70539      5.0574131E-02  0.3163978       5.755809      4.1035152E-04  2.6024848E-03   5.060839      8.7754866E-03  1.9700399E-02  0.2147301      0.0000000E+00  0.0000000E+00   73.72571      0.1980242       7.127575      0.1344183       1.286016      0.1540803      0.1704181      0.5005564      9.4251977E-03  0.1222863      1.5408028E-02  1.6414776E-02  0.0000000E+00  0.0000000E+00  0.1060868      4.2172410E-03  1.4386622E-02  0.3903905      7.3770876E-03  6.3153235E-03  0.0000000E+00  6.2703190E-04   6.779965       1.760118      0.2082888    
 day               1          10           1           1           1        1975           7                     1 hru0007            1.395494      1.0932510E-03  7.6527582E-03  6.9774695E-02  5.4662552E-05  3.0611033E-04  0.0000000E+00  0.0000000E+00  0.0000000E+00  6.9774680E-02  1.1728480E-06  8.4737520E-05   2.093241      4.9196305E-03  0.1349993      2.9803612E-03  3.2428227E-02  3.8819627E-03  2.7259402E-03  5.3999722E-03  1.1921444E-04  1.6214114E-03  3.8819626E-04  1.3629701E-04  0.0000000E+00  0.0000000E+00  0.0000000E+00  0.0000000E+00  0.0000000E+00  1.1474943E-02  2.5333071E-04  1.6214119E-03  8.7311491E-11  1.3629701E-04  0.1686419      4.4379123E-02  3.3317050E-03
 day               2          25           1           1           1        1975           7                     1 hru0007            1.490118      1.3122753E-03  8.1652608E-03  0.1490118      1.7955515E-05  1.1172310E-04  0.2669474      3.4835972E-04  5.4751127E-04  0.0000000E+00  0.0000000E+00  0.0000000E+00   1.821255      5.1032896E-03  0.1698144      3.2095278E-03  3.0213229E-02  3.6168071E-03  4.0972698E-03  1.3710215E-02  2.5912595E-04  3.0213231E-03  3.6168069E-04  4.0972698E-04  0.0000000E+00  0.0000000E+00  5.4125525E-03  1.4471967E-04  7.3400594E-04  7.5165844E-03  1.4206502E-04  0.0000000E+00  0.0000000E+00  0.0000000E+00  0.1571744      4.1347824E-02  5.0077746E-03
 day               3          50           1           1           1        1975           7                     1 hru0007            2.498949      2.2007048E-03  1.3693259E-02  0.2498949      3.0111658E-05  1.8736121E-04  0.4032014      5.4503902E-04  9.0385211E-04  0.0000000E+00  0.0000000E+00  0.0000000E+00   3.054271      8.5582901E-03  0.2847812      5.3824252E-03  5.0668020E-02  6.0654376E-03  6.8711811E-03  2.2694161E-02  4.2892448E-04  5.0668023E-03  6.0654373E-04  6.8711810E-04  0.0000000E+00  0.0000000E+00  8.1752036E-03  2.3549830E-04  1.1086541E-03  1.2903487E-02  2.4387866E-04  0.0000000E+00  0.0000000E+00  0.0000000E+00  0.2635838      6.9340900E-02  8.3981110E-03
 day               4         100           1           1           1        1975           7                     1 hru0007            3.511708      2.9717411E-03  1.8490829E-02  0.3511708      1.9811609E-05  1.2327218E-04  0.4520964      6.5994373E-04  1.3087479E-03  0.0000000E+00  0.0000000E+00  0.0000000E+00   4.292088      1.1556770E-02  0.4158148      7.8589860E-03  7.3981404E-02  8.8562686E-03  1.0032751E-02  3.2202724E-02  6.0863828E-04  7.3981402E-03  8.8562683E-04  1.0032750E-03  0.0000000E+00  0.0000000E+00  9.5243491E-03  3.2098586E-04  1.2916139E-03  1.9774120E-02  3.7373498E-04  0.0000000E+00  0.0000000E+00  0.0000000E+00  0.3848640      0.1012461      1.2262251E-02
 day               5         150           1           1           1        1975           7                     1 hru0007            3.537335      2.9934272E-03  1.8625764E-02  0.3537335      1.9956182E-05  1.2417177E-04  0.3696296      5.9218117E-04  1.2806903E-03  0.0000000E+00  0.0000000E+00  0.0000000E+00   4.323409      1.1641105E-02  0.4188492      7.9163378E-03  7.4521288E-02  8.9208968E-03  1.0105965E-02  3.1592011E-02  5.9709564E-04  7.4521289E-03  8.9208962E-04  1.0105965E-03  0.0000000E+00  0.0000000E+00  7.7870139E-03  3.0221726E-04  1.0560108E-03  2.0764139E-02  3.9244659E-04  0.0000000E+00  0.0000000E+00  0.0000000E+00  0.3876725      0.1019849      1.2351735E-02
 day               6         200           1           1           1        1975           7                     1 hru0007            2.385636      2.0188161E-03  1.2561519E-02  0.2385636      1.3458774E-05  8.3743464E-05  0.2046006      3.6156361E-04  8.4078941E-04  0.0000000E+00  0.0000000E+00  0.0000000E+00   2.915778      7.8509506E-03  0.2824787      5.3389077E-03  5.0258368E-02  6.0163983E-03  6.8156277E-03  2.0790551E-02  3.9294577E-04  5.0258366E-03  6.0163980E-04  6.8156276E-04  0.0000000E+00  0.0000000E+00  4.3103350E-03  1.9072852E-04  5.8453222E-04  1.4519293E-02  2.7441769E-04  0.0000000E+00  0.0000000E+00  0.0000000E+00  0.2614527      6.8780273E-02  8.3302120E-03
 day               7         300           1           1           1        1975           7                     1 hru0007            4.800503      4.0623685E-03  2.5276951E-02  0.4800503      2.7082457E-05  1.6851301E-04  0.2821340      6.1790692E-04  1.6119087E-03  0.0000000E+00  0.0000000E+00  0.0000000E+00   5.867281      1.5798097E-02  0.5684186      1.0743232E-02  0.1011325      1.2106514E-02  1.3714763E-02  4.0037457E-02  7.5671636E-04  1.0113253E-02  1.2106514E-03  1.3714763E-03  0.0000000E+00  0.0000000E+00  5.9437370E-03  3.3710140E-04  8.0604083E-04  3.1014871E-02  5.8618758E-04  0.0000000E+00  0.0000000E+00  0.0000000E+00  0.5261089      0.1384033      1.6762489E-02
 day               8         450           1           1           1        1975           7                     1 hru0007            7.127982      6.0319691E-03  3.7532240E-02  0.7127981      4.0213126E-05  2.5021494E-04  0.2362808      7.6293357E-04  2.2510239E-03  0.0000000E+00  0.0000000E+00  0.0000000E+00   8.711978      2.3457654E-02  0.8440109      1.5951984E-02  0.1501657      1.7976243E-02  2.0364240E-02  5.6246925E-02  1.0630786E-03  1.5016572E-02  1.7976243E-03  2.0364241E-03  0.0000000E+00  0.0000000E+00  4.9777431E-03  4.1473459E-04  6.7504053E-04  4.9254443E-02  9.3091931E-04  0.0000000E+00  0.0000000E+00  0.0000000E+00  0.7811878      0.2055068      2.4889626E-02
 day               9         600           1           1           1        1975           7                     1 hru0007            3.998959      3.3840712E-03  2.1056436E-02  0.3998959      2.2560473E-05  1.4037623E-04  6.7618519E-02  3.7306800E-04  1.2006990E-03  0.0000000E+00  0.0000000E+00  0.0000000E+00   4.887617      1.3160275E-02  0.4735093      8.9494241E-03  8.4246360E-02  1.0085079E-02  1.1424799E-02  3.0157600E-02  5.6998496E-04  8.4246360E-03  1.0085079E-03  1.1424798E-03  0.0000000E+00  0.0000000E+00  1.4245240E-03  1.9403023E-04  1.9318226E-04  2.9031057E-02  5.4869306E-04  0.0000000E+00  0.0000000E+00  0.0000000E+00  0.4382640      0.1152940      1.3963643E-02
 day              10         750           1           1           1        1975           7                     1 hru0007            1.586095      1.3422143E-03  8.3515542E-03  0.1586095      8.9480945E-06  5.5677025E-05  9.2031360E-03  1.3306139E-04  4.5668974E-04  0.0000000E+00  0.0000000E+00  0.0000000E+00   1.938561      5.2197222E-03  0.1878066      3.5495840E-03  3.3414390E-02  4.0000160E-03  4.5313849E-03  1.1521909E-02  2.1776652E-04  3.3414392E-03  4.0000162E-04  4.5313846E-04  0.0000000E+00  0.0000000E+00  1.9388297E-04  6.4509280E-05  2.6292866E-05  1.1953915E-02  2.2593148E-04  0.0000000E+00  0.0000000E+00  0.0000000E+00  0.1738274      4.5728721E-02  5.5383598E-03
 day              11         900           1           1           1        1975           7                     1 hru0007            1.132140      9.5806032E-04  5.9612622E-03  0.1107289      6.3870689E-06  3.9741746E-05  0.0000000E+00  8.7315966E-05  3.1477158E-04  2.4851039E-03  0.0000000E+00  0.0000000E+00   1.383727      3.7257895E-03  0.1341031      2.3811324E-03  2.3154214E-02  2.7857183E-03  3.2344609E-03  7.9750437E-03  1.4160477E-04  2.2645965E-03  2.7857182E-04  3.1634627E-04  0.0000000E+00  0.0000000E+00  0.0000000E+00  3.7818623E-05  0.0000000E+00  8.7878406E-03  1.5603678E-04  5.0824834E-05  0.0000000E+00  7.0998212E-06  0.1295047      3.1704362E-02  3.9532301E-03
 day              12        1050           1           1           1        1975           7                     1 hru0007           0.5379126      4.5520233E-04  2.8323685E-03  4.9396768E-02  3.0346823E-06  1.8882456E-05  0.0000000E+00  3.8766764E-05  1.4522779E-04  4.3944903E-03  0.0000000E+00  0.0000000E+00  0.6574488      1.7702307E-03  6.3654862E-02  1.0153535E-03  1.0505380E-02  1.2734191E-03  1.5367857E-03  3.6882260E-03  5.8830585E-05  9.6471404E-04  1.2734192E-04  1.4112376E-04  0.0000000E+00  0.0000000E+00  0.0000000E+00  1.4603589E-05  0.0000000E+00  4.2686318E-03  6.8088601E-05  8.5823995E-05  0.0000000E+00  1.2554810E-05  6.5503322E-02  1.4396311E-02  1.8782938E-03
 day              13        1200           1           1           1        1975           7                     1 hru0007           0.5414128      4.5816434E-04  2.8507984E-03  4.7234740E-02  3.0544293E-06  1.9005323E-05  0.0000000E+00  3.6917427E-05  1.4259774E-04  6.9065355E-03  0.0000000E+00  0.0000000E+00  0.6617268      1.7817495E-03  6.4069062E-02  1.0219605E-03  1.0573738E-02  1.2817052E-03  1.5467858E-03  3.6318796E-03  5.7931822E-05  9.2248979E-04  1.2817052E-04  1.3494700E-04  0.0000000E+00  0.0000000E+00  0.0000000E+00  1.2452321E-05  0.0000000E+00  4.3767532E-03  6.9813243E-05  1.3488403E-04  0.0000000E+00  1.9731582E-05  6.5929554E-02  1.4489987E-02  1.8905160E-03
 day              14        1500           1           1           1        1975           7                     1 hru0007            1.091580      9.2373695E-04  5.7476945E-03  8.8179208E-02  6.1582464E-06  3.8317965E-05  0.0000000E+00  6.8462359E-05  2.7658587E-04  2.0978831E-02  0.0000000E+00  0.0000000E+00   1.334154      3.5923098E-03  0.1291741      2.0604464E-03  2.1318456E-02  2.5841359E-03  3.1185837E-03  7.0771733E-03  1.1288743E-04  1.7221312E-03  2.5841358E-04  2.5192302E-04  0.0000000E+00  0.0000000E+00  0.0000000E+00  1.8142135E-05  0.0000000E+00  9.0695946E-03  1.4466837E-04  4.0971441E-04  0.0000000E+00  5.9935352E-05  0.1329252      2.9214282E-02  3.8116022E-03
 day              15        1800           1           1           1        1975           7                     1 hru0007            1.100486      9.3127310E-04  5.7945871E-03  8.4274195E-02  6.2084878E-06  3.8630580E-05  0.0000000E+00  6.5107539E-05  2.7115401E-04  2.5774412E-02  0.0000000E+00  0.0000000E+00   1.345039      3.6216173E-03  0.1302280      2.0772563E-03  2.1492381E-02  2.6052182E-03  3.1440263E-03  6.9621224E-03  1.1105227E-04  1.6458664E-03  2.6052183E-04  2.4076659E-04  0.0000000E+00  0.0000000E+00  0.0000000E+00  1.3307523E-05  0.0000000E+00  9.3163773E-03  1.4860477E-04  5.0337159E-04  0.0000000E+00  7.3636067E-05  0.1340097      2.9452622E-02  3.8426989E-03
 day              16        2000           1           1           1        1975           7                     1 hru0007           0.7373534      6.2397658E-04  3.8825199E-03  5.4983903E-02  4.1598441E-06  2.5883468E-05  0.0000000E+00  4.2369633E-05  1.7910791E-04  1.8751439E-02  0.0000000E+00  0.0000000E+00  0.9012098      2.4265754E-03  8.7256059E-02  1.3918143E-03  1.4400440E-02  1.7455623E-03  2.1065772E-03  4.6069925E-03  7.3485760E-05  1.0738303E-03  1.7455622E-04  1.5708592E-04  0.0000000E+00  0.0000000E+00  0.0000000E+00  7.2331459E-06  0.0000000E+00  6.3000149E-03  1.0049103E-04  3.6621373E-04  0.0000000E+00  5.3571799E-05  8.9789867E-02  1.9734005E-02  2.5747055E-03
 day              -1          -1           1           1           1        1975           7                     1 hru0007            37.47367      3.1761251E-02  0.1984758       3.598301      2.8376316E-04  1.7316248E-03   2.291712      4.7329972E-03  1.1731358E-02  0.1490655      0.0000000E+00  0.0000000E+00   46.18878      0.1241840       4.388968      8.1828721E-02  0.7824740      9.3801372E-02  0.1053711      0.2982950      5.5692834E-03  7.5075164E-02  9.3801366E-03  1.0174287E-02  0.0000000E+00  0.0000000E+00  4.7749344E-02  2.3080823E-03  6.4753732E-03  0.2503261      4.6593077E-03  3.1722444E-03  8.7311491E-11  3.6282642E-04   4.160440       1.071004      0.1287870    
 day               1          10           1           1           1        1975           8                     1 hru0008           0.9315979      7.0083176E-04  4.9058171E-03  4.6579897E-02  3.5041587E-05  1.9623268E-04  0.0000000E+00  0.0000000E+00  0.0000000E+00  4.6579890E-02  1.8173319E-05  1.7627123E-04   1.397397      3.1537409E-03  4.2572714E-02  9.3987188E-04  1.0226404E-02  1.2241965E-03  8.5963908E-04  1.7029084E-03  3.7594880E-05  5.1132019E-04  1.2241965E-04  4.2981956E-05  0.0000000E+00  0.0000000E+00  0.0000000E+00  0.0000000E+00  0.0000000E+00  3.6186809E-03  7.9889112E-05  5.1132019E-04  0.0000000E+00  4.2981941E-05  5.3182054E-02  1.3995179E-02  1.0506700E-03
 day               2          25           1           1           1        1975           8                     1 hru0008           0.5081534      4.8126886E-04  2.9945553E-03  5.0815336E-02  1.2409912E-05  7.7217075E-05  9.1033213E-02  1.2193394E-04  1.6455275E-04  0.0000000E+00  0.0000000E+00  0.0000000E+00  0.6210765      1.8715984E-03  5.3545840E-02  1.0120277E-03  9.5268302E-03  1.1404509E-03  1.2919503E-03  4.3231021E-03  8.1707549E-05  9.5268298E-04  1.1404510E-04  1.2919503E-04  0.0000000E+00  0.0000000E+00  1.7066852E-03  4.5632965E-05  2.3144660E-04  2.3701279E-03  4.4795917E-05  0.0000000E+00  0.0000000E+00  0.0000000E+00  4.9560208E-02  1.3037790E-02  1.5790506E-03
 day               3          50           1           1           1        1975           8                     1 hru0008           0.8520297      8.0695143E-04  5.0210222E-03  8.5202955E-02  2.0807907E-05  1.2947120E-04  0.1374737      1.9008759E-04  2.7065317E-04  0.0000000E+00  0.0000000E+00  0.0000000E+00   1.041370      3.1381408E-03  8.9781240E-02  1.6968843E-03  1.5973801E-02  1.9122139E-03  2.1662356E-03  7.1546510E-03  1.3522441E-04  1.5973801E-03  1.9122139E-04  2.1662358E-04  0.0000000E+00  0.0000000E+00  2.5773477E-03  7.4244104E-05  3.4951873E-04  4.0680040E-03  7.6886121E-05  0.0000000E+00  0.0000000E+00  0.0000000E+00  8.3098456E-02  2.1860687E-02  2.6476213E-03
 day               4         100           1           1           1        1975           8                     1 hru0008            5.951944      5.0367583E-03  3.1339832E-02  0.5951944      3.3578388E-05  2.0893221E-04  0.7662520      1.1185285E-03  2.2181773E-03  0.0000000E+00  0.0000000E+00  0.0000000E+00   7.274599      1.9587398E-02  0.7047585      1.3320083E-02  0.1253900      1.5010363E-02  1.7004367E-02  5.4579936E-02  1.0315722E-03  1.2539004E-02  1.5010363E-03  1.7004367E-03  0.0000000E+00  0.0000000E+00  1.6142685E-02  5.4403441E-04  2.1891382E-03  3.3514872E-02  6.3343812E-04  0.0000000E+00  0.0000000E+00  0.0000000E+00  0.6523004      0.1716005      2.0783115E-02
 day               5         150           1           1           1        1975           8                     1 hru0008            5.992907      5.0714226E-03  3.1555522E-02  0.5992907      3.3809483E-05  2.1037016E-04  0.6262216      1.0032649E-03  2.1697280E-03  0.0000000E+00  0.0000000E+00  0.0000000E+00   7.324665      1.9722201E-02  0.7096089      1.3411757E-02  0.1262530      1.5113669E-02  1.7121395E-02  5.3522762E-02  1.0115915E-03  1.2625301E-02  1.5113669E-03  1.7121396E-03  0.0000000E+00  0.0000000E+00  1.3192654E-02  5.1201240E-04  1.7890792E-03  3.5178345E-02  6.6487805E-04  0.0000000E+00  0.0000000E+00  0.0000000E+00  0.6567898      0.1727815      2.0926150E-02
 day               6         200           1           1           1        1975           8                     1 hru0008            2.461565      2.0830694E-03  1.2961318E-02  0.2461565      1.3887129E-05  8.6408785E-05  0.2111124      3.7307118E-04  8.6754945E-04  0.0000000E+00  0.0000000E+00  0.0000000E+00   3.008579      8.1008244E-03  0.2914693      5.5088303E-03  5.1857963E-02  6.2078843E-03  7.0325509E-03  2.1452257E-02  4.0545216E-04  5.1857964E-03  6.2078843E-04  7.0325506E-04  0.0000000E+00  0.0000000E+00  4.4475212E-03  1.9679888E-04  6.0313637E-04  1.4981402E-02  2.8315163E-04  0.0000000E+00  0.0000000E+00  0.0000000E+00  0.2697740      7.0969373E-02  8.5953400E-03
 day               7         300           1           1           1        1975           8                     1 hru0008            4.950633      4.1894135E-03  2.6067454E-02  0.4950632      2.7929424E-05  1.7378303E-04  0.2909575      6.3723122E-04  1.6623192E-03  0.0000000E+00  0.0000000E+00  0.0000000E+00   6.050773      1.6292160E-02  0.5861951      1.1079211E-02  0.1042953      1.2485130E-02  1.4143678E-02  4.1289575E-02  7.8038167E-04  1.0429533E-02  1.2485130E-03  1.4143679E-03  0.0000000E+00  0.0000000E+00  6.1296225E-03  3.4764386E-04  8.3124917E-04  3.1984814E-02  6.0451968E-04  0.0000000E+00  0.0000000E+00  0.0000000E+00  0.5425622      0.1427317      1.7286720E-02
 day               8         450           1           1           1        1975           8                     1 hru0008            7.345302      6.2158736E-03  3.8676538E-02  0.7345301      4.1439158E-05  2.5784358E-04  0.2434846      7.8619411E-04  2.3196540E-03  0.0000000E+00  0.0000000E+00  0.0000000E+00   8.977592      2.4172841E-02  0.8697435      1.6438335E-02  0.1547440      1.8524308E-02  2.0985108E-02  5.7961799E-02  1.0954903E-03  1.5474400E-02  1.8524308E-03  2.0985107E-03  0.0000000E+00  0.0000000E+00  5.1295059E-03  4.2737916E-04  6.9562159E-04  5.0756134E-02  9.5930160E-04  0.0000000E+00  0.0000000E+00  0.0000000E+00  0.8050050      0.2117724      2.5648467E-02
 day               9         600           1           1           1        1975           8                     1 hru0008            4.118027      3.4848307E-03  2.1683384E-02  0.4118026      2.3232204E-05  1.4455589E-04  6.9631845E-02  3.8417598E-04  1.2364495E-03  0.0000000E+00  0.0000000E+00  0.0000000E+00   5.033144      1.3552116E-02  0.4876078      9.2158904E-03  8.6754754E-02  1.0385358E-02  1.1764967E-02  3.1055531E-02  5.8695610E-04  8.6754756E-03  1.0385357E-03  1.1764966E-03  0.0000000E+00  0.0000000E+00  1.4669383E-03  1.9980746E-04  1.9893423E-04  2.9895445E-02  5.6503020E-04  0.0000000E+00  0.0000000E+00  0.0000000E+00  0.4513132      0.1187268      1.4379405E-02
 day              10         750           1           1           1        1975           8                     1 hru0008            1.632559      1.3815338E-03  8.5962079E-03  0.1632559      9.2102255E-06  5.7308051E-05  9.4727427E-03  1.3695934E-04  4.7006819E-04  0.0000000E+00  0.0000000E+00  0.0000000E+00   1.995350      5.3726309E-03  0.1933083      3.6535673E-03  3.4393240E-02  4.1171936E-03  4.6641286E-03  1.1859438E-02  2.2414587E-04  3.4393240E-03  4.1171935E-04  4.6641286E-04  0.0000000E+00  0.0000000E+00  1.9956287E-04  6.6399080E-05  2.7063070E-05  1.2304098E-02  2.3255004E-04  0.0000000E+00  0.0000000E+00  0.0000000E+00  0.1789196      4.7068313E-02  5.7006022E-03
 day              11         900           1           1           1        1975           8                     1 hru0008            1.237219      1.0469820E-03  6.5145502E-03  0.1210061      6.9798803E-06  4.3430337E-05  0.0000000E+00  9.5420131E-05  3.4398676E-04  2.7157739E-03  0.0000000E+00  0.0000000E+00   1.512156      4.0715951E-03  0.1465497      2.6021344E-03  2.5303243E-02  3.0442714E-03  3.5346635E-03  8.7152366E-03  1.5474766E-04  2.4747821E-03  3.0442714E-04  3.4570752E-04  0.0000000E+00  0.0000000E+00  0.0000000E+00  4.1328691E-05  0.0000000E+00  9.6034724E-03  1.7051914E-04  5.5542216E-05  0.0000000E+00  7.7588484E-06  0.1415245      3.4646966E-02  4.3201447E-03
 day              12        1050           1           1           1        1975           8                     1 hru0008           0.6360296      5.3823268E-04  3.3490011E-03  5.8406901E-02  3.5882179E-06  2.2326672E-05  0.0000000E+00  4.5837944E-05  1.7171778E-04  5.1960610E-03  0.0000000E+00  0.0000000E+00  0.7773695      2.0931263E-03  7.5265698E-02  1.2005571E-03  1.2421592E-02  1.5056945E-03  1.8171003E-03  4.3609692E-03  6.9561473E-05  1.1406807E-03  1.5056945E-04  1.6686518E-04  0.0000000E+00  0.0000000E+00  0.0000000E+00  1.7267332E-05  0.0000000E+00  5.0472431E-03  8.0508165E-05  1.0147854E-04  0.0000000E+00  1.4844845E-05  7.7451326E-02  1.7022241E-02  2.2209005E-03
 day              13        1200           1           1           1        1975           8                     1 hru0008           0.6401765      5.4174196E-04  3.3708368E-03  5.5851229E-02  3.6116132E-06  2.2472246E-05  0.0000000E+00  4.3651846E-05  1.6861019E-04  8.1664175E-03  0.0000000E+00  0.0000000E+00  0.7824380      2.1067737E-03  7.5756438E-02  1.2083848E-03  1.2502583E-02  1.5155118E-03  1.8289478E-03  4.2944006E-03  6.8499634E-05  1.0907690E-03  1.5155118E-04  1.5956379E-04  0.0000000E+00  0.0000000E+00  0.0000000E+00  1.4723817E-05  0.0000000E+00  5.1751542E-03  8.2548460E-05  1.5948934E-04  0.0000000E+00  2.3330984E-05  7.7956311E-02  1.7133227E-02  2.2353807E-03
 day              14        1500           1           1           1        1975           8                     1 hru0008            1.290939      1.0924415E-03  6.7974119E-03  0.1042836      7.2829430E-06  4.5316079E-05  0.0000000E+00  8.0965823E-05  3.2709949E-04  2.4810255E-02  0.0000000E+00  0.0000000E+00   1.577814      4.2483830E-03  0.1527656      2.4367513E-03  2.5211904E-02  3.0560836E-03  3.6881391E-03  8.3696973E-03  1.3350436E-04  2.0366486E-03  3.0560835E-04  2.9793242E-04  0.0000000E+00  0.0000000E+00  0.0000000E+00  2.1455489E-05  0.0000000E+00  1.0725999E-02  1.7108954E-04  4.8454199E-04  0.0000000E+00  7.0881506E-05  0.1572017      3.4549765E-02  4.5077261E-03
 day              15        1800           1           1           1        1975           8                     1 hru0008            1.302010      1.1018106E-03  6.8557085E-03  9.9706724E-02  7.3454039E-06  4.5704721E-05  0.0000000E+00  7.7030221E-05  3.2080853E-04  3.0494303E-02  0.0000000E+00  0.0000000E+00   1.591346      4.2848182E-03  0.1540757      2.4576494E-03  2.5428126E-02  3.0822933E-03  3.7197692E-03  8.2370471E-03  1.3138847E-04  1.9472621E-03  3.0822936E-04  2.8485645E-04  0.0000000E+00  0.0000000E+00  0.0000000E+00  1.5744416E-05  0.0000000E+00  1.1022421E-02  1.7581771E-04  5.9555052E-04  0.0000000E+00  8.7120483E-05  0.1585499      3.4846071E-02  4.5463848E-03
 day              16        2000           1           1           1        1975           8                     1 hru0008           0.8727331      7.3853997E-04  4.5953584E-03  6.5079063E-02  4.9236000E-06  3.0635721E-05  0.0000000E+00  5.0148781E-05  2.1199248E-04  2.2194251E-02  0.0000000E+00  0.0000000E+00   1.066674      2.8720994E-03  0.1032765      1.6473543E-03  1.7044390E-02  2.0660509E-03  2.4933489E-03  5.4528457E-03  8.6977903E-05  1.2709876E-03  2.0660509E-04  1.8592720E-04  0.0000000E+00  0.0000000E+00  0.0000000E+00  8.5611391E-06  0.0000000E+00  7.4567110E-03  1.1894139E-04  4.3345138E-04  0.0000000E+00  6.3407701E-05  0.1062755      2.3357205E-02  3.0474267E-03
 day              -1          -1           1           1           1        1975           8                     1 hru0008            40.72382      3.4511700E-02  0.2152845       3.932225      2.8507705E-04  1.7520085E-03   2.445640      5.1445016E-03  1.2923366E-02  0.1401570      0.0000000E+00  0.0000000E+00   50.03234      0.1346404       4.736280      8.7829299E-02  0.8373272      0.1003907      0.1141160      0.3243321      6.0347971E-03  8.1391357E-02  1.0039068E-02  1.1101274E-02  0.0000000E+00  0.0000000E+00  5.0992519E-02  2.5330333E-03  6.9151875E-03  0.2677029      4.9438649E-03  2.3413743E-03  0.0000000E+00  3.1032632E-04   4.461464       1.146100      0.1394751    
 day               1          10           1           1           1        1975           9                     1 hru0009            2.876780      2.3462863E-03  1.6424000E-02  0.1438390      6.4188032E-05  4.4931617E-04  0.0000000E+00  5.3126285E-05  2.0764384E-04  0.1438390      0.0000000E+00  0.0000000E+00   4.315171      1.0558288E-02  0.4301641      9.4966721E-03  0.1033299      1.2369553E-02  8.6859828E-03  1.7206561E-02  3.7986692E-04  5.1664924E-03  1.2369552E-03  4.3429915E-04  0.0000000E+00  0.0000000E+00  0.0000000E+00  1.1641532E-10  0.0000000E+00  3.6563948E-02  8.0721709E-04  5.1664924E-03  0.0000000E+00  4.3429915E-04  0.5373632      0.1414104      1.0616201E-02
 day               2          25           1           1           1        1975           9                     1 hru0009            4.625638      3.9656665E-03  2.4675243E-02  0.4625638      3.5643570E-05  2.2178210E-04  0.8286608      1.0713532E-03  1.7704100E-03  0.0000000E+00  0.0000000E+00  0.0000000E+00   5.653557      1.5422030E-02  0.5410864      1.0226645E-02  9.6269615E-02  1.1524376E-02  1.3055293E-02  4.3685410E-02  8.2566327E-04  9.6269613E-03  1.1524375E-03  1.3055293E-03  0.0000000E+00  0.0000000E+00  1.7246243E-02  4.6112610E-04  2.3387931E-03  2.3950387E-02  4.5266730E-04  0.0000000E+00  0.0000000E+00  0.0000000E+00  0.5008110      0.1317482      1.5956471E-02
 day               3          50           1           1           1        1975           9                     1 hru0009            7.756961      6.6502173E-03  4.1379120E-02  0.7756962      5.9772436E-05  3.7191730E-04   1.251573      1.6782512E-03  2.9255771E-03  0.0000000E+00  0.0000000E+00  0.0000000E+00   9.480731      2.5861952E-02  0.9073744      1.7149568E-02  0.1614393      1.9325795E-02  2.1893069E-02  7.2308503E-02  1.3666459E-03  1.6143925E-02  1.9325796E-03  2.1893070E-03  0.0000000E+00  0.0000000E+00  2.6047964E-02  7.5034820E-04  3.5324115E-03  4.1113302E-02  7.7705004E-04  0.0000000E+00  0.0000000E+00  0.0000000E+00  0.8398348      0.2209351      2.6758198E-02
 day               4         100           1           1           1        1975           9                     1 hru0009            7.296322      6.1744247E-03  3.8418632E-02  0.7296323      4.1162832E-05  2.5612421E-04  0.9393268      1.3711735E-03  2.7192023E-03  0.0000000E+00  0.0000000E+00  0.0000000E+00   8.917727      2.4011649E-02  0.8639438      1.6328720E-02  0.1537122      1.8400786E-02  2.0845179E-02  6.6908032E-02  1.2645759E-03  1.5371216E-02  1.8400785E-03  2.0845179E-03  0.0000000E+00  0.0000000E+00  1.9788865E-02  6.6691660E-04  2.6836032E-03  4.1084945E-02  7.7651418E-04  0.0000000E+00  0.0000000E+00  0.0000000E+00  0.7996370      0.2103603      2.5477443E-02
 day               5         150           1           1           1        1975           9                     1 hru0009            7.348912      6.2189284E-03  3.8695544E-02  0.7348912      4.1459523E-05  2.5797030E-04  0.7679156      1.2302726E-03  2.6606692E-03  0.0000000E+00  0.0000000E+00  0.0000000E+00   8.982004      2.4184719E-02  0.8701708      1.6446412E-02  0.1548201      1.8533412E-02  2.0995425E-02  6.5633267E-02  1.2404826E-03  1.5482005E-02  1.8533411E-03  2.0995424E-03  0.0000000E+00  0.0000000E+00  1.6177732E-02  6.2786473E-04  2.1938914E-03  4.3138094E-02  8.1531890E-04  0.0000000E+00  0.0000000E+00  0.0000000E+00  0.8054005      0.2118765      2.5661075E-02
 day               6         200           1           1           1        1975           9                     1 hru0009            2.464380      2.0854515E-03  1.2976140E-02  0.2464380      1.3903010E-05  8.6507593E-05  0.2113539      3.7349781E-04  8.6854154E-04  0.0000000E+00  0.0000000E+00  0.0000000E+00   3.012020      8.1100883E-03  0.2918026      5.5151298E-03  5.1917262E-02  6.2149833E-03  7.0405924E-03  2.1476787E-02  4.0591578E-04  5.1917261E-03  6.2149833E-04  7.0405920E-04  0.0000000E+00  0.0000000E+00  4.4526071E-03  1.9702391E-04  6.0382608E-04  1.4998533E-02  2.8347544E-04  0.0000000E+00  0.0000000E+00  0.0000000E+00  0.2700825      7.1050525E-02  8.6051691E-03
 day               7         300           1           1           1        1975           9                     1 hru0009            4.958385      4.1959747E-03  2.6108280E-02  0.4958385      2.7973165E-05  1.7405520E-04  0.2914132      6.3822925E-04  1.6649226E-03  0.0000000E+00  0.0000000E+00  0.0000000E+00   6.060249      1.6317677E-02  0.5871131      1.1096562E-02  0.1044587      1.2504683E-02  1.4165828E-02  4.1354239E-02  7.8160386E-04  1.0445867E-02  1.2504683E-03  1.4165827E-03  0.0000000E+00  0.0000000E+00  6.1392225E-03  3.4818833E-04  8.3255104E-04  3.2034904E-02  6.0546643E-04  0.0000000E+00  0.0000000E+00  0.0000000E+00  0.5434120      0.1429552      1.7313791E-02
 day               8         450           1           1           1        1975           9                     1 hru0009            7.361219      6.2293438E-03  3.8760353E-02  0.7361218      4.1528958E-05  2.5840235E-04  0.2440122      7.8789785E-04  2.3246808E-03  0.0000000E+00  0.0000000E+00  0.0000000E+00   8.997046      2.4225224E-02  0.8716283      1.6473958E-02  0.1550793      1.8564451E-02  2.1030584E-02  5.8087409E-02  1.0978642E-03  1.5507933E-02  1.8564451E-03  2.1030584E-03  0.0000000E+00  0.0000000E+00  5.1406231E-03  4.2830524E-04  6.9712894E-04  5.0866127E-02  9.6138055E-04  0.0000000E+00  0.0000000E+00  0.0000000E+00  0.8067495      0.2122313      2.5704050E-02
 day               9         600           1           1           1        1975           9                     1 hru0009            4.129212      3.4942967E-03  2.1742284E-02  0.4129212      2.3295312E-05  1.4494856E-04  6.9820970E-02  3.8521952E-04  1.2398080E-03  0.0000000E+00  0.0000000E+00  0.0000000E+00   5.046816      1.3588930E-02  0.4889323      9.2409234E-03  8.6990409E-02  1.0413568E-02  1.1796925E-02  3.1139888E-02  5.8855041E-04  8.6990409E-03  1.0413568E-03  1.1796925E-03  0.0000000E+00  0.0000000E+00  1.4709234E-03  2.0035019E-04  1.9947463E-04  2.9976651E-02  5.6656502E-04  0.0000000E+00  0.0000000E+00  0.0000000E+00  0.4525391      0.1190493      1.4418464E-02
 day              10         750           1           1           1        1975           9                     1 hru0009            1.637603      1.3858017E-03  8.6227637E-03  0.1637603      9.2386781E-06  5.7485086E-05  9.5019937E-03  1.3738245E-04  4.7152035E-04  0.0000000E+00  0.0000000E+00  0.0000000E+00   2.001514      5.3892280E-03  0.1939055      3.6648540E-03  3.4499492E-02  4.1299127E-03  4.6785376E-03  1.1896075E-02  2.2483831E-04  3.4499492E-03  4.1299127E-04  4.6785374E-04  0.0000000E+00  0.0000000E+00  2.0017941E-04  6.6604203E-05  2.7146714E-05  1.2342107E-02  2.3326847E-04  0.0000000E+00  0.0000000E+00  0.0000000E+00  0.1794723      4.7213718E-02  5.7182130E-03
 day              11         900           1           1           1        1975           9                     1 hru0009            1.153175      9.7586063E-04  6.0720197E-03  0.1127862      6.5057375E-06  4.0480129E-05  0.0000000E+00  8.8938250E-05  3.2061987E-04  2.5312975E-03  0.0000000E+00  0.0000000E+00   1.409436      3.7950128E-03  0.1365947      2.4253728E-03  2.3584405E-02  2.8374754E-03  3.2945557E-03  8.1232172E-03  1.4423573E-04  2.3066711E-03  2.8374756E-04  3.2222382E-04  0.0000000E+00  0.0000000E+00  0.0000000E+00  3.8521219E-05  0.0000000E+00  8.9511145E-03  1.5893587E-04  5.1769428E-05  0.0000000E+00  7.2317489E-06  0.1319108      3.2293413E-02  4.0266793E-03
 day              12        1050           1           1           1        1975           9                     1 hru0009           0.5374277      4.5479205E-04  2.8298153E-03  4.9352244E-02  3.0319472E-06  1.8865436E-05  0.0000000E+00  3.8731825E-05  1.4509687E-04  4.3905266E-03  0.0000000E+00  0.0000000E+00  0.6568561      1.7686350E-03  6.3597478E-02  1.0144382E-03  1.0495909E-02  1.2722710E-03  1.5354004E-03  3.6849007E-03  5.8777558E-05  9.6384436E-04  1.2722710E-04  1.4099655E-04  0.0000000E+00  0.0000000E+00  0.0000000E+00  1.4590434E-05  0.0000000E+00  4.2647840E-03  6.8027221E-05  8.5746637E-05  0.0000000E+00  1.2543489E-05  6.5444276E-02  1.4383332E-02  1.8766007E-03
 day              13        1200           1           1           1        1975           9                     1 hru0009           0.5409294      4.5775526E-04  2.8482534E-03  4.7192566E-02  3.0517019E-06  1.8988356E-05  0.0000000E+00  3.6884467E-05  1.4247044E-04  6.9003738E-03  0.0000000E+00  0.0000000E+00  0.6611360      1.7801588E-03  6.4011857E-02  1.0210479E-03  1.0564297E-02  1.2805606E-03  1.5454044E-03  3.6286367E-03  5.7880090E-05  9.2166610E-04  1.2805607E-04  1.3482648E-04  0.0000000E+00  0.0000000E+00  0.0000000E+00  1.2441189E-05  0.0000000E+00  4.3728454E-03  6.9750902E-05  1.3476360E-04  0.0000000E+00  1.9713974E-05  6.5870687E-02  1.4477048E-02  1.8888278E-03
 day              14        1500           1           1           1        1975           9                     1 hru0009            1.090656      9.2295482E-04  5.7428279E-03  8.8104546E-02  6.1530322E-06  3.8285521E-05  0.0000000E+00  6.8404399E-05  2.7635170E-04  2.0961061E-02  0.0000000E+00  0.0000000E+00   1.333024      3.5892683E-03  0.1290648      2.0587018E-03  2.1300403E-02  2.5819477E-03  3.1159427E-03  7.0711812E-03  1.1279184E-04  1.7206728E-03  2.5819478E-04  2.5170969E-04  0.0000000E+00  0.0000000E+00  0.0000000E+00  1.8126768E-05  0.0000000E+00  9.0619149E-03  1.4454589E-04  4.0936761E-04  0.0000000E+00  5.9884595E-05  0.1328127      2.9189542E-02  3.8083745E-03
 day              15        1800           1           1           1        1975           9                     1 hru0009            1.099659      9.3057292E-04  5.7902294E-03  8.4210828E-02  6.2038198E-06  3.8601531E-05  0.0000000E+00  6.5058586E-05  2.7095008E-04  2.5755025E-02  0.0000000E+00  0.0000000E+00   1.344027      3.6188941E-03  0.1301301      2.0756945E-03  2.1476220E-02  2.6032594E-03  3.1416619E-03  6.9568884E-03  1.1096877E-04  1.6446288E-03  2.6032593E-04  2.4058553E-04  0.0000000E+00  0.0000000E+00  0.0000000E+00  1.3297540E-05  0.0000000E+00  9.3093719E-03  1.4849304E-04  5.0299335E-04  0.0000000E+00  7.3580653E-05  0.1339089      2.9430477E-02  3.8398092E-03
 day              16        2000           1           1           1        1975           9                     1 hru0009           0.7368648      6.2356296E-04  3.8799462E-03  5.4947466E-02  4.1570866E-06  2.5866308E-05  0.0000000E+00  4.2341544E-05  1.7898918E-04  1.8739022E-02  0.0000000E+00  0.0000000E+00  0.9006126      2.4249668E-03  8.7198235E-02  1.3908920E-03  1.4390895E-02  1.7444054E-03  2.1051809E-03  4.6039391E-03  7.3437062E-05  1.0731184E-03  1.7444053E-04  1.5698178E-04  0.0000000E+00  0.0000000E+00  0.0000000E+00  7.2283437E-06  0.0000000E+00  6.2958393E-03  1.0042442E-04  3.6597112E-04  0.0000000E+00  5.3536307E-05  8.9730367E-02  1.9720923E-02  2.5729991E-03
 day              -1          -1           1           1           1        1975           9                     1 hru0009            55.61412      4.7111891E-02  0.2949654       5.338296      3.8726887E-04  2.4595959E-03   4.613579      8.0667632E-03  1.8187452E-02  0.2231163      0.0000000E+00  0.0000000E+00   68.77191      0.1846467       6.656719      0.1256256       1.204328      0.1443015      0.1589255      0.4637649      8.7340977E-03  0.1137157      1.4430145E-02  1.5231767E-02  0.0000000E+00  0.0000000E+00  9.6664362E-02  3.8509327E-03  1.3108826E-02  0.3683248      6.9690999E-03  6.7171045E-03  0.0000000E+00  6.6078996E-04   6.354980       1.648325      0.1942424    
 day               1          10           1           1           1        1975          10                     1 hru0010            2.496941      2.0249754E-03  1.4174826E-02  0.1248471      6.2044855E-05  4.3431393E-04  0.0000000E+00  3.9203915E-05  1.3267910E-04  0.1248471      0.0000000E+00  0.0000000E+00   3.745413      9.1123888E-03  0.3544794      7.8257937E-03  8.5149616E-02  1.0193208E-02  7.1577388E-03  1.4179178E-02  3.1303172E-04  4.2574806E-03  1.0193208E-03  3.5788695E-04  0.0000000E+00  0.0000000E+00  0.0000000E+00  0.0000000E+00  0.0000000E+00  3.0130751E-02  6.6519249E-04  4.2574806E-03  0.0000000E+00  3.5788689E-04  0.4428175      0.1165301      8.7483479E-03
 day               2          25           1           1           1        1975          10                     1 hru0010            3.821520      3.2851787E-03  2.0441113E-02  0.3821521      3.1105606E-05  1.9354600E-04  0.6846064      8.8593585E-04  1.4567971E-03  0.0000000E+00  0.0000000E+00  0.0000000E+00   4.670747      1.2775696E-02  0.4458733      8.4270984E-03  7.9329379E-02  9.4964709E-03  1.0757998E-02  3.5998233E-02  6.8037416E-04  7.9329377E-03  9.4964704E-04  1.0757998E-03  0.0000000E+00  0.0000000E+00  1.4211467E-02  3.7998322E-04  1.9272421E-03  1.9735929E-02  3.7301314E-04  0.0000000E+00  0.0000000E+00  0.0000000E+00  0.4126850      0.1085649      1.3148665E-02
 day               3          50           1           1           1        1975          10                     1 hru0010            6.408214      5.5088466E-03  3.4277231E-02  0.6408215      5.2160325E-05  3.2455276E-04   1.033955      1.3875678E-03  2.4069934E-03  0.0000000E+00  0.0000000E+00  0.0000000E+00   7.832263      2.1423277E-02  0.7476742      1.4131200E-02  0.1330255      1.5924405E-02  1.8039830E-02  5.9582025E-02  1.1261128E-03  1.3302554E-02  1.5924405E-03  1.8039830E-03  0.0000000E+00  0.0000000E+00  2.1463457E-02  6.1828503E-04  2.9106974E-03  3.3877254E-02  6.4028718E-04  0.0000000E+00  0.0000000E+00  0.0000000E+00  0.6920217      0.1820499      2.2048682E-02
 day               4         100           1           1           1        1975          10                     1 hru0010            7.183671      6.0790954E-03  3.7825469E-02  0.7183670      4.0527302E-05  2.5216979E-04  0.9248241      1.3500035E-03  2.6772192E-03  0.0000000E+00  0.0000000E+00  0.0000000E+00   8.780042      2.3640923E-02  0.8506050      1.6076613E-02  0.1513389      1.8116686E-02  2.0523340E-02  6.5875001E-02  1.2450514E-03  1.5133891E-02  1.8116686E-03  2.0523339E-03  0.0000000E+00  0.0000000E+00  1.9483335E-02  6.5661932E-04  2.6421698E-03  4.0450618E-02  7.6452526E-04  0.0000000E+00  0.0000000E+00  0.0000000E+00  0.7872910      0.2071124      2.5084082E-02
 day               5         150           1           1           1        1975          10                     1 hru0010            7.234711      6.1222874E-03  3.8094223E-02  0.7234710      4.0815248E-05  2.5396148E-04  0.7559820      1.2111543E-03  2.6193231E-03  0.0000000E+00  0.0000000E+00  0.0000000E+00   8.842424      2.3808893E-02  0.8566485      1.6190836E-02  0.1524142      1.8245406E-02  2.0669159E-02  6.4613335E-02  1.2212056E-03  1.5241417E-02  1.8245407E-03  2.0669159E-03  0.0000000E+00  0.0000000E+00  1.5926328E-02  6.1810773E-04  2.1597976E-03  4.2467728E-02  8.0264895E-04  0.0000000E+00  0.0000000E+00  0.0000000E+00  0.7928846      0.2085839      2.5262307E-02
 day               6         200           1           1           1        1975          10                     1 hru0010            2.463492      2.0847006E-03  1.2971466E-02  0.2463492      1.3898004E-05  8.6476444E-05  0.2112777      3.7336332E-04  8.6822873E-04  0.0000000E+00  0.0000000E+00  0.0000000E+00   3.010935      8.1071677E-03  0.2916975      5.5131437E-03  5.1898565E-02  6.2127449E-03  7.0380569E-03  2.1469053E-02  4.0576962E-04  5.1898565E-03  6.2127446E-04  7.0380571E-04  0.0000000E+00  0.0000000E+00  4.4510039E-03  1.9695301E-04  6.0360855E-04  1.4993131E-02  2.8337335E-04  0.0000000E+00  0.0000000E+00  0.0000000E+00  0.2699853      7.1024939E-02  8.6020697E-03
 day               7         300           1           1           1        1975          10                     1 hru0010            4.955943      4.1939076E-03  2.6095418E-02  0.4955943      2.7959386E-05  1.7396947E-04  0.2912696      6.3791475E-04  1.6641025E-03  0.0000000E+00  0.0000000E+00  0.0000000E+00   6.057264      1.6309639E-02  0.5868239      1.1091095E-02  0.1044072      1.2498523E-02  1.4158850E-02  4.1333869E-02  7.8121881E-04  1.0440721E-02  1.2498524E-03  1.4158849E-03  0.0000000E+00  0.0000000E+00  6.1361985E-03  3.4801674E-04  8.3214079E-04  3.2019123E-02  6.0516811E-04  0.0000000E+00  0.0000000E+00  0.0000000E+00  0.5431442      0.1428848      1.7305262E-02
 day               8         450           1           1           1        1975          10                     1 hru0010            7.356218      6.2251119E-03  3.8734019E-02  0.7356218      4.1500745E-05  2.5822679E-04  0.2438465      7.8736257E-04  2.3231015E-03  0.0000000E+00  0.0000000E+00  0.0000000E+00   8.990934      2.4208765E-02  0.8710361      1.6462766E-02  0.1549740      1.8551840E-02  2.1016298E-02  5.8047943E-02  1.0971184E-03  1.5497397E-02  1.8551839E-03  2.1016297E-03  0.0000000E+00  0.0000000E+00  5.1371297E-03  4.2801443E-04  6.9665536E-04  5.0831564E-02  9.6072734E-04  0.0000000E+00  0.0000000E+00  0.0000000E+00  0.8062013      0.2120871      2.5686586E-02
 day               9         600           1           1           1        1975          10                     1 hru0010            4.125710      3.4913332E-03  2.1723846E-02  0.4125710      2.3275554E-05  1.4482564E-04  6.9761783E-02  3.8489280E-04  1.2387567E-03  0.0000000E+00  0.0000000E+00  0.0000000E+00   5.042536      1.3577405E-02  0.4885176      9.2330864E-03  8.6916640E-02  1.0404738E-02  1.1786921E-02  3.1113477E-02  5.8805128E-04  8.6916639E-03  1.0404737E-03  1.1786921E-03  0.0000000E+00  0.0000000E+00  1.4696764E-03  2.0018034E-04  1.9930536E-04  2.9951228E-02  5.6608452E-04  0.0000000E+00  0.0000000E+00  0.0000000E+00  0.4521553      0.1189484      1.4406238E-02
 day              10         750           1           1           1        1975          10                     1 hru0010            1.636030      1.3844710E-03  8.6144833E-03  0.1636030      9.2298060E-06  5.7429890E-05  9.4928890E-03  1.3725052E-04  4.7106750E-04  0.0000000E+00  0.0000000E+00  0.0000000E+00   1.999593      5.3840531E-03  0.1937193      3.6613354E-03  3.4466367E-02  4.1259476E-03  4.6740454E-03  1.1884653E-02  2.2462245E-04  3.4466365E-03  4.1259476E-04  4.6740452E-04  0.0000000E+00  0.0000000E+00  1.9998732E-04  6.6540233E-05  2.7120608E-05  1.2330259E-02  2.3304448E-04  0.0000000E+00  0.0000000E+00  0.0000000E+00  0.1793000      4.7168389E-02  5.7127224E-03
 day              11         900           1           1           1        1975          10                     1 hru0010            1.175471      9.9472853E-04  6.1894176E-03  0.1149668      6.6315238E-06  4.1262785E-05  0.0000000E+00  9.0657835E-05  3.2681884E-04  2.5802329E-03  0.0000000E+00  0.0000000E+00   1.436686      3.8683871E-03  0.1392356      2.4722654E-03  2.4040390E-02  2.8923354E-03  3.3582530E-03  8.2802726E-03  1.4702440E-04  2.3512687E-03  2.8923355E-04  3.2845372E-04  0.0000000E+00  0.0000000E+00  0.0000000E+00  3.9266015E-05  0.0000000E+00  9.1241775E-03  1.6200877E-04  5.2770367E-05  0.0000000E+00  7.3715637E-06  0.1344612      3.2917779E-02  4.1045318E-03
 day              12        1050           1           1           1        1975          10                     1 hru0010           0.5637059      4.7702933E-04  2.9681816E-03  5.1765375E-02  3.1801956E-06  1.9787876E-05  0.0000000E+00  4.0625637E-05  1.5219153E-04  4.6052113E-03  0.0000000E+00  0.0000000E+00  0.6889738      1.8551138E-03  6.6707142E-02  1.0640402E-03  1.1009119E-02  1.3344802E-03  1.6104756E-03  3.8650781E-03  6.1651546E-05  1.0109725E-03  1.3344803E-04  1.4789074E-04  0.0000000E+00  0.0000000E+00  0.0000000E+00  1.5303842E-05  0.0000000E+00  4.4733146E-03  7.1353483E-05  8.9939334E-05  0.0000000E+00  1.3156823E-05  6.8644240E-02  1.5086621E-02  1.9683591E-03
 day              13        1200           1           1           1        1975          10                     1 hru0010           0.5673822      4.8014038E-04  2.9875392E-03  4.9500402E-02  3.2009359E-06  1.9916928E-05  0.0000000E+00  3.8688187E-05  1.4943755E-04  7.2378181E-03  0.0000000E+00  0.0000000E+00  0.6934671      1.8672124E-03  6.7142196E-02  1.0709797E-03  1.1080916E-02  1.3431832E-03  1.6209786E-03  3.8060863E-03  6.0710576E-05  9.6673786E-04  1.3431832E-04  1.4141983E-04  0.0000000E+00  0.0000000E+00  0.0000000E+00  1.3049590E-05  0.0000000E+00  4.5866882E-03  7.3161893E-05  1.4135381E-04  0.0000000E+00  2.0678024E-05  6.9091924E-02  1.5185011E-02  1.9811962E-03
 day              14        1500           1           1           1        1975          10                     1 hru0010            1.144044      9.6813391E-04  6.0239425E-03  9.2417315E-02  6.4542264E-06  4.0159619E-05  0.0000000E+00  7.1752824E-05  2.8987924E-04  2.1987125E-02  0.0000000E+00  0.0000000E+00   1.398277      3.7649646E-03  0.1353826      2.1594765E-03  2.2343071E-02  2.7083356E-03  3.2684701E-03  7.4173203E-03  1.1831307E-04  1.8049008E-03  2.7083358E-04  2.6403103E-04  0.0000000E+00  0.0000000E+00  0.0000000E+00  1.9014085E-05  0.0000000E+00  9.5055019E-03  1.5162150E-04  4.2940630E-04  0.0000000E+00  6.2815961E-05  0.1393139      3.0618388E-02  3.9947969E-03
 day              15        1800           1           1           1        1975          10                     1 hru0010            1.153609      9.7622757E-04  6.0743028E-03  8.8342287E-02  6.5081840E-06  4.0495350E-05  0.0000000E+00  6.8250411E-05  2.8424314E-04  2.7018592E-02  0.0000000E+00  0.0000000E+00   1.409966      3.7964401E-03  0.1365144      2.1775297E-03  2.2529863E-02  2.7309775E-03  3.2957948E-03  7.2981985E-03  1.1641299E-04  1.7253158E-03  2.7309774E-04  2.5238888E-04  0.0000000E+00  0.0000000E+00  0.0000000E+00  1.3949932E-05  0.0000000E+00  9.7660972E-03  1.5577822E-04  5.2767037E-04  0.0000000E+00  7.7190605E-05  0.1404786      3.0874360E-02  4.0281937E-03
 day              16        2000           1           1           1        1975          10                     1 hru0010           0.7730951      6.5422215E-04  4.0707160E-03  5.7649136E-02  4.3614809E-06  2.7138107E-05  0.0000000E+00  4.4423385E-05  1.8778973E-04  1.9660376E-02  0.0000000E+00  0.0000000E+00  0.9448941      2.5441975E-03  9.1485612E-02  1.4592796E-03  1.5098470E-02  1.8301746E-03  2.2086888E-03  4.8303064E-03  7.7047829E-05  1.1258818E-03  1.8301746E-04  1.6470029E-04  0.0000000E+00  0.0000000E+00  0.0000000E+00  7.5837452E-06  0.0000000E+00  6.6053951E-03  1.0536212E-04  3.8396521E-04  0.0000000E+00  5.6168588E-05  9.4142243E-02  2.0690566E-02  2.6995088E-03
 day              -1          -1           1           1           1        1975          10                     1 hru0010            53.05976      4.4950388E-02  0.2812662       5.098039      3.7285339E-04  2.3682327E-03   4.225016      7.5490475E-03  1.7248631E-02  0.2079364      0.0000000E+00  0.0000000E+00   65.54441      0.1760445       6.323542      0.1190165       1.140022      0.1366094      0.1511849      0.4395940      8.2637174E-03  0.1081196      1.3660943E-02  1.4523221E-02  0.0000000E+00  0.0000000E+00  8.8478595E-02  3.6208676E-03  1.1998738E-02  0.3508488      6.6133500E-03  5.8825859E-03  0.0000000E+00  5.9526850E-04   6.024618       1.560328      0.1847815    
 day               1          10           1           1           1        1975          11                     1 hru0011            3.104987      2.5393243E-03  1.7775258E-02  0.1552493      6.5470660E-05  4.5829429E-04  0.0000000E+00  6.1495557E-05  2.5271601E-04  0.1552494      0.0000000E+00  0.0000000E+00   4.657480      1.1426955E-02  0.4756462      1.0500775E-02  0.1142551      1.3677413E-02  9.6043684E-03  1.9025847E-02  4.2003102E-04  5.7127569E-03  1.3677413E-03  4.8021841E-04  0.0000000E+00  0.0000000E+00  0.0000000E+00  0.0000000E+00  0.0000000E+00  4.0429927E-02  8.9256570E-04  5.7127578E-03  1.1641532E-10  4.8021847E-04  0.5941797      0.1563620      1.1738673E-02
 day               2          25           1           1           1        1975          11                     1 hru0011            5.108214      4.3740110E-03  2.7216051E-02  0.5108215      3.8360446E-05  2.3868708E-04  0.9151121      1.1826238E-03  1.9586410E-03  0.0000000E+00  0.0000000E+00  0.0000000E+00   6.243374      1.7010035E-02  0.5982311      1.1306696E-02  0.1064368      1.2741482E-02  1.4434082E-02  4.8299074E-02  9.1286277E-04  1.0643677E-02  1.2741481E-03  1.4434081E-03  0.0000000E+00  0.0000000E+00  1.9067641E-02  5.0982623E-04  2.5857966E-03  2.6479818E-02  5.0047418E-04  0.0000000E+00  0.0000000E+00  0.0000000E+00  0.5537024      0.1456623      1.7641656E-02
 day               3          50           1           1           1        1975          11                     1 hru0011            8.564742      7.3337243E-03  4.5632068E-02  0.8564740      6.4317384E-05  4.0019711E-04   1.381907      1.8523394E-03  3.2362142E-03  0.0000000E+00  0.0000000E+00  0.0000000E+00   10.46802      2.8520042E-02   1.003031      1.8957490E-02  0.1784584      2.1363141E-02  2.4201062E-02  7.9931349E-02  1.5107190E-03  1.7845836E-02  2.1363138E-03  2.4201060E-03  0.0000000E+00  0.0000000E+00  2.8793961E-02  8.2945125E-04  3.9048013E-03  4.5447513E-02  8.5896731E-04  0.0000000E+00  0.0000000E+00  0.0000000E+00  0.9283710      0.2442263      2.9579077E-02
 day               4         100           1           1           1        1975          11                     1 hru0011            6.526816      5.5232402E-03  3.4366820E-02  0.6526816      3.6821602E-05  2.2911213E-04  0.8402609      1.2265630E-03  2.4324222E-03  0.0000000E+00  0.0000000E+00  0.0000000E+00   7.977221      2.1479264E-02  0.7728281      1.4606614E-02  0.1375009      1.6460149E-02  1.8646743E-02  5.9851583E-02  1.1312074E-03  1.3750092E-02  1.6460149E-03  1.8646743E-03  0.0000000E+00  0.0000000E+00  1.7701834E-02  5.9658010E-04  2.4005773E-03  3.6751930E-02  6.9461926E-04  0.0000000E+00  0.0000000E+00  0.0000000E+00  0.7153034      0.1881746      2.2790466E-02
 day               5         150           1           1           1        1975          11                     1 hru0011            6.571214      5.5608107E-03  3.4600589E-02  0.6571213      3.7072074E-05  2.3067062E-04  0.6866510      1.1000790E-03  2.3791040E-03  0.0000000E+00  0.0000000E+00  0.0000000E+00   8.031484      2.1625370E-02  0.7780850      1.4705970E-02  0.1384362      1.6572116E-02  1.8773584E-02  5.8687627E-02  1.1092084E-03  1.3843624E-02  1.6572117E-03  1.8773584E-03  0.0000000E+00  0.0000000E+00  1.4465727E-02  5.6142081E-04  1.9617227E-03  3.8572997E-02  7.2903768E-04  0.0000000E+00  0.0000000E+00  0.0000000E+00  0.7201689      0.1894547      2.2945492E-02
 day               6         200           1           1           1        1975          11                     1 hru0011            2.826034      2.3914990E-03  1.4880428E-02  0.2826034      1.5943328E-05  9.9202858E-05  0.2423707      4.2830993E-04  9.9600269E-04  0.0000000E+00  0.0000000E+00  0.0000000E+00   3.454042      9.3002701E-03  0.3346254      6.3244910E-03  5.9536267E-02  7.1270498E-03  8.0738198E-03  2.4628567E-02  4.6548509E-04  5.9536267E-03  7.1270496E-04  8.0738199E-04  0.0000000E+00  0.0000000E+00  5.1060403E-03  2.2593781E-04  6.9243921E-04  1.7199611E-02  3.2507628E-04  0.0000000E+00  0.0000000E+00  0.0000000E+00  0.3097179      8.1477396E-02  9.8680034E-03
 day               7         300           1           1           1        1975          11                     1 hru0011            5.683044      4.8092087E-03  2.9923955E-02  0.5683044      3.2061391E-05  1.9949304E-04  0.3340025      7.3150510E-04  1.9082476E-03  0.0000000E+00  0.0000000E+00  0.0000000E+00   6.945943      1.8702475E-02  0.6729186      1.2718302E-02  0.1197251      1.4332217E-02  1.6236136E-02  4.7398072E-02  8.9583354E-04  1.1972509E-02  1.4332219E-03  1.6236135E-03  0.0000000E+00  0.0000000E+00  7.0364550E-03  3.9907522E-04  9.5422636E-04  3.6716748E-02  6.9395424E-04  0.0000000E+00  0.0000000E+00  0.0000000E+00  0.6228305      0.1638478      1.9844165E-02
 day               8         450           1           1           1        1975          11                     1 hru0011            8.430717      7.1343901E-03  4.4391759E-02  0.8430717      4.7562600E-05  2.9594506E-04  0.2794642      9.0236950E-04  2.6624289E-03  0.0000000E+00  0.0000000E+00  0.0000000E+00   10.30421      2.7744852E-02  0.9982653      1.8867426E-02  0.1776105      2.1261645E-02  2.4086080E-02  6.6526808E-02  1.2573707E-03  1.7761052E-02  2.1261645E-03  2.4086081E-03  0.0000000E+00  0.0000000E+00  5.8874916E-03  4.9053296E-04  7.9841306E-04  5.8256358E-02  1.1010575E-03  0.0000000E+00  0.0000000E+00  0.0000000E+00  0.9239604      0.2430660      2.9438544E-02
 day               9         600           1           1           1        1975          11                     1 hru0011            4.725884      3.9992207E-03  2.4884041E-02  0.4725884      2.6661470E-05  1.6589361E-04  7.9910159E-02  4.4088354E-04  1.4189603E-03  0.0000000E+00  0.0000000E+00  0.0000000E+00   5.776081      1.5552526E-02  0.5595830      1.0576237E-02  9.9560529E-02  1.1918330E-02  1.3501582E-02  3.5639599E-02  6.7359599E-04  9.9560535E-03  1.1918329E-03  1.3501582E-03  0.0000000E+00  0.0000000E+00  1.6834708E-03  2.2930081E-04  2.2829848E-04  3.4308277E-02  6.4843363E-04  0.0000000E+00  0.0000000E+00  0.0000000E+00  0.5179310      0.1362519      1.6501933E-02
 day              10         750           1           1           1        1975          11                     1 hru0011            1.873355      1.5853033E-03  9.8641114E-03  0.1873355      1.0568690E-05  6.5760745E-05  1.0869920E-02  1.5716016E-04  5.3940120E-04  0.0000000E+00  0.0000000E+00  0.0000000E+00   2.289656      6.1650695E-03  0.2218205      4.1924533E-03  3.9466105E-02  4.7244630E-03  5.3520692E-03  1.3608656E-02  2.5720647E-04  3.9466107E-03  4.7244632E-04  5.3520699E-04  0.0000000E+00  0.0000000E+00  2.2899685E-04  7.6192606E-05  3.1054602E-05  1.4118903E-02  2.6685020E-04  0.0000000E+00  0.0000000E+00  0.0000000E+00  0.2053095      5.4010697E-02  6.5414184E-03
 day              11         900           1           1           1        1975          11                     1 hru0011            1.360535      1.1513366E-03  7.1638706E-03  0.1330670      7.6755778E-06  4.7759135E-05  0.0000000E+00  1.0493081E-04  3.7827273E-04  2.9864758E-03  0.0000000E+00  0.0000000E+00   1.662876      4.4774199E-03  0.1611566      2.8614954E-03  2.7825275E-02  3.3477009E-03  3.8869716E-03  9.5839063E-03  1.7017173E-04  2.7214489E-03  3.3477010E-04  3.8016497E-04  0.0000000E+00  0.0000000E+00  0.0000000E+00  4.5448018E-05  0.0000000E+00  1.0560674E-02  1.8751519E-04  6.1078696E-05  0.0000000E+00  8.5321954E-06  0.1556306      3.8100310E-02  4.7507435E-03
 day              12        1050           1           1           1        1975          11                     1 hru0011           0.6622366      5.6040956E-04  3.4869930E-03  6.0813505E-02  3.7360637E-06  2.3246619E-05  0.0000000E+00  4.7726615E-05  1.7879321E-04  5.4101534E-03  0.0000000E+00  0.0000000E+00  0.8094004      2.1793707E-03  7.8366973E-02  1.2500252E-03  1.2933416E-02  1.5677357E-03  1.8919726E-03  4.5406604E-03  7.2427705E-05  1.1876818E-03  1.5677356E-04  1.7374074E-04  0.0000000E+00  0.0000000E+00  0.0000000E+00  1.7978833E-05  0.0000000E+00  5.2552111E-03  8.3825449E-05  1.0565983E-04  0.0000000E+00  1.5456506E-05  8.0642655E-02  1.7723631E-02  2.3124111E-03
 day              13        1200           1           1           1        1975          11                     1 hru0011           0.6665505      5.6406012E-04  3.5097073E-03  5.8152191E-02  3.7604009E-06  2.3398048E-05  0.0000000E+00  4.5450171E-05  1.7555655E-04  8.5028633E-03  0.0000000E+00  0.0000000E+00  0.8146728      2.1935671E-03  7.8877464E-02  1.2581680E-03  1.3017665E-02  1.5779479E-03  1.9042969E-03  4.4713225E-03  7.1321701E-05  1.1357064E-03  1.5779478E-04  1.6613751E-04  0.0000000E+00  0.0000000E+00  0.0000000E+00  1.5330443E-05  0.0000000E+00  5.3883605E-03  8.5949301E-05  1.6606005E-04  0.0000000E+00  2.4292181E-05  8.1167966E-02  1.7839082E-02  2.3274741E-03
 day              14        1500           1           1           1        1975          11                     1 hru0011            1.344156      1.1374763E-03  7.0776283E-03  0.1085826      7.5831758E-06  4.7184189E-05  0.0000000E+00  8.4303560E-05  3.4058385E-04  2.5833033E-02  0.0000000E+00  0.0000000E+00   1.642858      4.4235182E-03  0.1590632      2.5372040E-03  2.6251236E-02  3.1820673E-03  3.8401789E-03  8.7147299E-03  1.3900796E-04  2.1206071E-03  3.1820673E-04  3.1021438E-04  0.0000000E+00  0.0000000E+00  0.0000000E+00  2.2339955E-05  0.0000000E+00  1.1168169E-02  1.7814254E-04  5.0451653E-04  0.0000000E+00  7.3803531E-05  0.1636822      3.5974041E-02  4.6935524E-03
 day              15        1800           1           1           1        1975          11                     1 hru0011            1.355782      1.1473140E-03  7.1388399E-03  0.1038245      7.6487604E-06  4.7592268E-05  0.0000000E+00  8.0211466E-05  3.3405746E-04  3.1753674E-02  0.0000000E+00  0.0000000E+00   1.657066      4.4617755E-03  0.1604389      2.5591473E-03  2.6478274E-02  3.2095879E-03  3.8733908E-03  8.5772276E-03  1.3681465E-04  2.0276816E-03  3.2095879E-04  2.9662065E-04  0.0000000E+00  0.0000000E+00  0.0000000E+00  1.6394682E-05  0.0000000E+00  1.1477631E-02  1.8307880E-04  6.2014558E-04  0.0000000E+00  9.0718415E-05  0.1650978      3.6285166E-02  4.7341445E-03
 day              16        2000           1           1           1        1975          11                     1 hru0011           0.9088460      7.6910038E-04  4.7855102E-03  6.7771979E-02  5.1273355E-06  3.1903401E-05  0.0000000E+00  5.2223917E-05  2.2076453E-04  2.3112617E-02  0.0000000E+00  0.0000000E+00   1.110812      2.9909445E-03  0.1075499      1.7155200E-03  1.7749667E-02  2.1515419E-03  2.5965213E-03  5.6784786E-03  9.0576941E-05  1.3235796E-03  2.1515420E-04  1.9362068E-04  0.0000000E+00  0.0000000E+00  0.0000000E+00  8.9153909E-06  0.0000000E+00  7.7652615E-03  1.2386308E-04  4.5138726E-04  0.0000000E+00  6.6031440E-05  0.1106730      2.4323702E-02  3.1735259E-03
 day              -1          -1           1           1           1        1975          11                     1 hru0011            59.71312      5.0580435E-02  0.3166977       5.718463      4.1037094E-04  2.6043402E-03   4.770549      8.4981751E-03  1.9412169E-02  0.2528482      0.0000000E+00  0.0000000E+00   73.84520      0.1982535       7.160488      0.1349380       1.295241      0.1552146      0.1709029      0.4951635      9.3138414E-03  0.1219025      1.5521458E-02  1.6331233E-02  0.0000000E+00  0.0000000E+00  9.9971622E-02  4.0447251E-03  1.3557331E-02  0.3998974      7.5534107E-03  7.6216063E-03  1.1641532E-10  7.5905281E-04   6.848369       1.772780      0.2088813    
 day               1          10           1           1           1        1975          12                     1 hru0012            2.765555      2.2522011E-03  1.5765386E-02  0.1382778      6.3559317E-05  4.4491459E-04  0.0000000E+00  4.9050737E-05  1.8570086E-04  0.1382778      0.0000000E+00  0.0000000E+00   4.148333      1.0134896E-02  0.4080047      9.0074623E-03  9.8006941E-02  1.1732350E-02  8.2385335E-03  1.6320188E-02  3.6029849E-04  4.9003470E-03  1.1732350E-03  4.1192668E-04  0.0000000E+00  0.0000000E+00  0.0000000E+00  0.0000000E+00  0.0000000E+00  3.4680396E-02  7.6563429E-04  4.9003479E-03  1.1641532E-10  4.1192674E-04  0.5096816      0.1341258      1.0069320E-02
 day               2          25           1           1           1        1975          12                     1 hru0012            4.390056      3.7662974E-03  2.3434717E-02  0.4390056      3.4312507E-05  2.1349985E-04  0.7864578      1.0170316E-03  1.6785366E-03  0.0000000E+00  0.0000000E+00  0.0000000E+00   5.365624      1.4646703E-02  0.5131930      9.6994536E-03  9.1306850E-02  1.0930286E-02  1.2382285E-02  4.1433390E-02  7.8309973E-04  9.1306856E-03  1.0930286E-03  1.2382285E-03  0.0000000E+00  0.0000000E+00  1.6357191E-02  4.3735455E-04  2.2182278E-03  2.2715729E-02  4.2933197E-04  0.0000000E+00  0.0000000E+00  0.0000000E+00  0.4749938      0.1249565      1.5133903E-02
 day               3          50           1           1           1        1975          12                     1 hru0012            7.361446      6.3154944E-03  3.9296400E-02  0.7361447      5.7536734E-05  3.5800625E-04   1.187757      1.5930076E-03  2.7735168E-03  0.0000000E+00  0.0000000E+00  0.0000000E+00   8.997324      2.4560252E-02  0.8605453      1.6264491E-02  0.1531075      1.8328402E-02  2.0763181E-02  6.8576701E-02  1.2961143E-03  1.5310748E-02  1.8328400E-03  2.0763180E-03  0.0000000E+00  0.0000000E+00  2.4703648E-02  7.1162358E-04  3.3501061E-03  3.8991466E-02  7.3694705E-04  0.0000000E+00  0.0000000E+00  0.0000000E+00  0.7964916      0.2095328      2.5377221E-02
 day               4         100           1           1           1        1975          12                     1 hru0012            6.693960      5.6646843E-03  3.5246916E-02  0.6693960      3.7764563E-05  2.3497945E-04  0.8617789      1.2579740E-03  2.4947140E-03  0.0000000E+00  0.0000000E+00  0.0000000E+00   8.181507      2.2029325E-02  0.7926193      1.4980671E-02  0.1410221      1.6881675E-02  1.9124266E-02  6.1384309E-02  1.1601764E-03  1.4102215E-02  1.6881675E-03  1.9124264E-03  0.0000000E+00  0.0000000E+00  1.8155156E-02  6.1185774E-04  2.4620534E-03  3.7693102E-02  7.1240752E-04  0.0000000E+00  0.0000000E+00  0.0000000E+00  0.7336214      0.1929936      2.3374103E-02
 day               5         150           1           1           1        1975          12                     1 hru0012            6.741239      5.7046930E-03  3.5495859E-02  0.6741239      3.8031289E-05  2.3663907E-04  0.7044177      1.1285432E-03  2.4406624E-03  0.0000000E+00  0.0000000E+00  0.0000000E+00   8.239292      2.2184914E-02  0.7982175      1.5086478E-02  0.1420182      1.7000906E-02  1.9259337E-02  6.0206141E-02  1.1379087E-03  1.4201818E-02  1.7000907E-03  1.9259338E-03  0.0000000E+00  0.0000000E+00  1.4840020E-02  5.7594711E-04  2.0124819E-03  3.9571043E-02  7.4790104E-04  0.0000000E+00  0.0000000E+00  0.0000000E+00  0.7388029      0.1943567      2.3539189E-02
 day               6         200           1           1           1        1975          12                     1 hru0012            2.510801      2.1247363E-03  1.3220574E-02  0.2510801      1.4164909E-05  8.8137160E-05  0.2153351      3.8053357E-04  8.8490243E-04  0.0000000E+00  0.0000000E+00  0.0000000E+00   3.068757      8.2628606E-03  0.2972992      5.6190179E-03  5.2895222E-02  6.3320543E-03  7.1732150E-03  2.1881342E-02  4.1356200E-04  5.2895225E-03  6.3320546E-04  7.1732147E-04  0.0000000E+00  0.0000000E+00  4.5364802E-03  2.0073523E-04  6.1520020E-04  1.5281059E-02  2.8881524E-04  0.0000000E+00  0.0000000E+00  0.0000000E+00  0.2751700      7.2388895E-02  8.7672630E-03
 day               7         300           1           1           1        1975          12                     1 hru0012            5.050838      4.2742114E-03  2.6595086E-02  0.5050838      2.8494744E-05  1.7730058E-04  0.2968467      6.5012940E-04  1.6959662E-03  0.0000000E+00  0.0000000E+00  0.0000000E+00   6.173247      1.6621931E-02  0.5980602      1.1303464E-02  0.1064064      1.2737841E-02  1.4429959E-02  4.2125311E-02  7.9617731E-04  1.0640637E-02  1.2737841E-03  1.4429959E-03  0.0000000E+00  0.0000000E+00  6.2536923E-03  3.5468058E-04  8.4807444E-04  3.2632213E-02  6.1675569E-04  0.0000000E+00  0.0000000E+00  0.0000000E+00  0.5535442      0.1456207      1.7636618E-02
 day               8         450           1           1           1        1975          12                     1 hru0012            7.496489      6.3438131E-03  3.9472606E-02  0.7496489      4.2292086E-05  2.6315069E-04  0.2484962      8.0237607E-04  2.3673987E-03  0.0000000E+00  0.0000000E+00  0.0000000E+00   9.162376      2.4670381E-02  0.8876452      1.6776681E-02  0.1579291      1.8905591E-02  2.1417042E-02  5.9154816E-02  1.1180384E-03  1.5792908E-02  1.8905591E-03  2.1417041E-03  0.0000000E+00  0.0000000E+00  5.2350871E-03  4.3617573E-04  7.0993952E-04  5.1800832E-02  9.7904669E-04  0.0000000E+00  0.0000000E+00  0.0000000E+00  0.8215742      0.2161313      2.6176387E-02
 day               9         600           1           1           1        1975          12                     1 hru0012            4.204084      3.5576550E-03  2.2136515E-02  0.4204084      2.3717701E-05  1.4757676E-04  7.1086973E-02  3.9220430E-04  1.2622883E-03  0.0000000E+00  0.0000000E+00  0.0000000E+00   5.138325      1.3835324E-02  0.4977977      9.4084805E-03  8.8567741E-02  1.0602389E-02  1.2010830E-02  3.1704519E-02  5.9922208E-04  8.8567743E-03  1.0602389E-03  1.2010830E-03  0.0000000E+00  0.0000000E+00  1.4975937E-03  2.0398304E-04  2.0309142E-04  3.0520193E-02  5.7683798E-04  0.0000000E+00  0.0000000E+00  0.0000000E+00  0.4607446      0.1212080      1.4679903E-02
 day              10         750           1           1           1        1975          12                     1 hru0012            1.667030      1.4107038E-03  8.7777097E-03  0.1667030      9.4046918E-06  5.8518068E-05  9.6727163E-03  1.3985112E-04  4.7999324E-04  0.0000000E+00  0.0000000E+00  0.0000000E+00   2.037481      5.4860697E-03  0.1973898      3.7307090E-03  3.5119429E-02  4.2041251E-03  4.7626081E-03  1.2109839E-02  2.2887850E-04  3.5119429E-03  4.2041251E-04  4.7626079E-04  0.0000000E+00  0.0000000E+00  2.0377594E-04  6.7801040E-05  2.7634436E-05  1.2563889E-02  2.3746012E-04  0.0000000E+00  0.0000000E+00  0.0000000E+00  0.1826973      4.8062127E-02  5.8209659E-03
 day              11         900           1           1           1        1975          12                     1 hru0012            1.188171      1.0054758E-03  6.2562921E-03  0.1162090      6.7031715E-06  4.1708616E-05  0.0000000E+00  9.1637317E-05  3.3035001E-04  2.6081204E-03  0.0000000E+00  0.0000000E+00   1.452209      3.9101830E-03  0.1407400      2.4989776E-03  2.4300143E-02  2.9235866E-03  3.3945383E-03  8.3697382E-03  1.4861296E-04  2.3766740E-03  2.9235866E-04  3.3200259E-04  0.0000000E+00  0.0000000E+00  0.0000000E+00  3.9690291E-05  0.0000000E+00  9.2227608E-03  1.6375924E-04  5.3340336E-05  0.0000000E+00  7.4512791E-06  0.1359140      3.3273451E-02  4.1488805E-03
 day              12        1050           1           1           1        1975          12                     1 hru0012           0.5634590      4.7682048E-04  2.9668820E-03  5.1742706E-02  3.1788031E-06  1.9779214E-05  0.0000000E+00  4.0607847E-05  1.5212488E-04  4.6031922E-03  0.0000000E+00  0.0000000E+00  0.6886721      1.8543017E-03  6.6677943E-02  1.0635745E-03  1.1004297E-02  1.3338958E-03  1.6097703E-03  3.8633863E-03  6.1624560E-05  1.0105298E-03  1.3338959E-04  1.4782598E-04  0.0000000E+00  0.0000000E+00  0.0000000E+00  1.5297133E-05  0.0000000E+00  4.4713565E-03  7.1322247E-05  8.9899870E-05  0.0000000E+00  1.3151046E-05  6.8614185E-02  1.5080014E-02  1.9674972E-03
 day              13        1200           1           1           1        1975          12                     1 hru0012           0.5671344      4.7993078E-04  2.9862351E-03  4.9478792E-02  3.1995385E-06  1.9908233E-05  0.0000000E+00  3.8671304E-05  1.4937232E-04  7.2346553E-03  0.0000000E+00  0.0000000E+00  0.6931644      1.8663972E-03  6.7112878E-02  1.0705121E-03  1.1076080E-02  1.3425970E-03  1.6202710E-03  3.8044243E-03  6.0684062E-05  9.6631591E-04  1.3425971E-04  1.4135810E-04  0.0000000E+00  0.0000000E+00  0.0000000E+00  1.3043886E-05  0.0000000E+00  4.5846854E-03  7.3129951E-05  1.4129217E-04  0.0000000E+00  2.0669002E-05  6.9061756E-02  1.5178382E-02  1.9803313E-03
 day              14        1500           1           1           1        1975          12                     1 hru0012            1.143566      9.6772925E-04  6.0214247E-03  9.2378676E-02  6.4515289E-06  4.0142830E-05  0.0000000E+00  7.1722832E-05  2.8975809E-04  2.1977939E-02  0.0000000E+00  0.0000000E+00   1.397692      3.7633907E-03  0.1353260      2.1585736E-03  2.2333730E-02  2.7072032E-03  3.2671036E-03  7.4142190E-03  1.1826360E-04  1.8041462E-03  2.7072031E-04  2.6392064E-04  0.0000000E+00  0.0000000E+00  0.0000000E+00  1.9006140E-05  0.0000000E+00  9.5015271E-03  1.5155810E-04  4.2922678E-04  0.0000000E+00  6.2789710E-05  0.1392557      3.0605586E-02  3.9931266E-03
 day              15        1800           1           1           1        1975          12                     1 hru0012            1.153175      9.7586063E-04  6.0720197E-03  8.8309065E-02  6.5057379E-06  4.0480132E-05  0.0000000E+00  6.8224756E-05  2.8413630E-04  2.7008437E-02  0.0000000E+00  0.0000000E+00   1.409436      3.7950128E-03  0.1364631      2.1767113E-03  2.2521392E-02  2.7299507E-03  3.2945557E-03  7.2954558E-03  1.1636922E-04  1.7246671E-03  2.7299506E-04  2.5229400E-04  0.0000000E+00  0.0000000E+00  0.0000000E+00  1.3944664E-05  0.0000000E+00  9.7624268E-03  1.5571970E-04  5.2747200E-04  0.0000000E+00  7.7161560E-05  0.1404258      3.0862754E-02  4.0266793E-03
 day              16        2000           1           1           1        1975          12                     1 hru0012           0.7728365      6.5400335E-04  4.0693544E-03  5.7629850E-02  4.3600221E-06  2.7129028E-05  0.0000000E+00  4.4408527E-05  1.8772692E-04  1.9653793E-02  0.0000000E+00  0.0000000E+00  0.9445780      2.5433465E-03  9.1454998E-02  1.4587913E-03  1.5093418E-02  1.8295622E-03  2.2079502E-03  4.8286901E-03  7.7022050E-05  1.1255051E-03  1.8295622E-04  1.6464523E-04  0.0000000E+00  0.0000000E+00  0.0000000E+00  7.5811986E-06  0.0000000E+00  6.6031846E-03  1.0532686E-04  3.8383668E-04  0.0000000E+00  5.6149802E-05  9.4110742E-02  2.0683642E-02  2.6986059E-03
 day              -1          -1           1           1           1        1975          12                     1 hru0012            54.26984      4.5974314E-02  0.2878139       5.205620      3.7967734E-04  2.4118701E-03   4.381849      7.7659748E-03  1.7657148E-02  0.2213639      0.0000000E+00  0.0000000E+00   67.09802      0.1801653       6.488546      0.1223041       1.172709      0.1405224      0.1549555      0.4504725      8.4760524E-03  0.1107454      1.4052242E-02  1.4846245E-02  0.0000000E+00  0.0000000E+00  9.1782644E-02  3.7087216E-03  1.2446810E-02  0.3605959      6.8119541E-03  6.5254155E-03  1.1641532E-10  6.4929912E-04   6.194703       1.605060      0.1893900    
 day               1          10           2           1           2        1975           1                     1 hru0001            1.903090      1.3779216E-03  9.6454518E-03  9.5154479E-02  6.8896079E-05  3.8581807E-04  0.0000000E+00  0.0000000E+00  0.0000000E+00  9.6508220E-02  2.6151683E-05  2.7951639E-04   2.854635      6.2006479E-03  0.1348006      2.9759749E-03  3.1611759E-02  3.7842242E-03  2.6570561E-03  5.3920243E-03  1.1903900E-04  1.5805879E-03  3.7839849E-04  1.3285280E-04  0.0000000E+00  0.0000000E+00  0.0000000E+00  2.3923349E-08  0.0000000E+00  1.1213131E-02  2.4755075E-04  1.5803882E-03  0.0000000E+00  1.3285321E-04  0.1683936      4.3261763E-02  3.2475132E-03
 day               2          25           2           1           2        1975           1                     1 hru0001            1.462968      1.3306412E-03  8.2795462E-03  0.1480267      2.4243431E-05  1.5084803E-04  0.3347527      4.1486818E-04  5.3635426E-04  0.0000000E+00  0.0000000E+00  0.0000000E+00   1.788072      5.1747165E-03  0.1689255      3.1927270E-03  2.9523516E-02  3.5342418E-03  4.0033087E-03  1.4020815E-02  2.6499634E-04  2.9523855E-03  3.5342824E-04  4.0033227E-04  0.0000000E+00  0.0000000E+00  6.7903744E-03  1.5196833E-04  9.2075963E-04  7.9304678E-03  1.4988749E-04  0.0000000E+00  0.0000000E+00  0.0000000E+00  0.1563517      4.0403929E-02  4.8929332E-03
 day               3          50           2           1           2        1975           1                     1 hru0001            2.469219      2.2461680E-03  1.3976156E-02  0.2498602      4.0923805E-05  2.5463704E-04  0.5649821      7.0031162E-04  9.0538390E-04  0.0000000E+00  0.0000000E+00  0.0000000E+00   3.017935      8.7350979E-03  0.2851842      5.3900415E-03  4.9836900E-02  5.9659444E-03  6.7577432E-03  2.3670292E-02  4.4737343E-04  4.9837464E-03  5.9660122E-04  6.7577645E-04  0.0000000E+00  0.0000000E+00  1.1462430E-02  2.5652885E-04  1.5542787E-03  1.3397010E-02  2.5320624E-04  0.0000000E+00  0.0000000E+00  0.0000000E+00  0.2639568      6.8203479E-02  8.2594641E-03
 day               4         100           2           1           2        1975           1                     1 hru0001            3.541936      3.0626217E-03  1.9056307E-02  0.3585420      2.0421223E-05  1.2706534E-04  0.6688248      8.6791656E-04  1.4227197E-03  0.0000000E+00  0.0000000E+00  0.0000000E+00   4.329033      1.1910194E-02  0.4362426      8.2450761E-03  7.6291911E-02  9.1328584E-03  1.0344972E-02  3.5478134E-02  6.7054416E-04  7.6292558E-03  9.1329357E-04  1.0345007E-03  0.0000000E+00  0.0000000E+00  1.4499820E-02  3.7149468E-04  1.9661407E-03  2.0775177E-02  3.9265532E-04  0.0000000E+00  0.0000000E+00  0.0000000E+00  0.4037713      0.1044081      1.2643856E-02
 day               5         150           2           1           2        1975           1                     1 hru0001            3.593516      3.1077156E-03  1.9336892E-02  0.3637962      2.0721929E-05  1.2893643E-04  0.5321178      7.5407524E-04  1.3970395E-03  0.0000000E+00  0.0000000E+00  0.0000000E+00   4.392076      1.2085559E-02  0.4427228      8.3675534E-03  7.7415571E-02  9.2673702E-03  1.0497331E-02  3.4937583E-02  6.6032761E-04  7.7415896E-03  9.2674093E-04  1.0497365E-03  0.0000000E+00  0.0000000E+00  1.1559200E-02  3.5160931E-04  1.5673954E-03  2.1761715E-02  4.1130104E-04  0.0000000E+00  0.0000000E+00  0.0000000E+00  0.4097691      0.1059458      1.2830072E-02
 day               6         200           2           1           2        1975           1                     1 hru0001            2.180844      1.8863620E-03  1.1737360E-02  0.2208045      1.2578088E-05  7.8263627E-05  0.2587537      4.0222472E-04  8.2255458E-04  0.0000000E+00  0.0000000E+00  0.0000000E+00   2.665476      7.3358510E-03  0.2687692      5.0797947E-03  4.6990965E-02  5.6252596E-03  6.3718352E-03  2.0627484E-02  3.8986380E-04  4.6990970E-03  5.6252599E-04  6.3718553E-04  0.0000000E+00  0.0000000E+00  5.6340126E-03  1.9931328E-04  7.6395343E-04  1.3622835E-02  2.5747449E-04  0.0000000E+00  0.0000000E+00  0.0000000E+00  0.2487636      6.4308725E-02  7.7877985E-03
 day               7         300           2           1           2        1975           1                     1 hru0001            4.424647      3.8276990E-03  2.3816787E-02  0.4480180      2.5522775E-05  1.5880834E-04  0.3504058      6.6518219E-04  1.5805820E-03  0.0000000E+00  0.0000000E+00  0.0000000E+00   5.407903      1.4885494E-02  0.5454312      1.0308764E-02  9.5351785E-02  1.1414504E-02  1.2929411E-02  3.9833996E-02  7.5287087E-04  9.5351133E-03  1.1414425E-03  1.2929451E-03  0.0000000E+00  0.0000000E+00  7.6710340E-03  3.5404833E-04  1.0401558E-03  2.9193584E-02  5.5176503E-04  0.0000000E+00  0.0000000E+00  0.0000000E+00  0.5048325      0.1304921      1.5802614E-02
 day               8         450           2           1           2        1975           1                     1 hru0001            6.654952      5.7558082E-03  3.5813894E-02  0.6737611      3.8379167E-05  2.3880355E-04  0.2964683      8.0076361E-04  2.2190597E-03  0.0000000E+00  0.0000000E+00  0.0000000E+00   8.133830      2.2383690E-02  0.8200281      1.5498703E-02  0.1433819      1.7164156E-02  1.9442163E-02  5.6277510E-02  1.0636568E-03  1.4337974E-02  1.7163899E-03  1.9442217E-03  0.0000000E+00  0.0000000E+00  6.5657571E-03  4.3927145E-04  8.9026324E-04  4.6853025E-02  8.8553212E-04  0.0000000E+00  0.0000000E+00  0.0000000E+00  0.7589900      0.1962229      2.3762647E-02
 day               9         600           2           1           2        1975           1                     1 hru0001            3.820397      3.2725509E-03  2.0362534E-02  0.3846757      2.1819274E-05  1.3576433E-04  9.3285739E-02  3.8760231E-04  1.1927456E-03  0.0000000E+00  0.0000000E+00  0.0000000E+00   4.669374      1.2726585E-02  0.4625796      8.7428521E-03  8.1499174E-02  9.7562158E-03  1.1051574E-02  3.0180020E-02  5.7040871E-04  8.1498194E-03  9.7560987E-04  1.1051592E-03  0.0000000E+00  0.0000000E+00  2.0463616E-03  2.0750822E-04  2.7747871E-04  2.7721310E-02  5.2393862E-04  0.0000000E+00  0.0000000E+00  0.0000000E+00  0.4281479      0.1115344      1.3507479E-02
 day              10         750           2           1           2        1975           1                     1 hru0001            1.543799      1.3127184E-03  8.1680231E-03  0.1547992      8.7518174E-06  5.4455737E-05  1.7324761E-02  1.3760809E-04  4.5674192E-04  0.0000000E+00  0.0000000E+00  0.0000000E+00   1.886866      5.1050154E-03  0.1844230      3.4856342E-03  3.2684721E-02  3.9126677E-03  4.4323262E-03  1.1542160E-02  2.1814923E-04  3.2684531E-03  3.9126448E-04  4.4323289E-04  0.0000000E+00  0.0000000E+00  3.7568924E-04  6.9565489E-05  5.0943810E-05  1.1510594E-02  2.1755263E-04  0.0000000E+00  0.0000000E+00  0.0000000E+00  0.1706957      4.4730145E-02  5.4172873E-03
 day              11         900           2           1           2        1975           1                     1 hru0001            1.112584      9.4581244E-04  5.8850534E-03  0.1115448      6.3056632E-06  3.9235223E-05  1.8780828E-03  9.0115624E-05  3.1660625E-04  0.0000000E+00  0.0000000E+00  0.0000000E+00   1.359825      3.6781589E-03  0.1328935      2.3596555E-03  2.2861304E-02  2.7504780E-03  3.1934672E-03  8.0354447E-03  1.4267725E-04  2.2861150E-03  2.7504592E-04  3.1934690E-04  0.0000000E+00  0.0000000E+00  4.4491375E-05  4.1073916E-05  6.2125910E-06  8.5704615E-03  1.5217703E-04  0.0000000E+00  0.0000000E+00  0.0000000E+00  0.1283366      3.1303290E-02  3.9031266E-03
 day              12        1050           2           1           2        1975           1                     1 hru0001           0.5327643      4.5291791E-04  2.8181539E-03  5.0584298E-02  3.0195715E-06  1.8788432E-05  0.0000000E+00  3.9983563E-05  1.4678485E-04  2.8301217E-03  0.0000000E+00  0.0000000E+00  0.6511564      1.7613467E-03  6.3575990E-02  1.0140955E-03  1.0454101E-02  1.2672034E-03  1.5292447E-03  3.7352415E-03  5.9580532E-05  9.9258404E-04  1.2671930E-04  1.4519697E-04  0.0000000E+00  0.0000000E+00  0.0000000E+00  1.5956131E-05  0.0000000E+00  4.2071156E-03  6.7107365E-05  5.2817515E-05  0.0000000E+00  7.7275909E-06  6.5422162E-02  1.4326041E-02  1.8690769E-03
 day              13        1200           2           1           2        1975           1                     1 hru0001           0.5397415      4.5886324E-04  2.8551458E-03  4.8387624E-02  3.0592093E-06  1.9035060E-05  0.0000000E+00  3.8077709E-05  1.4471883E-04  5.7272352E-03  0.0000000E+00  0.0000000E+00  0.6596841      1.7844669E-03  6.4412102E-02  1.0274322E-03  1.0591335E-02  1.2838382E-03  1.5493191E-03  3.6942880E-03  5.8927282E-05  9.4950921E-04  1.2838267E-04  1.3889588E-04  0.0000000E+00  0.0000000E+00  0.0000000E+00  1.3674304E-05  0.0000000E+00  4.3508406E-03  6.9399903E-05  1.0961480E-04  0.0000000E+00  1.6036109E-05  6.6282548E-02  1.4514101E-02  1.8936123E-03
 day              14        1500           2           1           2        1975           1                     1 hru0001            1.096774      9.3246059E-04  5.8019753E-03  9.0260461E-02  6.2166523E-06  3.8681381E-05  0.0000000E+00  7.0521426E-05  2.8186548E-04  1.9705176E-02  0.0000000E+00  0.0000000E+00   1.340502      3.6262351E-03  0.1308966      2.0879214E-03  2.1522801E-02  2.6089058E-03  3.1483930E-03  7.2317608E-03  1.1535324E-04  1.7712475E-03  2.6088802E-04  2.5910119E-04  0.0000000E+00  0.0000000E+00  0.0000000E+00  2.0033563E-05  0.0000000E+00  9.1125425E-03  1.4535344E-04  3.8101152E-04  0.0000000E+00  5.5738259E-05  0.1346977      2.9494310E-02  3.8480361E-03
 day              15        1800           2           1           2        1975           1                     1 hru0001            1.114239      9.4734615E-04  5.8945944E-03  8.6445086E-02  6.3158955E-06  3.9298880E-05  0.0000000E+00  6.7181252E-05  2.7774050E-04  2.5274098E-02  0.0000000E+00  0.0000000E+00   1.361848      3.6841226E-03  0.1329903      2.1213181E-03  2.1866398E-02  2.6505552E-03  3.1986544E-03  7.1528535E-03  1.1409461E-04  1.6964420E-03  2.6505266E-04  2.4815847E-04  0.0000000E+00  0.0000000E+00  0.0000000E+00  1.4784920E-05  0.0000000E+00  9.4496440E-03  1.5073048E-04  4.9017393E-04  0.0000000E+00  7.1707123E-05  0.1368522      2.9965168E-02  3.9094668E-03
 day              16        2000           2           1           2        1975           1                     1 hru0001           0.7500346      6.3770777E-04  3.9679566E-03  5.6512032E-02  4.2515576E-06  2.6454118E-05  0.0000000E+00  4.3797110E-05  1.8407282E-04  1.8691171E-02  0.0000000E+00  0.0000000E+00  0.9167089      2.4799737E-03  8.9524448E-02  1.4279973E-03  1.4719417E-02  1.7842274E-03  2.1531812E-03  4.7498774E-03  7.5764910E-05  1.1090478E-03  1.7842079E-04  1.6223339E-04  0.0000000E+00  0.0000000E+00  0.0000000E+00  8.0672762E-06  0.0000000E+00  6.4252838E-03  1.0248918E-04  3.6287785E-04  0.0000000E+00  5.3084848E-05  9.2124134E-02  2.0171123E-02  2.6316659E-03
 day              -1          -1           2           1           2        1975           1                     1 hru0001            36.74150      3.1555310E-02  0.1974159       3.541173      3.1142621E-04  1.8948936E-03   3.118794      5.4802299E-03  1.1884971E-02  0.1687360      0.0000000E+00  0.0000000E+00   45.43492      0.1235572       4.363400      8.1325553E-02  0.7666036      9.1902651E-02  0.1032600      0.3065595      5.7236273E-03  7.3682964E-02  9.1902046E-03  9.9888761E-03  0.0000000E+00  0.0000000E+00  6.6649176E-02  2.5149221E-03  9.0375813E-03  0.2460947      4.5781210E-03  2.9768837E-03  0.0000000E+00  3.3714715E-04   4.137387       1.049285      0.1262067    
 day               1          10           2           1           2        1975           2                     1 hru0002           0.9176887      6.6762924E-04  4.6734032E-03  4.5884434E-02  3.3381461E-05  1.8693613E-04  0.0000000E+00  0.0000000E+00  0.0000000E+00  4.6531823E-02  1.2512697E-05  1.3432287E-04   1.376533      3.0043311E-03  6.5701053E-02  1.4504730E-03  1.5415043E-02  1.8453252E-03  1.2956786E-03  2.6280424E-03  5.8018923E-05  7.7075214E-04  1.8452099E-04  6.4783926E-05  0.0000000E+00  0.0000000E+00  0.0000000E+00  1.1525117E-08  0.0000000E+00  5.4676207E-03  1.2070790E-04  7.7065575E-04  0.0000000E+00  6.4784101E-05  8.2074091E-02  2.1096006E-02  1.5836072E-03
 day               2          25           2           1           2        1975           2                     1 hru0002           0.7125181      6.5340614E-04  4.0656314E-03  7.2084509E-02  1.2282759E-05  7.6425924E-05  0.1630465      2.0334126E-04  2.6102146E-04  0.0000000E+00  0.0000000E+00  0.0000000E+00  0.8708555      2.5410210E-03  8.2424358E-02  1.5578376E-03  1.4409087E-02  1.7249029E-03  1.9538356E-03  6.8412214E-03  1.2930052E-04  1.4409248E-03  1.7249222E-04  1.9538421E-04  0.0000000E+00  0.0000000E+00  3.3140739E-03  7.4168915E-05  4.4938154E-04  3.8640895E-03  7.3032090E-05  0.0000000E+00  0.0000000E+00  0.0000000E+00  7.6289162E-02  1.9719321E-02  2.3880214E-03
 day               3          50           2           1           2        1975           2                     1 hru0002            1.208854      1.1087717E-03  6.8990164E-03  0.1223112      2.0842792E-05  1.2968834E-04  0.2766106      3.4505184E-04  4.4292997E-04  0.0000000E+00  0.0000000E+00  0.0000000E+00   1.477488      4.3118866E-03  0.1398896      2.6439431E-03  2.4451079E-02  2.9270235E-03  3.3155009E-03  1.1610839E-02  2.1944728E-04  2.4451355E-03  2.9270566E-04  3.3155116E-04  0.0000000E+00  0.0000000E+00  5.6237206E-03  1.2585870E-04  7.6256413E-04  6.5641357E-03  1.2406349E-04  0.0000000E+00  0.0000000E+00  0.0000000E+00  0.1294770      3.3462126E-02  4.0522791E-03
 day               4         100           2           1           2        1975           2                     1 hru0002            5.522271      4.7741760E-03  2.9705977E-02  0.5589541      3.1833632E-05  1.9807588E-04   1.042825      1.3529541E-03  2.2178108E-03  0.0000000E+00  0.0000000E+00  0.0000000E+00   6.749443      1.8566238E-02  0.6799464      1.2851129E-02  0.1189273      1.4236709E-02  1.6126221E-02  5.5297740E-02  1.0451389E-03  1.1892828E-02  1.4236830E-03  1.6126274E-03  0.0000000E+00  0.0000000E+00  2.2602972E-02  5.7910243E-04  3.0649113E-03  3.2360986E-02  6.1162934E-04  0.0000000E+00  0.0000000E+00  0.0000000E+00  0.6293352      0.1627560      1.9709827E-02
 day               5         150           2           1           2        1975           2                     1 hru0002            5.604917      4.8465249E-03  3.0156154E-02  0.5673794      3.2316097E-05  2.0107791E-04  0.8300051      1.1759907E-03  2.1787027E-03  0.0000000E+00  0.0000000E+00  0.0000000E+00   6.850455      1.8847598E-02  0.6903549      1.3047853E-02  0.1207302      1.4452540E-02  1.6370684E-02  5.4479536E-02  1.0296747E-03  1.2073071E-02  1.4452599E-03  1.6370737E-03  0.0000000E+00  0.0000000E+00  1.8026669E-02  5.4833782E-04  2.4443679E-03  3.3920731E-02  6.4110907E-04  0.0000000E+00  0.0000000E+00  0.0000000E+00  0.6389689      0.1652234      2.0008616E-02
 day               6         200           2           1           2        1975           2                     1 hru0002            2.519082      2.1787190E-03  1.3556476E-02  0.2550364      1.4527485E-05  9.0393252E-05  0.2989004      4.6456477E-04  9.5003913E-04  0.0000000E+00  0.0000000E+00  0.0000000E+00   3.078878      8.4727975E-03  0.3104006      5.8666375E-03  5.4273725E-02  6.4970744E-03  7.3593594E-03  2.3822628E-02  4.5025270E-04  5.4273722E-03  6.4970739E-04  7.3593826E-04  0.0000000E+00  0.0000000E+00  6.5072193E-03  2.3020362E-04  8.8235777E-04  1.5729781E-02  2.9729618E-04  0.0000000E+00  0.0000000E+00  0.0000000E+00  0.2872963      7.4275427E-02  8.9947730E-03
 day               7         300           2           1           2        1975           2                     1 hru0002            5.106490      4.4170846E-03  2.7484084E-02  0.5170270      2.9452718E-05  1.8326135E-04  0.4044352      7.6760678E-04  1.8239595E-03  0.0000000E+00  0.0000000E+00  0.0000000E+00   6.241266      1.7177554E-02  0.6293625      1.1895085E-02  0.1100337      1.3172063E-02  1.4920235E-02  4.5963679E-02  8.6872320E-04  1.1003292E-02  1.3171973E-03  1.4920280E-03  0.0000000E+00  0.0000000E+00  8.8521997E-03  4.0856330E-04  1.2003168E-03  3.3681352E-02  6.3658465E-04  0.0000000E+00  0.0000000E+00  0.0000000E+00  0.5825166      0.1505848      1.8235844E-02
 day               8         450           2           1           2        1975           2                     1 hru0002            7.671962      6.6346237E-03  4.1282091E-02  0.7766732      4.4238979E-05  2.7526467E-04  0.3418269      9.2302694E-04  2.5578740E-03  0.0000000E+00  0.0000000E+00  0.0000000E+00   9.376843      2.5801310E-02  0.9451424      1.7863391E-02  0.1652734      1.9784776E-02  2.2410603E-02  6.4863950E-02  1.2259424E-03  1.6527096E-02  1.9784484E-03  2.2410669E-03  0.0000000E+00  0.0000000E+00  7.5682178E-03  5.0633913E-04  1.0261890E-03  5.3997740E-02  1.0205688E-03  0.0000000E+00  0.0000000E+00  0.0000000E+00  0.8747916      0.2261822      2.7390739E-02
 day               9         600           2           1           2        1975           2                     1 hru0002            4.400328      3.7690459E-03  2.3451844E-02  0.4430509      2.5129568E-05  1.5636178E-04  0.1074644      4.4640742E-04  1.3737036E-03  0.0000000E+00  0.0000000E+00  0.0000000E+00   5.378179      1.4657402E-02  0.5327284      1.0068680E-02  9.3863659E-02  1.1236360E-02  1.2728249E-02  3.4756728E-02  6.5690954E-04  9.3862545E-03  1.1236226E-03  1.2728267E-03  0.0000000E+00  0.0000000E+00  2.3568198E-03  2.3898983E-04  3.1957624E-04  3.1924635E-02  6.0338236E-04  0.0000000E+00  0.0000000E+00  0.0000000E+00  0.4930753      0.1284556      1.5556750E-02
 day              10         750           2           1           2        1975           2                     1 hru0002            1.777434      1.5113357E-03  9.4038676E-03  0.1782231      1.0075984E-05  6.2695020E-05  1.9949615E-02  1.5842851E-04  5.2584824E-04  0.0000000E+00  0.0000000E+00  0.0000000E+00   2.172419      5.8774170E-03  0.2123215      4.0129204E-03  3.7629977E-02  4.5046611E-03  5.1029455E-03  1.3288190E-02  2.5114955E-04  3.7629756E-03  4.5046347E-04  5.1029481E-04  0.0000000E+00  0.0000000E+00  4.3253158E-04  8.0090802E-05  5.8651727E-05  1.3251849E-02  2.5046276E-04  0.0000000E+00  0.0000000E+00  0.0000000E+00  0.1965175      5.1497895E-02  6.2369341E-03
 day              11         900           2           1           2        1975           2                     1 hru0002            1.304759      1.1091494E-03  6.9013699E-03  0.1308097      7.3946171E-06  4.6010919E-05  2.2045970E-03  1.0567814E-04  3.7128243E-04  0.0000000E+00  0.0000000E+00  0.0000000E+00   1.594706      4.3133572E-03  0.1558398      2.7670886E-03  2.6809303E-02  3.2254676E-03  3.7449584E-03  9.4228964E-03  1.6731281E-04  2.6809117E-03  3.2254454E-04  3.7449607E-04  0.0000000E+00  0.0000000E+00  5.2175252E-05  4.8167130E-05  7.2854746E-06  1.0050332E-02  1.7845359E-04  0.0000000E+00  0.0000000E+00  0.0000000E+00  0.1504960      3.6709167E-02  4.5771715E-03
 day              12        1050           2           1           2        1975           2                     1 hru0002           0.6409957      5.4491253E-04  3.3905660E-03  6.0860530E-02  3.6328922E-06  2.2604658E-05  0.0000000E+00  4.8104841E-05  1.7659921E-04  3.4040213E-03  0.0000000E+00  0.0000000E+00  0.7834393      2.1191039E-03  7.6487489E-02  1.2200458E-03  1.2577486E-02  1.5245912E-03  1.8398577E-03  4.4938228E-03  7.1680610E-05  1.1941928E-03  1.5245787E-04  1.7468870E-04  0.0000000E+00  0.0000000E+00  0.0000000E+00  1.9197076E-05  0.0000000E+00  5.0615664E-03  8.0736645E-05  6.3545536E-05  0.0000000E+00  9.2971750E-06  7.8708597E-02  1.7235873E-02  2.2487151E-03
 day              13        1200           2           1           2        1975           2                     1 hru0002           0.6497303      5.5235432E-04  3.4368716E-03  5.8248080E-02  3.6825072E-06  2.2913380E-05  0.0000000E+00  4.5835855E-05  1.7420476E-04  6.8932921E-03  0.0000000E+00  0.0000000E+00  0.7941148      2.1480448E-03  7.7534057E-02  1.2367395E-03  1.2749275E-02  1.5454149E-03  1.8649866E-03  4.4468842E-03  7.0931885E-05  1.1429678E-03  1.5454012E-04  1.6719537E-04  0.0000000E+00  0.0000000E+00  0.0000000E+00  1.6460370E-05  0.0000000E+00  5.2372362E-03  8.3538718E-05  1.3194827E-04  0.0000000E+00  1.9303377E-05  7.9785548E-02  1.7471289E-02  2.2794283E-03
 day              14        1500           2           1           2        1975           2                     1 hru0002            1.321623      1.1235935E-03  6.9912490E-03  0.1087647      7.4909208E-06  4.6610174E-05  0.0000000E+00  8.4976702E-05  3.3964156E-04  2.3742944E-02  0.0000000E+00  0.0000000E+00   1.615317      4.3695308E-03  0.1577241      2.5158441E-03  2.5934475E-02  3.1436707E-03  3.7937406E-03  8.7139215E-03  1.3899506E-04  2.1343119E-03  3.1436395E-04  3.1221090E-04  0.0000000E+00  0.0000000E+00  0.0000000E+00  2.4140027E-05  0.0000000E+00  1.0980289E-02  1.7514572E-04  4.5910990E-04  0.0000000E+00  6.7163346E-05  0.1623042      3.5539959E-02  4.6367943E-03
 day              15        1800           2           1           2        1975           2                     1 hru0002            1.344732      1.1432869E-03  7.1137864E-03  0.1043272      7.6222182E-06  4.7427140E-05  0.0000000E+00  8.1076432E-05  3.3518623E-04  3.0500554E-02  0.0000000E+00  0.0000000E+00   1.643562      4.4461163E-03  0.1604940      2.5600265E-03  2.6389068E-02  3.1987745E-03  3.8602380E-03  8.6321319E-03  1.3769043E-04  2.0473206E-03  3.1987406E-04  2.9948555E-04  0.0000000E+00  0.0000000E+00  0.0000000E+00  1.7842860E-05  0.0000000E+00  1.1404048E-02  1.8190505E-04  5.9155840E-04  0.0000000E+00  8.6538406E-05  0.1651545      3.6162920E-02  4.7180690E-03
 day              16        2000           2           1           2        1975           2                     1 hru0002           0.9063395      7.7058782E-04  4.7947676E-03  6.8288974E-02  5.1374586E-06  3.1966403E-05  0.0000000E+00  5.2923177E-05  2.2242847E-04  2.2585288E-02  0.0000000E+00  0.0000000E+00   1.107748      2.9967302E-03  0.1081770      1.7255222E-03  1.7786521E-02  2.1560092E-03  2.6018426E-03  5.7395203E-03  9.1550624E-05  1.3401415E-03  2.1559854E-04  1.9603819E-04  0.0000000E+00  0.0000000E+00  0.0000000E+00  9.7482844E-06  0.0000000E+00  7.7640796E-03  1.2384422E-04  4.3849100E-04  0.0000000E+00  6.4146181E-05  0.1113183      2.4374206E-02  3.1800300E-03
 day              -1          -1           2           1           2        1975           2                     1 hru0002            41.60973      3.5805199E-02  0.2233072       4.067924      2.8904207E-04  1.7777128E-03   3.487268      6.2559675E-03  1.3951232E-02  0.1336579      0.0000000E+00  0.0000000E+00   51.11125      0.1396504       5.024529      9.3283214E-02  0.8772532      0.1051754      0.1192889      0.3550017      6.6127195E-03  8.5269555E-02  1.0517480E-02  1.1617690E-02  0.0000000E+00  0.0000000E+00  7.5336598E-02  2.9272221E-03  1.0215602E-02  0.2812604      5.2024610E-03  2.4553090E-03  0.0000000E+00  3.1123258E-04   4.738109       1.200746      0.1457976    
 day               1          10           2           1           2        1975           3                     1 hru0003            2.794589      2.1449914E-03  1.5014925E-02  0.1397295      1.0016168E-04  6.0059701E-04  0.0000000E+00  7.0878887E-06  0.0000000E+00  0.1420232      0.0000000E+00  1.0053412E-04   4.191884      9.6524563E-03  0.3172449      7.0037707E-03  7.5037360E-02  8.9826752E-03  6.3071186E-03  1.2689795E-02  2.8015079E-04  3.7518679E-03  8.9821237E-04  3.1535592E-04  0.0000000E+00  0.0000000E+00  0.0000000E+00  5.5122655E-08  0.0000000E+00  2.6589446E-02  5.8701157E-04  3.7514074E-03  0.0000000E+00  3.1535691E-04  0.3963039      0.1026912      7.7087004E-03
 day               2          25           2           1           2        1975           3                     1 hru0003            3.346183      2.9587119E-03  1.8409764E-02  0.3386408      3.5098423E-05  2.1839018E-04  0.7655996      9.4127655E-04  1.3096203E-03  0.0000000E+00  0.0000000E+00  0.0000000E+00   4.089779      1.1506103E-02  0.4007961      7.5751301E-03  7.0079818E-02  8.3892113E-03  9.5026363E-03  3.3266079E-02  6.2873581E-04  7.0080613E-03  8.3893066E-04  9.5026678E-04  0.0000000E+00  0.0000000E+00  1.6118279E-02  3.6072655E-04  2.1856031E-03  1.8780198E-02  3.5494968E-04  0.0000000E+00  0.0000000E+00  0.0000000E+00  0.3709632      9.5906593E-02  1.1614334E-02
 day               3          50           2           1           2        1975           3                     1 hru0003            5.647619      4.9943123E-03  3.1075725E-02  0.5715939      5.9246308E-05  3.6864373E-04   1.292120      1.5888767E-03  2.2106413E-03  0.0000000E+00  0.0000000E+00  0.0000000E+00   6.902646      1.9422330E-02  0.6766193      1.2788245E-02  0.1182953      1.4161062E-02  1.6040523E-02  5.6159399E-02  1.0614244E-03  1.1829669E-02  1.4161223E-03  1.6040577E-03  0.0000000E+00  0.0000000E+00  2.7207794E-02  6.0890964E-04  3.6893147E-03  3.1724483E-02  5.9959933E-04  0.0000000E+00  0.0000000E+00  0.0000000E+00  0.6262558      0.1618912      1.9605085E-02
 day               4         100           2           1           2        1975           3                     1 hru0003            7.856570      6.7933691E-03  4.2269856E-02  0.7953022      4.5297424E-05  2.8185066E-04   1.483558      1.9251727E-03  3.1558140E-03  0.0000000E+00  0.0000000E+00  0.0000000E+00   9.602475      2.6418660E-02  0.9676535      1.8288853E-02  0.1692273      2.0258097E-02  2.2946758E-02  7.8695983E-02  1.4873706E-03  1.6922876E-02  2.0258268E-03  2.2946836E-03  0.0000000E+00  0.0000000E+00  3.2162838E-02  8.2403282E-04  4.3612039E-03  4.6082430E-02  8.7096775E-04  0.0000000E+00  0.0000000E+00  0.0000000E+00  0.8956270      0.2315933      2.8046040E-02
 day               5         150           2           1           2        1975           3                     1 hru0003            7.970653      6.8931086E-03  4.2890441E-02  0.8069233      4.5962544E-05  2.8598908E-04   1.180273      1.6725863E-03  3.0987209E-03  0.0000000E+00  0.0000000E+00  0.0000000E+00   9.741910      2.6806530E-02  0.9819859      1.8559741E-02  0.1717126      2.0555608E-02  2.3283737E-02  7.7493660E-02  1.4646467E-03  1.7171329E-02  2.0555693E-03  2.3283812E-03  0.0000000E+00  0.0000000E+00  2.5639029E-02  7.7989115E-04  3.4765813E-03  4.8268653E-02  9.1228785E-04  0.0000000E+00  0.0000000E+00  0.0000000E+00  0.9088927      0.2349945      2.8457901E-02
 day               6         200           2           1           2        1975           3                     1 hru0003            2.180520      1.8860773E-03  1.1735594E-02  0.2207715      1.2576190E-05  7.8251855E-05  0.2587155      4.0216421E-04  8.2243094E-04  0.0000000E+00  0.0000000E+00  0.0000000E+00   2.665080      7.3347464E-03  0.2687285      5.0790249E-03  4.6983905E-02  5.6244140E-03  6.3708769E-03  2.0624362E-02  3.8980477E-04  4.6983911E-03  5.6244148E-04  6.3708972E-04  0.0000000E+00  0.0000000E+00  5.6331707E-03  1.9928324E-04  7.6383911E-04  1.3620730E-02  2.5743461E-04  0.0000000E+00  0.0000000E+00  0.0000000E+00  0.2487259      6.4299062E-02  7.7866279E-03
 day               7         300           2           1           2        1975           3                     1 hru0003            4.423762      3.8269258E-03  2.3811977E-02  0.4479278      2.5517618E-05  1.5877625E-04  0.3503362      6.6504785E-04  1.5802628E-03  0.0000000E+00  0.0000000E+00  0.0000000E+00   5.406821      1.4882488E-02  0.5453200      1.0306664E-02  9.5332511E-02  1.1412196E-02  1.2926796E-02  3.9825875E-02  7.5271749E-04  9.5331864E-03  1.1412118E-03  1.2926835E-03  0.0000000E+00  0.0000000E+00  7.6694814E-03  3.5397662E-04  1.0399456E-03  2.9187564E-02  5.5165112E-04  0.0000000E+00  0.0000000E+00  0.0000000E+00  0.5047296      0.1304658      1.5799418E-02
 day               8         450           2           1           2        1975           3                     1 hru0003            6.653164      5.7542464E-03  3.5804175E-02  0.6735790      3.8368751E-05  2.3873874E-04  0.2963898      8.0054632E-04  2.2184574E-03  0.0000000E+00  0.0000000E+00  0.0000000E+00   8.131645      2.2377616E-02  0.8198037      1.5494461E-02  0.1433430      1.7159497E-02  1.9436887E-02  5.6262109E-02  1.0633656E-03  1.4334082E-02  1.7159240E-03  1.9436940E-03  0.0000000E+00  0.0000000E+00  6.5639773E-03  4.3915224E-04  8.9002168E-04  4.6840120E-02  8.8528823E-04  0.0000000E+00  0.0000000E+00  0.0000000E+00  0.7587823      0.1961697      2.3756197E-02
 day               9         600           2           1           2        1975           3                     1 hru0003            3.819145      3.2714743E-03  2.0355826E-02  0.3845492      2.1812097E-05  1.3571962E-04  9.3255579E-02  3.8747481E-04  1.1923527E-03  0.0000000E+00  0.0000000E+00  0.0000000E+00   4.667845      1.2722394E-02  0.4624264      8.7399567E-03  8.1472315E-02  9.7530009E-03  1.1047932E-02  3.0170023E-02  5.7021983E-04  8.1471335E-03  9.7528845E-04  1.1047950E-03  0.0000000E+00  0.0000000E+00  2.0456873E-03  2.0743976E-04  2.7738733E-04  2.7712129E-02  5.2376499E-04  0.0000000E+00  0.0000000E+00  0.0000000E+00  0.4280061      0.1114976      1.3503029E-02
 day              10         750           2           1           2        1975           3                     1 hru0003            1.543239      1.3122415E-03  8.1650531E-03  0.1547430      8.7486378E-06  5.4435928E-05  1.7318532E-02  1.3755809E-04  4.5657583E-04  0.0000000E+00  0.0000000E+00  0.0000000E+00   1.886181      5.1031592E-03  0.1843558      3.4843632E-03  3.2672830E-02  3.9112442E-03  4.4307131E-03  1.1537950E-02  2.1806969E-04  3.2672640E-03  3.9112213E-04  4.4307156E-04  0.0000000E+00  0.0000000E+00  3.7555234E-04  6.9540169E-05  5.0925271E-05  1.1506403E-02  2.1747341E-04  0.0000000E+00  0.0000000E+00  0.0000000E+00  0.1706334      4.4713870E-02  5.4153167E-03
 day              11         900           2           1           2        1975           3                     1 hru0003            1.112163      9.4545307E-04  5.8828201E-03  0.1115026      6.3032667E-06  3.9220336E-05  1.8774271E-03  9.0081390E-05  3.1648611E-04  0.0000000E+00  0.0000000E+00  0.0000000E+00   1.359311      3.6767626E-03  0.1328430      2.3587591E-03  2.2852635E-02  2.7494349E-03  3.1922560E-03  8.0323918E-03  1.4262304E-04  2.2852479E-03  2.7494162E-04  3.1922577E-04  0.0000000E+00  0.0000000E+00  4.4474611E-05  4.1058345E-05  6.2102627E-06  8.5672075E-03  1.5211925E-04  0.0000000E+00  0.0000000E+00  0.0000000E+00  0.1282878      3.1291422E-02  3.9016462E-03
 day              12        1050           2           1           2        1975           3                     1 hru0003           0.5325621      4.5274562E-04  2.8170818E-03  5.0565094E-02  3.0184231E-06  1.8781284E-05  0.0000000E+00  3.9968349E-05  1.4672900E-04  2.8290190E-03  0.0000000E+00  0.0000000E+00  0.6509092      1.7606766E-03  6.3551754E-02  1.0137089E-03  1.0450123E-02  1.2667211E-03  1.5286626E-03  3.7338175E-03  5.9557817E-05  9.9220627E-04  1.2667108E-04  1.4514172E-04  0.0000000E+00  0.0000000E+00  0.0000000E+00  1.5950063E-05  0.0000000E+00  4.2055137E-03  6.7081812E-05  5.2797492E-05  0.0000000E+00  7.7246368E-06  6.5397218E-02  1.4320588E-02  1.8683656E-03
 day              13        1200           2           1           2        1975           3                     1 hru0003           0.5395412      4.5869252E-04  2.8540848E-03  4.8369672E-02  3.0580711E-06  1.9027986E-05  0.0000000E+00  3.8063543E-05  1.4466504E-04  5.7250857E-03  0.0000000E+00  0.0000000E+00  0.6594393      1.7838036E-03  6.4388104E-02  1.0270494E-03  1.0587398E-02  1.2833610E-03  1.5487432E-03  3.6929119E-03  5.8905331E-05  9.4915624E-04  1.2833496E-04  1.3884425E-04  0.0000000E+00  0.0000000E+00  0.0000000E+00  1.3669211E-05  0.0000000E+00  4.3492215E-03  6.9374080E-05  1.0957418E-04  0.0000000E+00  1.6030142E-05  6.6257857E-02  1.4508706E-02  1.8929084E-03
 day              14        1500           2           1           2        1975           3                     1 hru0003            1.096395      9.3213737E-04  5.7999641E-03  9.0229273E-02  6.2144977E-06  3.8667975E-05  0.0000000E+00  7.0496986E-05  2.8176775E-04  1.9698314E-02  0.0000000E+00  0.0000000E+00   1.340038      3.6249780E-03  0.1308512      2.0871968E-03  2.1515343E-02  2.6080017E-03  3.1473020E-03  7.2292518E-03  1.1531320E-04  1.7706337E-03  2.6079762E-04  2.5901140E-04  0.0000000E+00  0.0000000E+00  0.0000000E+00  2.0026608E-05  0.0000000E+00  9.1093816E-03  1.4530301E-04  3.8087950E-04  0.0000000E+00  5.5718934E-05  0.1346509      2.9484089E-02  3.8467024E-03
 day              15        1800           2           1           2        1975           3                     1 hru0003            1.113903      9.4705948E-04  5.8928109E-03  8.6419009E-02  6.3139842E-06  3.9286988E-05  0.0000000E+00  6.7160923E-05  2.7765648E-04  2.5266416E-02  0.0000000E+00  0.0000000E+00   1.361437      3.6830078E-03  0.1329500      2.1206748E-03  2.1859786E-02  2.6497536E-03  3.1976865E-03  7.1506854E-03  1.1406001E-04  1.6959291E-03  2.6497248E-04  2.4808338E-04  0.0000000E+00  0.0000000E+00  0.0000000E+00  1.4780468E-05  0.0000000E+00  9.4467849E-03  1.5068488E-04  4.9002585E-04  0.0000000E+00  7.1685412E-05  0.1368107      2.9956104E-02  3.9082835E-03
 day              16        2000           2           1           2        1975           3                     1 hru0003           0.7498372      6.3753955E-04  3.9669103E-03  5.6497164E-02  4.2504362E-06  2.6447142E-05  0.0000000E+00  4.3785560E-05  1.8402428E-04  1.8686220E-02  0.0000000E+00  0.0000000E+00  0.9164677      2.4793195E-03  8.9500785E-02  1.4276197E-03  1.4715535E-02  1.7837568E-03  2.1526131E-03  4.7486220E-03  7.5744880E-05  1.1087552E-03  1.7837371E-04  1.6219058E-04  0.0000000E+00  0.0000000E+00  0.0000000E+00  8.0651662E-06  0.0000000E+00  6.4235860E-03  1.0246209E-04  3.6278216E-04  0.0000000E+00  5.3070835E-05  9.2099778E-02  2.0165801E-02  2.6309716E-03
 day              -1          -1           2           1           2        1975           3                     1 hru0003            51.37985      4.4209082E-02  0.2767470       4.977343      4.2194841E-04  2.6028249E-03   5.739444      8.8773482E-03  1.7396204E-02  0.2142282      0.0000000E+00  0.0000000E+00   63.57387      0.1732350       6.239019      0.1173552       1.106138      0.1325480      0.1470612      0.4513129      8.4827095E-03  0.1054658      1.3254740E-02  1.4186577E-02  0.0000000E+00  0.0000000E+00  0.1234603      3.9565577E-03  1.6741032E-02  0.3424139      6.4474540E-03  5.1474669E-03  0.0000000E+00  5.1958690E-04   5.932425       1.513949      0.1797415    
 day               1          10           2           1           2        1975           4                     1 hru0004            2.680243      2.0466049E-03  1.4326224E-02  0.1340122      9.9504818E-05  5.7304895E-04  0.0000000E+00  2.8254290E-06  0.0000000E+00  0.1361853      0.0000000E+00  1.2348429E-04   4.020365      9.2097186E-03  0.2938463      6.4872042E-03  6.9468014E-02  8.3159730E-03  5.8389977E-03  1.1753853E-02  2.5948818E-04  3.4734006E-03  8.3154638E-04  2.9194989E-04  0.0000000E+00  0.0000000E+00  0.0000000E+00  5.0931703E-08  0.0000000E+00  2.4617426E-02  5.4347556E-04  3.4729750E-03  0.0000000E+00  2.9195054E-04  0.3670743      9.5069326E-02  7.1365535E-03
 day               2          25           2           1           2        1975           4                     1 hru0004            3.104613      2.7498656E-03  1.7110277E-02  0.3141897      3.3704971E-05  2.0971986E-04  0.7103325      8.7375072E-04  1.2104331E-03  0.0000000E+00  0.0000000E+00  0.0000000E+00   3.794527      1.0693923E-02  0.3710534      7.0129889E-03  6.4877570E-02  7.7664535E-03  8.7972227E-03  3.0797433E-02  5.8207806E-04  6.4878310E-03  7.7665423E-04  8.7972532E-04  0.0000000E+00  0.0000000E+00  1.4921768E-02  3.3394864E-04  2.0233584E-03  1.7388456E-02  3.2864552E-04  0.0000000E+00  0.0000000E+00  0.0000000E+00  0.3434345      8.8787138E-02  1.0752162E-02
 day               3          50           2           1           2        1975           4                     1 hru0004            5.239797      4.6416875E-03  2.8881604E-02  0.5303119      5.6893019E-05  3.5400092E-04   1.198821      1.4748638E-03  2.0431723E-03  0.0000000E+00  0.0000000E+00  0.0000000E+00   6.404197      1.8051006E-02  0.6263953      1.1839002E-02  0.1095116      1.3109571E-02  1.4849477E-02  5.1990807E-02  9.8263717E-04  1.0951290E-02  1.3109723E-03  1.4849528E-03  0.0000000E+00  0.0000000E+00  2.5187554E-02  5.6369649E-04  3.4153746E-03  2.9372863E-02  5.5515324E-04  0.0000000E+00  0.0000000E+00  0.0000000E+00  0.5797701      0.1498704      1.8149361E-02
 day               4         100           2           1           2        1975           4                     1 hru0004            7.930776      6.8575274E-03  4.2669062E-02  0.8028135      4.5725224E-05  2.8451256E-04   1.497571      1.9433551E-03  3.1856180E-03  0.0000000E+00  0.0000000E+00  0.0000000E+00   9.693172      2.6668165E-02  0.9767916      1.8461566E-02  0.1708255      2.0449420E-02  2.3163475E-02  7.9439163E-02  1.5014168E-03  1.7082701E-02  2.0449597E-03  2.3163550E-03  0.0000000E+00  0.0000000E+00  3.2466605E-02  8.3181495E-04  4.4023953E-03  4.6517476E-02  8.7919016E-04  0.0000000E+00  0.0000000E+00  0.0000000E+00  0.9040850      0.2337805      2.8310914E-02
 day               5         150           2           1           2        1975           4                     1 hru0004            8.045557      6.9578770E-03  4.3293446E-02  0.8145057      4.6394409E-05  2.8867627E-04   1.191365      1.6883020E-03  3.1278371E-03  0.0000000E+00  0.0000000E+00  0.0000000E+00   9.833460      2.7058408E-02  0.9912120      1.8734114E-02  0.1733260      2.0748753E-02  2.3502514E-02  7.8221738E-02  1.4784073E-03  1.7332675E-02  2.0748838E-03  2.3502591E-03  0.0000000E+00  0.0000000E+00  2.5879944E-02  7.8721927E-04  3.5092477E-03  4.8722014E-02  9.2085637E-04  0.0000000E+00  0.0000000E+00  0.0000000E+00  0.9174320      0.2372025      2.8725296E-02
 day               6         200           2           1           2        1975           4                     1 hru0004            2.252825      1.9486179E-03  1.2124726E-02  0.2280920      1.2993204E-05  8.0846548E-05  0.2672946      4.1549961E-04  8.4970135E-04  0.0000000E+00  0.0000000E+00  0.0000000E+00   2.753453      7.5779557E-03  0.2776386      5.2474276E-03  4.8541788E-02  5.8109071E-03  6.5821214E-03  2.1308193E-02  4.0272935E-04  4.8541795E-03  5.8109080E-04  6.5821421E-04  0.0000000E+00  0.0000000E+00  5.8199535E-03  2.0589103E-04  7.8916631E-04  1.4072297E-02  2.6596934E-04  0.0000000E+00  0.0000000E+00  0.0000000E+00  0.2569728      6.6431075E-02  8.0448156E-03
 day               7         300           2           1           2        1975           4                     1 hru0004            4.570192      3.9535910E-03  2.4600115E-02  0.4627540      2.6362210E-05  1.6403149E-04  0.3619334      6.8706012E-04  1.6325669E-03  0.0000000E+00  0.0000000E+00  0.0000000E+00   5.585790      1.5375074E-02  0.5633682      1.0647777E-02  9.8487861E-02  1.1789922E-02  1.3354653E-02  4.1143972E-02  7.7762973E-04  9.8487195E-03  1.1789842E-03  1.3354692E-03  0.0000000E+00  0.0000000E+00  7.9233348E-03  3.6569277E-04  1.0743671E-03  3.0153494E-02  5.6990731E-04  0.0000000E+00  0.0000000E+00  0.0000000E+00  0.5214344      0.1347840      1.6322354E-02
 day               8         450           2           1           2        1975           4                     1 hru0004            6.872854      5.9442283E-03  3.6986314E-02  0.6958196      3.9635532E-05  2.4662112E-04  0.3061780      8.2697714E-04  2.2917036E-03  0.0000000E+00  0.0000000E+00  0.0000000E+00   8.400155      2.3116447E-02  0.8468691      1.6006004E-02  0.1480757      1.7726054E-02  2.0078635E-02  5.8119576E-02  1.0984722E-03  1.4807350E-02  1.7725788E-03  2.0078693E-03  0.0000000E+00  0.0000000E+00  6.7807017E-03  4.5365188E-04  9.1940700E-04  4.8386443E-02  9.1451406E-04  0.0000000E+00  0.0000000E+00  0.0000000E+00  0.7838332      0.2026466      2.4540557E-02
 day               9         600           2           1           2        1975           4                     1 hru0004            3.944990      3.3792634E-03  2.1026522E-02  0.3972201      2.2530763E-05  1.4019138E-04  9.6328944E-02  4.0024141E-04  1.2316391E-03  0.0000000E+00  0.0000000E+00  0.0000000E+00   4.821655      1.3141578E-02  0.4776620      9.0279123E-03  8.4156714E-02  1.0074348E-02  1.1411947E-02  3.1164037E-02  5.8900687E-04  8.4155714E-03  1.0074228E-03  1.1411965E-03  0.0000000E+00  0.0000000E+00  2.1130890E-03  2.1427462E-04  2.8652698E-04  2.8625147E-02  5.4102141E-04  0.0000000E+00  0.0000000E+00  0.0000000E+00  0.4421077      0.1151713      1.3947937E-02
 day              10         750           2           1           2        1975           4                     1 hru0004            1.594026      1.3554245E-03  8.4337499E-03  0.1598353      9.0365347E-06  5.6227309E-05  1.7888576E-02  1.4208483E-04  4.7160091E-04  0.0000000E+00  0.0000000E+00  0.0000000E+00   1.948254      5.2710949E-03  0.1904225      3.5990253E-03  3.3748031E-02  4.0399558E-03  4.5765201E-03  1.1917637E-02  2.2524585E-04  3.3747833E-03  4.0399324E-04  4.5765226E-04  0.0000000E+00  0.0000000E+00  3.8791122E-04  7.1828516E-05  5.2601157E-05  1.1885044E-02  2.2462984E-04  0.0000000E+00  0.0000000E+00  0.0000000E+00  0.1762486      4.6185318E-02  5.5935252E-03
 day              11         900           2           1           2        1975           4                     1 hru0004            1.133343      9.6345722E-04  5.9948429E-03  0.1136259      6.4232986E-06  3.9967181E-05  1.9132197E-03  9.1796792E-05  3.2251273E-04  0.0000000E+00  0.0000000E+00  0.0000000E+00   1.385196      3.7467775E-03  0.1353725      2.4036726E-03  2.3287795E-02  2.8017899E-03  3.2530432E-03  8.1853373E-03  1.4533875E-04  2.3287639E-03  2.8017710E-04  3.2530449E-04  0.0000000E+00  0.0000000E+00  4.5320950E-05  4.1840161E-05  6.3284824E-06  8.7303380E-03  1.5501578E-04  0.0000000E+00  0.0000000E+00  0.0000000E+00  0.1307306      3.1887274E-02  3.9759418E-03
 day              12        1050           2           1           2        1975           4                     1 hru0004           0.5323324      4.5254963E-04  2.8158638E-03  5.0543290E-02  3.0171161E-06  1.8773164E-05  0.0000000E+00  3.9951046E-05  1.4666557E-04  2.8277747E-03  0.0000000E+00  0.0000000E+00  0.6506286      1.7599151E-03  6.3524239E-02  1.0132700E-03  1.0445606E-02  1.2661736E-03  1.5280020E-03  3.7322007E-03  5.9532031E-05  9.9177740E-04  1.2661632E-04  1.4507899E-04  0.0000000E+00  0.0000000E+00  0.0000000E+00  1.5943180E-05  0.0000000E+00  4.2036930E-03  6.7052766E-05  5.2774674E-05  0.0000000E+00  7.7213190E-06  6.5368906E-02  1.4314398E-02  1.8675580E-03
 day              13        1200           2           1           2        1975           4                     1 hru0004           0.5393137      4.5849857E-04  2.8528781E-03  4.8349276E-02  3.0567785E-06  1.9019943E-05  0.0000000E+00  3.8047445E-05  1.4460387E-04  5.7226382E-03  0.0000000E+00  0.0000000E+00  0.6591613      1.7830493E-03  6.4360842E-02  1.0266146E-03  1.0582923E-02  1.2828185E-03  1.5480885E-03  3.6913482E-03  5.8880396E-05  9.4875507E-04  1.2828071E-04  1.3878556E-04  0.0000000E+00  0.0000000E+00  0.0000000E+00  1.3663433E-05  0.0000000E+00  4.3473803E-03  6.9344722E-05  1.0952784E-04  0.0000000E+00  1.6023361E-05  6.6229805E-02  1.4502573E-02  1.8921084E-03
 day              14        1500           2           1           2        1975           4                     1 hru0004            1.095963      9.3176973E-04  5.7976763E-03  9.0193756E-02  6.2120466E-06  3.8652721E-05  0.0000000E+00  7.0469177E-05  2.8165663E-04  1.9690506E-02  0.0000000E+00  0.0000000E+00   1.339511      3.6235484E-03  0.1307995      2.0863716E-03  2.1506853E-02  2.6069726E-03  3.1460600E-03  7.2263945E-03  1.1526761E-04  1.7699350E-03  2.6069471E-04  2.5890919E-04  0.0000000E+00  0.0000000E+00  0.0000000E+00  2.0018721E-05  0.0000000E+00  9.1057811E-03  1.4524558E-04  3.8072933E-04  0.0000000E+00  5.5696961E-05  0.1345977      2.9472455E-02  3.8451848E-03
 day              15        1800           2           1           2        1975           4                     1 hru0004            1.113520      9.4673259E-04  5.8907787E-03  8.6389288E-02  6.3118050E-06  3.9273440E-05  0.0000000E+00  6.7137742E-05  2.7756073E-04  2.5257692E-02  0.0000000E+00  0.0000000E+00   1.360969      3.6817370E-03  0.1329041      2.1199423E-03  2.1852249E-02  2.6488400E-03  3.1965843E-03  7.1482155E-03  1.1402060E-04  1.6953443E-03  2.6488112E-04  2.4799787E-04  0.0000000E+00  0.0000000E+00  0.0000000E+00  1.4775374E-05  0.0000000E+00  9.4435252E-03  1.5063290E-04  4.8985693E-04  0.0000000E+00  7.1660703E-05  0.1367635      2.9945776E-02  3.9069364E-03
 day              16        2000           2           1           2        1975           4                     1 hru0004           0.7496120      6.3734740E-04  3.9657159E-03  5.6480195E-02  4.2491547E-06  2.6439173E-05  0.0000000E+00  4.3772361E-05  1.8396888E-04  1.8680584E-02  0.0000000E+00  0.0000000E+00  0.9161926      2.4785728E-03  8.9473784E-02  1.4271891E-03  1.4711104E-02  1.7832197E-03  2.1519652E-03  4.7471896E-03  7.5722033E-05  1.1084215E-03  1.7832001E-04  1.6214176E-04  0.0000000E+00  0.0000000E+00  0.0000000E+00  8.0627215E-06  0.0000000E+00  6.4216517E-03  1.0243124E-04  3.6267284E-04  0.0000000E+00  5.3054871E-05  9.2071995E-02  2.0159731E-02  2.6301797E-03
 day              -1          -1           2           1           2        1975           4                     1 hru0004            51.39996      4.4225045E-02  0.2767698       4.985136      4.2205089E-04  2.5800017E-03   5.649626      8.8061346E-03  1.7401239E-02  0.2083645      0.0000000E+00  0.0000000E+00   63.56668      0.1732369       6.231694      0.1171401       1.103406      0.1322212      0.1469793      0.4505871      8.4658731E-03  0.1054715      1.3222056E-02  1.4201861E-02  0.0000000E+00  0.0000000E+00  0.1215262      3.9423727E-03  1.6478773E-02  0.3419931      6.4330869E-03  4.8685367E-03  0.0000000E+00  4.9610774E-04   5.918156       1.510210      0.1796414    
 day               1          10           2           1           2        1975           5                     1 hru0005            3.082069      2.3923458E-03  1.6746406E-02  0.1541034      1.0181036E-04  6.6985621E-04  0.0000000E+00  1.7806924E-05  0.0000000E+00  0.1567003      0.0000000E+00  4.2815693E-05   4.623104      1.0765551E-02  0.3760778      8.3026197E-03  8.9040883E-02  1.0659029E-02  7.4841585E-03  1.5043113E-02  3.3210480E-04  4.4520441E-03  1.0658378E-03  3.7420791E-04  0.0000000E+00  0.0000000E+00  0.0000000E+00  6.5076165E-08  0.0000000E+00  3.1547874E-02  6.9647812E-04  4.4515012E-03  0.0000000E+00  3.7420890E-04  0.4697984      0.1218555      9.1473050E-03
 day               2          25           2           1           2        1975           5                     1 hru0005            3.953432      3.4836873E-03  2.1676278E-02  0.4001050      3.8598260E-05  2.4016698E-04  0.9045277      1.1110185E-03  1.5589640E-03  0.0000000E+00  0.0000000E+00  0.0000000E+00   4.831973      1.3547674E-02  0.4755637      8.9882538E-03  8.3157375E-02  9.9547179E-03  1.1275919E-02  3.9471786E-02  7.4602506E-04  8.3158324E-03  9.9548313E-04  1.1275958E-03  0.0000000E+00  0.0000000E+00  1.9126102E-02  4.2804156E-04  2.5934575E-03  2.2278722E-02  4.2107253E-04  0.0000000E+00  0.0000000E+00  0.0000000E+00  0.4401655      0.1138037      1.3781680E-02
 day               3          50           2           1           2        1975           5                     1 hru0005            6.672422      5.8803903E-03  3.6589071E-02  0.6753296      6.5153152E-05  4.0539712E-04   1.526570      1.8753757E-03  2.6314957E-03  0.0000000E+00  0.0000000E+00  0.0000000E+00   8.155183      2.2868175E-02  0.8028289      1.5173635E-02  0.1403683      1.6803397E-02  1.9033551E-02  6.6634797E-02  1.2594117E-03  1.4036988E-02  1.6803591E-03  1.9033614E-03  0.0000000E+00  0.0000000E+00  3.2284535E-02  7.2252669E-04  4.3777106E-03  3.7633710E-02  7.1128504E-04  0.0000000E+00  0.0000000E+00  0.0000000E+00  0.7430709      0.1920987      2.3263231E-02
 day               4         100           2           1           2        1975           5                     1 hru0005            7.722051      6.6770497E-03  4.1546091E-02  0.7816849      4.4521821E-05  2.7702469E-04   1.458158      1.8922095E-03  3.1017784E-03  0.0000000E+00  0.0000000E+00  0.0000000E+00   9.438063      2.5966307E-02  0.9510844      1.7975695E-02  0.1663297      1.9911230E-02  2.2553852E-02  7.7348486E-02  1.4619025E-03  1.6633114E-02  1.9911397E-03  2.2553927E-03  0.0000000E+00  0.0000000E+00  3.1612150E-02  8.0992351E-04  4.2865318E-03  4.5293279E-02  8.5605273E-04  0.0000000E+00  0.0000000E+00  0.0000000E+00  0.8802913      0.2276279      2.7565820E-02
 day               5         150           2           1           2        1975           5                     1 hru0005            7.833916      6.7748479E-03  4.2154610E-02  0.7930801      4.5173991E-05  2.8108258E-04   1.160025      1.6438907E-03  3.0455594E-03  0.0000000E+00  0.0000000E+00  0.0000000E+00   9.574787      2.6346633E-02  0.9651385      1.8241320E-02  0.1687667      2.0202957E-02  2.2884283E-02  7.6164156E-02  1.4395184E-03  1.6876740E-02  2.0203043E-03  2.2884358E-03  0.0000000E+00  0.0000000E+00  2.5199169E-02  7.6651154E-04  3.4169375E-03  4.7440395E-02  8.9663349E-04  0.0000000E+00  0.0000000E+00  0.0000000E+00  0.8932993      0.2309629      2.7969681E-02
 day               6         200           2           1           2        1975           5                     1 hru0005            2.209328      1.9109953E-03  1.1890629E-02  0.2236881      1.2742341E-05  7.9285623E-05  0.2621337      4.0747743E-04  8.3329587E-04  0.0000000E+00  0.0000000E+00  0.0000000E+00   2.700290      7.4316454E-03  0.2722782      5.1461151E-03  4.7604579E-02  5.6987144E-03  6.4550387E-03  2.0896794E-02  3.9495382E-04  4.7604586E-03  5.6987145E-04  6.4550590E-04  0.0000000E+00  0.0000000E+00  5.7075866E-03  2.0191591E-04  7.7392970E-04  1.3800612E-02  2.6083447E-04  0.0000000E+00  0.0000000E+00  0.0000000E+00  0.2520114      6.5148473E-02  7.8894924E-03
 day               7         300           2           1           2        1975           5                     1 hru0005            4.482021      3.8773208E-03  2.4125537E-02  0.4538265      2.5853647E-05  1.6086704E-04  0.3549504      6.7380554E-04  1.6010720E-03  0.0000000E+00  0.0000000E+00  0.0000000E+00   5.478026      1.5078465E-02  0.5525001      1.0442368E-02  9.6587859E-02  1.1562473E-02  1.3097015E-02  4.0350251E-02  7.6262822E-04  9.6587194E-03  1.1562394E-03  1.3097055E-03  0.0000000E+00  0.0000000E+00  7.7704759E-03  3.5863789E-04  1.0536393E-03  2.9571801E-02  5.5891328E-04  0.0000000E+00  0.0000000E+00  0.0000000E+00  0.5113752      0.1321837      1.6007464E-02
 day               8         450           2           1           2        1975           5                     1 hru0005            6.740416      5.8296937E-03  3.6273636E-02  0.6824117      3.8871829E-05  2.4186906E-04  0.3002777      8.1104279E-04  2.2475454E-03  0.0000000E+00  0.0000000E+00  0.0000000E+00   8.238287      2.2671025E-02  0.8305515      1.5697598E-02  0.1452225      1.7384494E-02  1.9691745E-02  5.6999721E-02  1.0773067E-03  1.4522029E-02  1.7384232E-03  1.9691801E-03  0.0000000E+00  0.0000000E+00  6.6500437E-03  4.4491049E-04  9.0169138E-04  4.7454156E-02  8.9689367E-04  0.0000000E+00  0.0000000E+00  0.0000000E+00  0.7687302      0.1987419      2.4067691E-02
 day               9         600           2           1           2        1975           5                     1 hru0005            3.869046      3.3142138E-03  2.0621762E-02  0.3895734      2.2097054E-05  1.3749269E-04  9.4474465E-02  3.9253695E-04  1.2079302E-03  0.0000000E+00  0.0000000E+00  0.0000000E+00   4.728834      1.2888605E-02  0.4684671      8.8541275E-03  8.2536682E-02  9.8804152E-03  1.1192268E-02  3.0564139E-02  5.7766866E-04  8.2535697E-03  9.8802976E-04  1.1192284E-03  0.0000000E+00  0.0000000E+00  2.0724125E-03  2.1014980E-04  2.8101157E-04  2.8074117E-02  5.3060660E-04  0.0000000E+00  0.0000000E+00  0.0000000E+00  0.4335972      0.1129542      1.3679439E-02
 day              10         750           2           1           2        1975           5                     1 hru0005            1.563358      1.3293481E-03  8.2714939E-03  0.1567603      8.8626857E-06  5.5145567E-05  1.7544374E-02  1.3935132E-04  4.6252782E-04  0.0000000E+00  0.0000000E+00  0.0000000E+00   1.910771      5.1696855E-03  0.1867590      3.5297840E-03  3.3098754E-02  3.9622313E-03  4.4884733E-03  1.1688354E-02  2.2091236E-04  3.3098562E-03  3.9622083E-04  4.4884757E-04  0.0000000E+00  0.0000000E+00  3.8044807E-04  7.0446637E-05  5.1589188E-05  1.1656388E-02  2.2030817E-04  0.0000000E+00  0.0000000E+00  0.0000000E+00  0.1728577      4.5296762E-02  5.4859123E-03
 day              11         900           2           1           2        1975           5                     1 hru0005            1.120486      9.5252803E-04  5.9268391E-03  0.1123369      6.3504349E-06  3.9513801E-05  1.8915161E-03  9.0755479E-05  3.1885429E-04  0.0000000E+00  0.0000000E+00  0.0000000E+00   1.369483      3.7042750E-03  0.1338370      2.3764083E-03  2.3193624E-02  2.7904599E-03  3.2161418E-03  8.0924947E-03  1.4369024E-04  2.3193469E-03  2.7904412E-04  3.2161438E-04  0.0000000E+00  0.0000000E+00  4.5137946E-05  4.1670952E-05  6.2567124E-06  8.6313076E-03  1.5325740E-04  0.0000000E+00  0.0000000E+00  0.0000000E+00  0.1292477      3.1758327E-02  3.9308402E-03
 day              12        1050           2           1           2        1975           5                     1 hru0005           0.5323983      4.5260583E-04  2.8162135E-03  5.0549544E-02  3.0174911E-06  1.8775496E-05  0.0000000E+00  3.9956009E-05  1.4668379E-04  2.8281286E-03  0.0000000E+00  0.0000000E+00  0.6507091      1.7601335E-03  6.3532256E-02  1.0133978E-03  1.0648674E-02  1.2907886E-03  1.5281916E-03  3.7326720E-03  5.9539540E-05  1.0110581E-03  1.2907782E-04  1.4509699E-04  0.0000000E+00  0.0000000E+00  0.0000000E+00  1.6253107E-05  0.0000000E+00  4.2042201E-03  6.7061163E-05  5.3800759E-05  0.0000000E+00  7.7222649E-06  6.5377153E-02  1.4592677E-02  1.8677898E-03
 day              13        1200           2           1           2        1975           5                     1 hru0005           0.5393790      4.5855428E-04  2.8532250E-03  4.8355125E-02  3.0571498E-06  1.9022256E-05  0.0000000E+00  3.8052069E-05  1.4462144E-04  5.7233423E-03  0.0000000E+00  0.0000000E+00  0.6592411      1.7832660E-03  6.4368784E-02  1.0267413E-03  1.0788630E-02  1.3077534E-03  1.5482767E-03  3.6918032E-03  5.8887657E-05  9.6719660E-04  1.3077421E-04  1.3880242E-04  0.0000000E+00  0.0000000E+00  0.0000000E+00  1.3928991E-05  0.0000000E+00  4.3479134E-03  6.9353235E-05  1.1165714E-04  0.0000000E+00  1.6025297E-05  6.6237979E-02  1.4784468E-02  1.8923383E-03
 day              14        1500           2           1           2        1975           5                     1 hru0005            1.096087      9.3187537E-04  5.7983343E-03  9.0203948E-02  6.2127510E-06  3.8657105E-05  0.0000000E+00  7.0477166E-05  2.8168858E-04  1.9692749E-02  0.0000000E+00  0.0000000E+00   1.339662      3.6239594E-03  0.1308146      2.0866126E-03  2.1924723E-02  2.6576251E-03  3.1464172E-03  7.2272280E-03  1.1528094E-04  1.8043241E-03  2.6575997E-04  2.5893858E-04  0.0000000E+00  0.0000000E+00  0.0000000E+00  2.0407606E-05  0.0000000E+00  9.1068232E-03  1.4526217E-04  3.8812705E-04  0.0000000E+00  5.5703276E-05  0.1346133      3.0045094E-02  3.8456211E-03
 day              15        1800           2           1           2        1975           5                     1 hru0005            1.113630      9.4682636E-04  5.8913622E-03  8.6397827E-02  6.3124303E-06  3.9277333E-05  0.0000000E+00  6.7144392E-05  2.7758820E-04  2.5260188E-02  0.0000000E+00  0.0000000E+00   1.361104      3.6821018E-03  0.1329175      2.1201570E-03  2.2276511E-02  2.7002674E-03  3.1969014E-03  7.1489383E-03  1.1403215E-04  1.7282596E-03  2.7002391E-04  2.4802246E-04  0.0000000E+00  0.0000000E+00  0.0000000E+00  1.5062134E-05  0.0000000E+00  9.4444677E-03  1.5064795E-04  4.9936830E-04  0.0000000E+00  7.1667804E-05  0.1367773      3.0527174E-02  3.9073243E-03
 day              16        2000           2           1           2        1975           5                     1 hru0005           0.7496769      6.3740264E-04  3.9660595E-03  5.6485087E-02  4.2495226E-06  2.6441463E-05  0.0000000E+00  4.3776156E-05  1.8398481E-04  1.8682212E-02  0.0000000E+00  0.0000000E+00  0.9162718      2.4787877E-03  8.9481726E-02  1.4273158E-03  1.4996535E-02  1.8178185E-03  2.1521517E-03  4.7476110E-03  7.5728756E-05  1.1299275E-03  1.8177992E-04  1.6215582E-04  0.0000000E+00  0.0000000E+00  0.0000000E+00  8.2190963E-06  0.0000000E+00  6.4222137E-03  1.0244021E-04  3.6971027E-04  0.0000000E+00  5.3059455E-05  9.2080168E-02  2.0550879E-02  2.6304077E-03
 day              -1          -1           2           1           2        1975           5                     1 hru0005            53.27972      4.5849681E-02  0.2871475       5.154891      4.3288493E-04  2.7298748E-03   6.080552      9.3146749E-03  1.8043591E-02  0.2288869      0.0000000E+00  0.0000000E+00   65.97579      0.1797663       6.496202      0.1224022       1.156542      0.1385844      0.1529444      0.4698023      8.8395914E-03  0.1097795      1.3858370E-02  1.4716092E-02  0.0000000E+00  0.0000000E+00  0.1308481      4.1286708E-03  1.7742757E-02  0.3569080      6.7371009E-03  5.8741644E-03  0.0000000E+00  5.7838694E-04   6.189531       1.582932      0.1869320    
 day               1          10           2           1           2        1975           6                     1 hru0006            3.018571      2.3377144E-03  1.6363973E-02  0.1509286      1.0144519E-04  6.5455888E-04  0.0000000E+00  1.5440528E-05  0.0000000E+00  0.1534584      0.0000000E+00  5.5556186E-05   4.527858      1.0519703E-02  0.3630858      8.0157956E-03  8.5948519E-02  1.0288844E-02  7.2242357E-03  1.4523434E-02  3.2063184E-04  4.2974260E-03  1.0288213E-03  3.6121177E-04  0.0000000E+00  0.0000000E+00  0.0000000E+00  6.3097104E-08  0.0000000E+00  3.0451855E-02  6.7228143E-04  4.2968998E-03  0.0000000E+00  3.6121265E-04  0.4535687      0.1176234      8.8296216E-03
 day               2          25           2           1           2        1975           6                     1 hru0006            3.819263      3.3676962E-03  2.0954525E-02  0.3865246      3.7823855E-05  2.3534810E-04  0.6689057      8.9281879E-04  1.4531452E-03  0.0000000E+00  0.0000000E+00  0.0000000E+00   4.667988      1.3096584E-02  0.4590448      8.6760437E-03  8.0268085E-02  9.6088434E-03  1.0884137E-02  3.6989339E-02  6.9910637E-04  8.0268662E-03  9.6089119E-04  1.0884173E-03  0.0000000E+00  0.0000000E+00  1.4154738E-02  3.8276269E-04  1.9193488E-03  2.2098046E-02  4.1765778E-04  0.0000000E+00  0.0000000E+00  0.0000000E+00  0.4248762      0.1098496      1.3302836E-02
 day               3          50           2           1           2        1975           6                     1 hru0006            6.445821      5.6844447E-03  3.5369880E-02  0.6523917      6.3844214E-05  3.9725291E-04   1.032400      1.4219411E-03  2.4214305E-03  0.0000000E+00  0.0000000E+00  0.0000000E+00   7.878226      2.2106178E-02  0.7749233      1.4646219E-02  0.1354879      1.6219171E-02  1.8371779E-02  6.1754897E-02  1.1671811E-03  1.3548861E-02  1.6219259E-03  1.8371842E-03  0.0000000E+00  0.0000000E+00  2.1864608E-02  6.2975415E-04  2.9647839E-03  3.7701502E-02  7.1256678E-04  0.0000000E+00  0.0000000E+00  0.0000000E+00  0.7172429      0.1854197      2.2454400E-02
 day               4         100           2           1           2        1975           6                     1 hru0006            8.883124      7.6809917E-03  4.7792841E-02  0.8992171      5.1215997E-05  3.1867734E-04   1.120018      1.6947611E-03  3.3773899E-03  0.0000000E+00  0.0000000E+00  0.0000000E+00   10.85715      2.9870527E-02   1.094086      2.0678453E-02  0.1913386      2.2905024E-02  2.5944985E-02  8.4611319E-02  1.5991717E-03  1.9133886E-02  2.2905057E-03  2.5945066E-03  0.0000000E+00  0.0000000E+00  2.4359560E-02  8.2724332E-04  3.3030848E-03  5.4985337E-02  1.0392345E-03  0.0000000E+00  0.0000000E+00  0.0000000E+00   1.012649      0.2618533      3.1710539E-02
 day               5         150           2           1           2        1975           6                     1 hru0006            9.011318      7.7930661E-03  4.8490193E-02  0.9122756      5.1963365E-05  3.2332764E-04  0.9290932      1.5404683E-03  3.3334016E-03  0.0000000E+00  0.0000000E+00  0.0000000E+00   11.01383      3.0306373E-02   1.110192      2.0982858E-02  0.1941313      2.3239337E-02  2.6323650E-02  8.3721481E-02  1.5823536E-03  1.9413088E-02  2.3239285E-03  2.6323735E-03  0.0000000E+00  0.0000000E+00  2.0255618E-02  7.8690960E-04  2.7465895E-03  5.7350554E-02  1.0839377E-03  0.0000000E+00  0.0000000E+00  0.0000000E+00   1.027556      0.2656752      3.2173350E-02
 day               6         200           2           1           2        1975           6                     1 hru0006            2.252493      1.9483273E-03  1.2122922E-02  0.2280582      1.2991267E-05  8.0834521E-05  0.1903262      3.4889646E-04  8.1139116E-04  0.0000000E+00  0.0000000E+00  0.0000000E+00   2.753047      7.5768270E-03  0.2775970      5.2466411E-03  4.8534568E-02  5.8100433E-03  6.5811430E-03  2.0430649E-02  3.8614354E-04  4.8534293E-03  5.8100105E-04  6.5811625E-04  0.0000000E+00  0.0000000E+00  4.1615171E-03  1.8417486E-04  5.6428363E-04  1.4731387E-02  2.7842631E-04  0.0000000E+00  0.0000000E+00  0.0000000E+00  0.2569343      6.6421196E-02  8.0436198E-03
 day               7         300           2           1           2        1975           6                     1 hru0006            4.569288      3.9528031E-03  2.4595205E-02  0.4626619      2.6356958E-05  1.6399875E-04  0.2628077      6.0123281E-04  1.5683998E-03  0.0000000E+00  0.0000000E+00  0.0000000E+00   5.584686      1.5372006E-02  0.5632547      1.0645633E-02  9.8468170E-02  1.1787564E-02  1.3351983E-02  3.9673656E-02  7.4984046E-04  9.8467022E-03  1.1787427E-03  1.3352024E-03  0.0000000E+00  0.0000000E+00  5.7871696E-03  3.2823242E-04  7.8470295E-04  3.1333365E-02  5.9220713E-04  0.0000000E+00  0.0000000E+00  0.0000000E+00  0.5213293      0.1347570      1.6319092E-02
 day               8         450           2           1           2        1975           6                     1 hru0006            6.871026      5.9426315E-03  3.6976375E-02  0.6956335      3.9624883E-05  2.4655485E-04  0.2192321      7.5162656E-04  2.2176399E-03  0.0000000E+00  0.0000000E+00  0.0000000E+00   8.397922      2.3110237E-02  0.8466397      1.6001668E-02  0.1480359      1.7721290E-02  2.0073239E-02  5.6422111E-02  1.0663897E-03  1.4803315E-02  1.7720957E-03  2.0073294E-03  0.0000000E+00  0.0000000E+00  4.9074218E-03  4.0888577E-04  6.6538877E-04  4.9815487E-02  9.4152312E-04  0.0000000E+00  0.0000000E+00  0.0000000E+00  0.7836209      0.2025922      2.4533961E-02
 day               9         600           2           1           2        1975           6                     1 hru0006            3.943709      3.3781575E-03  2.1019649E-02  0.3970906      2.2523391E-05  1.4014557E-04  6.3964576E-02  3.7241372E-04  1.1985868E-03  0.0000000E+00  0.0000000E+00  0.0000000E+00   4.820089      1.3137281E-02  0.4775052      9.0249488E-03  8.4129222E-02  1.0071057E-02  1.1408219E-02  3.0412100E-02  5.7479506E-04  8.4128091E-03  1.0070921E-03  1.1408236E-03  0.0000000E+00  0.0000000E+00  1.4226567E-03  1.9377412E-04  1.9290019E-04  2.9307932E-02  5.5392610E-04  0.0000000E+00  0.0000000E+00  0.0000000E+00  0.4419625      0.1151337      1.3943380E-02
 day              10         750           2           1           2        1975           6                     1 hru0006            1.593451      1.3549339E-03  8.4307007E-03  0.1597777      9.0332642E-06  5.6206987E-05  8.8132620E-03  1.3432198E-04  4.6101541E-04  0.0000000E+00  0.0000000E+00  0.0000000E+00   1.947551      5.2691884E-03  0.1903536      3.5977222E-03  3.3735838E-02  4.0384959E-03  4.5748660E-03  1.1678166E-02  2.2071978E-04  3.3735621E-03  4.0384699E-04  4.5748687E-04  0.0000000E+00  0.0000000E+00  1.9576983E-04  6.5132481E-05  2.6544876E-05  1.2110426E-02  2.2888964E-04  0.0000000E+00  0.0000000E+00  0.0000000E+00  0.1761848      4.6168633E-02  5.5915033E-03
 day              11         900           2           1           2        1975           6                     1 hru0006            1.132916      9.6309418E-04  5.9925821E-03  0.1108048      6.4208784E-06  3.9952109E-05  0.0000000E+00  8.7774482E-05  3.1642380E-04  2.7782992E-03  0.0000000E+00  0.0000000E+00   1.384675      3.7453647E-03  0.1353213      2.4027638E-03  2.3279006E-02  2.8007324E-03  3.2518157E-03  8.0474932E-03  1.4289118E-04  2.2768017E-03  2.8007122E-04  3.1804363E-04  0.0000000E+00  0.0000000E+00  0.0000000E+00  3.8024446E-05  0.0000000E+00  8.8591091E-03  1.5730223E-04  5.1082112E-05  0.0000000E+00  7.1381510E-06  0.1306812      3.1875238E-02  3.9744414E-03
 day              12        1050           2           1           2        1975           6                     1 hru0006           0.5321309      4.5237815E-04  2.8147956E-03  4.8865832E-02  3.0159731E-06  1.8766043E-05  0.0000000E+00  3.8526130E-05  1.4432600E-04  4.4849999E-03  0.0000000E+00  0.0000000E+00  0.6503822      1.7592476E-03  6.3500084E-02  1.0128847E-03  1.0441643E-02  1.2656931E-03  1.5274221E-03  3.6792578E-03  5.8687539E-05  9.5886103E-04  1.2656824E-04  1.4026390E-04  0.0000000E+00  0.0000000E+00  0.0000000E+00  1.4516074E-05  0.0000000E+00  4.2526685E-03  6.7833971E-05  8.5294421E-05  0.0000000E+00  1.2478384E-05  6.5344051E-02  1.4308967E-02  1.8668494E-03
 day              13        1200           2           1           2        1975           6                     1 hru0006           0.5391139      4.5832811E-04  2.8518185E-03  4.7034182E-02  3.0556423E-06  1.9012879E-05  0.0000000E+00  3.6930498E-05  1.4264800E-04  7.0176758E-03  0.0000000E+00  0.0000000E+00  0.6589170      1.7823868E-03  6.4336903E-02  1.0262327E-03  1.0578992E-02  1.2823420E-03  1.5475136E-03  3.6470629E-03  5.8174002E-05  9.2294818E-04  1.2823302E-04  1.3501049E-04  0.0000000E+00  0.0000000E+00  0.0000000E+00  1.2459685E-05  0.0000000E+00  4.3879272E-03  6.9991482E-05  1.3494125E-04  0.0000000E+00  1.9740968E-05  6.6205166E-02  1.4497187E-02  1.8914057E-03
 day              14        1500           2           1           2        1975           6                     1 hru0006            1.095584      9.3144714E-04  5.7956674E-03  8.8502623E-02  6.2098961E-06  3.8639329E-05  0.0000000E+00  6.9033551E-05  2.7889284E-04  2.1343552E-02  0.0000000E+00  0.0000000E+00   1.339047      3.6222930E-03  0.1307540      2.0856466E-03  2.1499395E-02  2.6060687E-03  3.1449692E-03  7.1637314E-03  1.1426810E-04  1.7367476E-03  2.6060425E-04  2.5405450E-04  0.0000000E+00  0.0000000E+00  0.0000000E+00  1.8298742E-05  0.0000000E+00  9.1618039E-03  1.4613921E-04  4.1317032E-04  0.0000000E+00  6.0442544E-05  0.1345510      2.9462235E-02  3.8438514E-03
 day              15        1800           2           1           2        1975           6                     1 hru0006            1.113183      9.4644522E-04  5.8889911E-03  8.5246503E-02  6.3098882E-06  3.9261518E-05  0.0000000E+00  6.6168002E-05  2.7557003E-04  2.6366606E-02  0.0000000E+00  0.0000000E+00   1.360557      3.6806199E-03  0.1328637      2.1192976E-03  2.1845615E-02  2.6480358E-03  3.1956139E-03  7.1030287E-03  1.1329984E-04  1.6729167E-03  2.6480071E-04  2.4471711E-04  0.0000000E+00  0.0000000E+00  0.0000000E+00  1.3529119E-05  0.0000000E+00  9.4830124E-03  1.5126276E-04  5.1162101E-04  0.0000000E+00  7.4844429E-05  0.1367219      2.9936686E-02  3.9057506E-03
 day              16        2000           2           1           2        1975           6                     1 hru0006           0.7494138      6.3717843E-04  3.9646644E-03  5.5883236E-02  4.2480278E-06  2.6432162E-05  0.0000000E+00  4.3265900E-05  1.8289633E-04  1.9257642E-02  0.0000000E+00  0.0000000E+00  0.9159502      2.4779157E-03  8.9450017E-02  1.4268099E-03  1.4707204E-02  1.7827470E-03  2.1513945E-03  4.7228299E-03  7.5333475E-05  1.0967054E-03  1.7827272E-04  1.6042791E-04  0.0000000E+00  0.0000000E+00  0.0000000E+00  7.3892006E-06  0.0000000E+00  6.4427024E-03  1.0276702E-04  3.7399866E-04  0.0000000E+00  5.4711665E-05  9.2047535E-02  2.0154385E-02  2.6294824E-03
 day              -1          -1           2           1           2        1975           6                     1 hru0006            55.57040      4.7829635E-02  0.2994248       5.380896      4.4608273E-04  2.7989699E-03   4.495562      8.1156194E-03  1.8183161E-02  0.2347072      0.0000000E+00  0.0000000E+00   68.75789      0.1874327       6.772907      0.1275896       1.202430      0.1440753      0.1595570      0.4745806      8.9289872E-03  0.1143749      1.4407401E-02  1.5365169E-02  0.0000000E+00  0.0000000E+00  9.7109064E-02  3.9111497E-03  1.3167627E-02  0.3824731      7.2159469E-03  5.8670072E-03  0.0000000E+00  5.9056882E-04   6.441474       1.645729      0.1950141    
 day               1          10           2           1           2        1975           7                     1 hru0007            1.854610      1.3362081E-03  9.3534580E-03  9.2730500E-02  6.6810404E-05  3.7413833E-04  0.0000000E+00  0.0000000E+00  0.0000000E+00  9.4033085E-02  2.7959715E-05  2.8925258E-04   2.781915      6.0129375E-03  0.1248781      2.7569178E-03  2.9249996E-02  3.5014988E-03  2.4585428E-03  4.9951253E-03  1.1027671E-04  1.4624998E-03  3.5012772E-04  1.2292714E-04  0.0000000E+00  0.0000000E+00  0.0000000E+00  2.2148015E-08  0.0000000E+00  1.0376500E-02  2.2908059E-04  1.4623147E-03  0.0000000E+00  1.2292746E-04  0.1559984      4.0029608E-02  3.0048860E-03
 day               2          25           2           1           2        1975           7                     1 hru0007            1.360557      1.2421099E-03  7.7286731E-03  0.1376610      2.3653649E-05  1.4717806E-04  0.2383176      3.1959303E-04  4.7558919E-04  0.0000000E+00  0.0000000E+00  0.0000000E+00   1.662903      4.8304228E-03  0.1563158      2.9544013E-03  2.7317967E-02  3.2702170E-03  3.7042419E-03  1.2595739E-02  2.3806213E-04  2.7318168E-03  3.2702408E-04  3.7042540E-04  0.0000000E+00  0.0000000E+00  4.8172744E-03  1.3026665E-04  6.5321079E-04  7.5378586E-03  1.4246708E-04  0.0000000E+00  0.0000000E+00  0.0000000E+00  0.1446806      3.7385561E-02  4.5274072E-03
 day               3          50           2           1           2        1975           7                     1 hru0007            2.296398      2.0967494E-03  1.3046428E-02  0.2323663      3.9928716E-05  2.4844508E-04  0.3678551      5.0810963E-04  7.9124409E-04  0.0000000E+00  0.0000000E+00  0.0000000E+00   2.806708      8.1540197E-03  0.2638997      4.9877609E-03  4.6114415E-02  5.5203284E-03  6.2529859E-03  2.1030560E-02  3.9748207E-04  4.6114661E-03  5.5203575E-04  6.2530069E-04  0.0000000E+00  0.0000000E+00  7.4416986E-03  2.1434127E-04  1.0090749E-03  1.2858693E-02  2.4303200E-04  0.0000000E+00  0.0000000E+00  0.0000000E+00  0.2442566      6.3109137E-02  7.6425388E-03
 day               4         100           2           1           2        1975           7                     1 hru0007            3.154424      2.7275519E-03  1.6971430E-02  0.3193152      1.8187013E-05  1.1316361E-04  0.3976393      6.0174556E-04  1.1992906E-03  0.0000000E+00  0.0000000E+00  0.0000000E+00   3.855408      1.0607145E-02  0.3885150      7.3430156E-03  6.7945085E-02  8.1336638E-03  9.2131663E-03  3.0045090E-02  5.6785857E-04  6.7945174E-03  8.1336749E-04  9.2131959E-04  0.0000000E+00  0.0000000E+00  8.6484049E-03  2.9373838E-04  1.1726982E-03  1.9526443E-02  3.6905392E-04  0.0000000E+00  0.0000000E+00  0.0000000E+00  0.3595963      9.2985146E-02  1.1260537E-02
 day               5         150           2           1           2        1975           7                     1 hru0007            3.200448      2.7677875E-03  1.7221784E-02  0.3240034      1.8455325E-05  1.1483308E-04  0.3299440      5.4708659E-04  1.1838765E-03  0.0000000E+00  0.0000000E+00  0.0000000E+00   3.911659      1.0763616E-02  0.3942971      7.4522980E-03  6.8947703E-02  8.2536871E-03  9.3491105E-03  2.9734284E-02  5.6198426E-04  6.8947542E-03  8.2536682E-04  9.3491405E-04  0.0000000E+00  0.0000000E+00  7.1933270E-03  2.7947046E-04  9.7538932E-04  2.0369187E-02  3.8498192E-04  0.0000000E+00  0.0000000E+00  0.0000000E+00  0.3649479      9.4357260E-02  1.1426692E-02
 day               6         200           2           1           2        1975           7                     1 hru0007            2.181056      1.8865470E-03  1.1738512E-02  0.2208261      1.2579321E-05  7.8271318E-05  0.1842893      3.3783319E-04  7.8566244E-04  0.0000000E+00  0.0000000E+00  0.0000000E+00   2.665735      7.3365709E-03  0.2687958      5.0802967E-03  4.6995573E-02  5.6258109E-03  6.3724602E-03  1.9782895E-02  3.7390087E-04  4.6995301E-03  5.6257786E-04  6.3724793E-04  0.0000000E+00  0.0000000E+00  4.0295590E-03  1.7833483E-04  5.4639066E-04  1.4264440E-02  2.6960095E-04  0.0000000E+00  0.0000000E+00  0.0000000E+00  0.2487882      6.4315028E-02  7.7885631E-03
 day               7         300           2           1           2        1975           7                     1 hru0007            4.425224      3.8282033E-03  2.3819927E-02  0.4480767      2.5526138E-05  1.5882927E-04  0.2545195      5.8228063E-04  1.5189616E-03  0.0000000E+00  0.0000000E+00  0.0000000E+00   5.408607      1.4887456E-02  0.5455036      1.0310131E-02  9.5364347E-02  1.1416007E-02  1.2931113E-02  3.8423330E-02  7.2620891E-04  9.5363231E-03  1.1415873E-03  1.2931152E-03  0.0000000E+00  0.0000000E+00  5.6047477E-03  3.1788612E-04  7.5996772E-04  3.0346066E-02  5.7354697E-04  0.0000000E+00  0.0000000E+00  0.0000000E+00  0.5048995      0.1305093      1.5804695E-02
 day               8         450           2           1           2        1975           7                     1 hru0007            6.656117      5.7568238E-03  3.5820227E-02  0.6738797      3.8385941E-05  2.3884579E-04  0.2123712      7.2812563E-04  2.1483004E-03  0.0000000E+00  0.0000000E+00  0.0000000E+00   8.135255      2.2387644E-02  0.8201743      1.5501467E-02  0.1434073      1.7167196E-02  1.9445606E-02  5.4658391E-02  1.0330551E-03  1.4340459E-02  1.7166876E-03  1.9445657E-03  0.0000000E+00  0.0000000E+00  4.7539799E-03  3.9610080E-04  6.4458442E-04  4.8258469E-02  9.1209519E-04  0.0000000E+00  0.0000000E+00  0.0000000E+00  0.7591254      0.1962577      2.3766853E-02
 day               9         600           2           1           2        1975           7                     1 hru0007            3.821211      3.2732543E-03  2.0366902E-02  0.3847580      2.1823966E-05  1.3579347E-04  6.1976135E-02  3.6084899E-04  1.1613657E-03  0.0000000E+00  0.0000000E+00  0.0000000E+00   4.670370      1.2729317E-02  0.4626793      8.7447362E-03  8.1516653E-02  9.7583076E-03  1.1053944E-02  2.9467847E-02  5.5694848E-04  8.1515545E-03  9.7581744E-04  1.1053961E-03  0.0000000E+00  0.0000000E+00  1.3784785E-03  1.8775673E-04  1.8690981E-04  2.8397962E-02  5.3672749E-04  0.0000000E+00  0.0000000E+00  0.0000000E+00  0.4282402      0.1115583      1.3510376E-02
 day              10         750           2           1           2        1975           7                     1 hru0007            1.544164      1.3130300E-03  8.1699584E-03  0.1548359      8.7538947E-06  5.4468634E-05  8.5403919E-03  1.3016781E-04  4.4675724E-04  0.0000000E+00  0.0000000E+00  0.0000000E+00   1.887312      5.1062256E-03  0.1844668      3.4864617E-03  3.2692466E-02  3.9135949E-03  4.4333758E-03  1.1317015E-02  2.1389396E-04  3.2692261E-03  3.9135703E-04  4.4333783E-04  0.0000000E+00  0.0000000E+00  1.8971483E-04  6.3118030E-05  2.5723886E-05  1.1735907E-02  2.2181116E-04  0.0000000E+00  0.0000000E+00  0.0000000E+00  0.1707362      4.4740744E-02  5.4185707E-03
 day              11         900           2           1           2        1975           7                     1 hru0007            1.112858      9.4604591E-04  5.8865058E-03  0.1088431      6.3072193E-06  3.9244904E-05  0.0000000E+00  8.6220745E-05  3.1082268E-04  2.7293041E-03  0.0000000E+00  0.0000000E+00   1.360160      3.6790669E-03  0.1329264      2.3602389E-03  2.2866951E-02  2.7511574E-03  3.1942555E-03  7.9050651E-03  1.4036224E-04  2.2365008E-03  2.7511374E-04  3.1241399E-04  0.0000000E+00  0.0000000E+00  0.0000000E+00  3.7351419E-05  0.0000000E+00  8.7023126E-03  1.5451817E-04  5.0177565E-05  0.0000000E+00  7.0117530E-06  0.1283683      3.1311024E-02  3.9040905E-03
 day              12        1050           2           1           2        1975           7                     1 hru0007           0.5328959      4.5303002E-04  2.8188515E-03  4.8936084E-02  3.0203189E-06  1.8793084E-05  0.0000000E+00  3.8581642E-05  1.4453397E-04  4.4915490E-03  0.0000000E+00  0.0000000E+00  0.6513172      1.7617827E-03  6.3591756E-02  1.0143470E-03  1.0456690E-02  1.2675171E-03  1.5296232E-03  3.6845692E-03  5.8772275E-05  9.6024276E-04  1.2675062E-04  1.4046601E-04  0.0000000E+00  0.0000000E+00  0.0000000E+00  1.4537014E-05  0.0000000E+00  4.2588050E-03  6.7931833E-05  8.5417239E-05  0.0000000E+00  1.2496384E-05  6.5438390E-02  1.4329587E-02  1.8695396E-03
 day              13        1200           2           1           2        1975           7                     1 hru0007           0.5398716      4.5897372E-04  2.8558355E-03  4.7100279E-02  3.0599463E-06  1.9039659E-05  0.0000000E+00  3.6982521E-05  1.4284895E-04  7.0276372E-03  0.0000000E+00  0.0000000E+00  0.6598431      1.7848974E-03  6.4427696E-02  1.0276810E-03  1.0593895E-02  1.2841485E-03  1.5496935E-03  3.6522094E-03  5.8256104E-05  9.2424836E-04  1.2841368E-04  1.3520067E-04  0.0000000E+00  0.0000000E+00  0.0000000E+00  1.2477220E-05  0.0000000E+00  4.3941159E-03  7.0090173E-05  1.3513141E-04  0.0000000E+00  1.9768777E-05  6.6298604E-02  1.4517609E-02  1.8940701E-03
 day              14        1500           2           1           2        1975           7                     1 hru0007            1.097021      9.3267008E-04  5.8032810E-03  8.8618666E-02  6.2180488E-06  3.8690083E-05  0.0000000E+00  6.9124188E-05  2.7925920E-04  2.1371730E-02  0.0000000E+00  0.0000000E+00   1.340803      3.6270507E-03  0.1309262      2.0883926E-03  2.1527650E-02  2.6094934E-03  3.1491022E-03  7.1731629E-03  1.1441854E-04  1.7390300E-03  2.6094672E-04  2.5438835E-04  0.0000000E+00  0.0000000E+00  0.0000000E+00  1.8322782E-05  0.0000000E+00  9.1738580E-03  1.4633144E-04  4.1371351E-04  0.0000000E+00  6.0521998E-05  0.1347281      2.9500954E-02  3.8489026E-03
 day              15        1800           2           1           2        1975           7                     1 hru0007            1.114457      9.4753085E-04  5.8957483E-03  8.5344113E-02  6.3171265E-06  3.9306571E-05  0.0000000E+00  6.6243905E-05  2.7588621E-04  2.6396967E-02  0.0000000E+00  0.0000000E+00   1.362115      3.6848427E-03  0.1330165      2.1217349E-03  2.1870688E-02  2.6510751E-03  3.1992816E-03  7.1111973E-03  1.1343014E-04  1.6748369E-03  2.6510464E-04  2.4499799E-04  0.0000000E+00  0.0000000E+00  0.0000000E+00  1.3544661E-05  0.0000000E+00  9.4939079E-03  1.5143651E-04  5.1220821E-04  0.0000000E+00  7.4930314E-05  0.1368791      2.9971046E-02  3.9102333E-03
 day              16        2000           2           1           2        1975           7                     1 hru0007           0.7501622      6.3781632E-04  3.9686332E-03  5.5939049E-02  4.2522806E-06  2.6458625E-05  0.0000000E+00  4.3309214E-05  1.8307941E-04  1.9276969E-02  0.0000000E+00  0.0000000E+00  0.9168650      2.4803963E-03  8.9539759E-02  1.4282415E-03  1.4721930E-02  1.7845320E-03  2.1535484E-03  4.7275685E-03  7.5409065E-05  1.0978035E-03  1.7845123E-04  1.6058852E-04  0.0000000E+00  0.0000000E+00  0.0000000E+00  7.3965784E-06  0.0000000E+00  6.4491574E-03  1.0286998E-04  3.7437328E-04  0.0000000E+00  5.4766439E-05  9.2139885E-02  2.0174565E-02  2.6321150E-03
 day              -1          -1           2           1           2        1975           7                     1 hru0007            35.64147      3.0604333E-02  0.1914662       3.423234      3.0327932E-04  1.8454994E-03   2.055453      4.4562528E-03  1.1047479E-02  0.1753272      0.0000000E+00  0.0000000E+00   44.07697      0.1198334       4.223954      7.8658111E-02  0.7415894      8.8908233E-02  9.9990048E-02  0.2863041      5.3403196E-03  7.1124822E-02  8.8907294E-03  9.6466057E-03  0.0000000E+00  0.0000000E+00  4.4057183E-02  2.1646651E-03  5.9739500E-03  0.2461437      4.5755752E-03  3.0333360E-03  0.0000000E+00  3.5242311E-04   4.005122       1.015053      0.1222101    
 day               1          10           2           1           2        1975           8                     1 hru0008            1.443278      9.8229817E-04  6.8760854E-03  7.2163902E-02  4.9114908E-05  2.7504342E-04  0.0000000E+00  0.0000000E+00  0.0000000E+00  7.3032849E-02  4.3278927E-05  3.7171325E-04   2.164917      4.4203415E-03  4.0740289E-02  8.9941768E-04  9.2234956E-03  1.1041390E-03  7.7525078E-04  1.6296115E-03  3.5976707E-05  4.6117479E-04  1.1040609E-04  3.8762540E-05  0.0000000E+00  0.0000000E+00  0.0000000E+00  7.8143785E-09  0.0000000E+00  3.2856725E-03  7.2537339E-05  4.6110954E-04  0.0000000E+00  3.8762642E-05  5.0892979E-02  1.2622666E-02  9.4752881E-04
 day               2          25           2           1           2        1975           8                     1 hru0008           0.4918456      4.9101160E-04  3.0551769E-03  4.9732231E-02  1.8628221E-05  1.1590870E-04  8.6185031E-02  1.1705857E-04  1.3027372E-04  0.0000000E+00  0.0000000E+00  0.0000000E+00  0.6011447      1.9094869E-03  4.9368296E-02  9.3307113E-04  8.6119249E-03  1.0309282E-03  1.1677517E-03  3.9780368E-03  7.5185730E-05  8.6119852E-04  1.0309355E-04  1.1677555E-04  0.0000000E+00  0.0000000E+00  1.5186322E-03  4.1066269E-05  2.0592248E-04  2.3939810E-03  4.5246750E-05  0.0000000E+00  0.0000000E+00  0.0000000E+00  4.5693610E-02  1.1785709E-02  1.4272522E-03
 day               3          50           2           1           2        1975           8                     1 hru0008           0.8298235      8.2851457E-04  5.1551927E-03  8.3912045E-02  3.1432613E-05  1.9558036E-04  0.1329829      1.8512024E-04  2.1524448E-04  0.0000000E+00  0.0000000E+00  0.0000000E+00   1.014229      3.2219975E-03  8.3312325E-02  1.5746203E-03  1.4531494E-02  1.7395562E-03  1.9704271E-03  6.6392808E-03  1.2548378E-04  1.4531569E-03  1.7395651E-04  1.9704338E-04  0.0000000E+00  0.0000000E+00  2.3450102E-03  6.7542831E-05  3.1797666E-04  4.0794206E-03  7.7101911E-05  0.0000000E+00  0.0000000E+00  0.0000000E+00  7.7111028E-02  1.9886840E-02  2.4083001E-03
 day               4         100           2           1           2        1975           8                     1 hru0008            5.341774      4.6188291E-03  2.8739385E-02  0.5407311      3.0797837E-05  1.9163101E-04  0.6734300      1.0190413E-03  2.0308988E-03  0.0000000E+00  0.0000000E+00  0.0000000E+00   6.528835      1.7962117E-02  0.6579029      1.2434503E-02  0.1150580      1.3773528E-02  1.5601556E-02  5.0878219E-02  9.6160907E-04  1.1505821E-02  1.3773547E-03  1.5601605E-03  0.0000000E+00  0.0000000E+00  1.4646358E-02  4.9742847E-04  1.9860030E-03  3.3064060E-02  6.2491756E-04  0.0000000E+00  0.0000000E+00  0.0000000E+00  0.6089325      0.1574608      1.9068569E-02
 day               5         150           2           1           2        1975           8                     1 hru0008            5.414732      4.6826159E-03  2.9136280E-02  0.5481633      3.1223200E-05  1.9427772E-04  0.5582455      9.2559005E-04  2.0029226E-03  0.0000000E+00  0.0000000E+00  0.0000000E+00   6.618007      1.8210175E-02  0.6670699      1.2607761E-02  0.1166475      1.3963805E-02  1.5817074E-02  5.0304502E-02  9.5076568E-04  1.1664726E-02  1.3963771E-03  1.5817124E-03  0.0000000E+00  0.0000000E+00  1.2170224E-02  4.7282036E-04  1.6502389E-03  3.4458853E-02  6.5127946E-04  0.0000000E+00  0.0000000E+00  0.0000000E+00  0.6174172      0.1596361      1.9331979E-02
 day               6         200           2           1           2        1975           8                     1 hru0008            2.246358      1.9429682E-03  1.2089577E-02  0.2274335      1.2955530E-05  8.0612161E-05  0.1898115      3.4793705E-04  8.0915942E-04  0.0000000E+00  0.0000000E+00  0.0000000E+00   2.745548      7.5559868E-03  0.2768274      5.2320966E-03  4.8401032E-02  5.7940576E-03  6.5630367E-03  2.0374011E-02  3.8507310E-04  4.8400750E-03  5.7940243E-04  6.5630564E-04  0.0000000E+00  0.0000000E+00  4.1500740E-03  1.8366828E-04  5.6273193E-04  1.4690001E-02  2.7764411E-04  0.0000000E+00  0.0000000E+00  0.0000000E+00  0.2562220      6.6238448E-02  8.0214897E-03
 day               7         300           2           1           2        1975           8                     1 hru0008            4.552516      3.9381483E-03  2.4504026E-02  0.4609540      2.6259229E-05  1.6339071E-04  0.2618527      5.9900380E-04  1.5625856E-03  0.0000000E+00  0.0000000E+00  0.0000000E+00   5.564188      1.5315019E-02  0.5611500      1.0605853E-02  9.8103046E-02  1.1743855E-02  1.3302475E-02  3.9525405E-02  7.4703852E-04  9.8101888E-03  1.1743717E-03  1.3302516E-03  0.0000000E+00  0.0000000E+00  5.7657119E-03  3.2701541E-04  7.8179338E-04  3.1215303E-02  5.8997585E-04  0.0000000E+00  0.0000000E+00  0.0000000E+00  0.5193813      0.1342573      1.6258582E-02
 day               8         450           2           1           2        1975           8                     1 hru0008            6.836935      5.9128487E-03  3.6791060E-02  0.6921622      3.9426282E-05  2.4531910E-04  0.2181643      7.4785971E-04  2.2065258E-03  0.0000000E+00  0.0000000E+00  0.0000000E+00   8.356255      2.2994414E-02  0.8423622      1.5920822E-02  0.1472938      1.7632447E-02  1.9972613E-02  5.6137044E-02  1.0610019E-03  1.4729103E-02  1.7632118E-03  1.9972667E-03  0.0000000E+00  0.0000000E+00  4.8828181E-03  4.0683569E-04  6.6205370E-04  4.9562898E-02  9.3674927E-04  0.0000000E+00  0.0000000E+00  0.0000000E+00  0.7796617      0.2015765      2.4410972E-02
 day               9         600           2           1           2        1975           8                     1 hru0008            3.919665      3.3574442E-03  2.0890765E-02  0.3946618      2.2385278E-05  1.3928619E-04  6.3582391E-02  3.7013026E-04  1.1912376E-03  0.0000000E+00  0.0000000E+00  0.0000000E+00   4.790701      1.3056729E-02  0.4745636      8.9693516E-03  8.3613284E-02  1.0009294E-02  1.1338258E-02  3.0224748E-02  5.7125412E-04  8.3612157E-03  1.0009160E-03  1.1338275E-03  0.0000000E+00  0.0000000E+00  1.4139321E-03  1.9258563E-04  1.9171718E-04  2.9127289E-02  5.5051193E-04  0.0000000E+00  0.0000000E+00  0.0000000E+00  0.4392399      0.1144276      1.3857871E-02
 day              10         750           2           1           2        1975           8                     1 hru0008            1.582594      1.3456811E-03  8.3731245E-03  0.1586876      8.9715759E-06  5.5823122E-05  8.7546110E-03  1.3340470E-04  4.5786699E-04  0.0000000E+00  0.0000000E+00  0.0000000E+00   1.934281      5.2332035E-03  0.1890511      3.5731047E-03  3.3505425E-02  4.0109134E-03  4.5436211E-03  1.1598257E-02  2.1920951E-04  3.3505210E-03  4.0108876E-04  4.5436234E-04  0.0000000E+00  0.0000000E+00  1.9443291E-04  6.4687629E-05  2.6363618E-05  1.2027582E-02  2.2732378E-04  0.0000000E+00  0.0000000E+00  0.0000000E+00  0.1749792      4.5853306E-02  5.5533145E-03
 day              11         900           2           1           2        1975           8                     1 hru0008            1.210762      1.0292551E-03  6.4042499E-03  0.1184185      6.8619684E-06  4.2696662E-05  0.0000000E+00  9.3804258E-05  3.3816093E-04  2.9681250E-03  0.0000000E+00  0.0000000E+00   1.479820      4.0026573E-03  0.1446155      2.5677911E-03  2.4878182E-02  2.9931315E-03  3.4752022E-03  8.6002126E-03  1.5270528E-04  2.4332090E-03  2.9931098E-04  3.3989194E-04  0.0000000E+00  0.0000000E+00  0.0000000E+00  4.0636602E-05  0.0000000E+00  9.4676074E-03  1.6810671E-04  5.4591103E-05  0.0000000E+00  7.6284923E-06  0.1396566      3.4064941E-02  4.2474698E-03
 day              12        1050           2           1           2        1975           8                     1 hru0008           0.6273168      5.3328939E-04  3.3182430E-03  5.7606798E-02  3.5554019E-06  2.2122485E-05  0.0000000E+00  4.5416818E-05  1.7013980E-04  5.2866749E-03  0.0000000E+00  0.0000000E+00  0.7667206      2.0739024E-03  7.4856535E-02  1.1940305E-03  1.2309201E-02  1.4920708E-03  1.8006121E-03  4.3372619E-03  6.9183312E-05  1.1303597E-03  1.4920579E-04  1.6535106E-04  0.0000000E+00  0.0000000E+00  0.0000000E+00  1.7112397E-05  0.0000000E+00  5.0132475E-03  7.9965888E-05  1.0054966E-04  0.0000000E+00  1.4710269E-05  7.7030279E-02  1.6868223E-02  2.2007483E-03
 day              13        1200           2           1           2        1975           8                     1 hru0008           0.6356155      5.4036034E-04  3.3622398E-03  5.5453312E-02  3.6025442E-06  2.2415814E-05  0.0000000E+00  4.3540378E-05  1.6817928E-04  8.2732476E-03  0.0000000E+00  0.0000000E+00  0.7768633      2.1014004E-03  7.5850926E-02  1.2098920E-03  1.2472422E-02  1.5118559E-03  1.8244882E-03  4.2997571E-03  6.8585075E-05  1.0881376E-03  1.5118420E-04  1.5917471E-04  0.0000000E+00  0.0000000E+00  0.0000000E+00  1.4689693E-05  0.0000000E+00  5.1732427E-03  8.2517981E-05  1.5909306E-04  0.0000000E+00  2.3274202E-05  7.8053549E-02  1.7091896E-02  2.2299301E-03
 day              14        1500           2           1           2        1975           8                     1 hru0008            1.292209      1.0985958E-03  6.8357051E-03  0.1043862      7.3242632E-06  4.5573179E-05  0.0000000E+00  8.1421655E-05  3.2894040E-04  2.5172919E-02  0.0000000E+00  0.0000000E+00   1.579366      4.2723166E-03  0.1542159      2.4598858E-03  2.5357476E-02  3.0737291E-03  3.7093358E-03  8.4491596E-03  1.3477185E-04  2.0484081E-03  3.0736977E-04  2.9964471E-04  0.0000000E+00  0.0000000E+00  0.0000000E+00  2.1582498E-05  0.0000000E+00  1.0805836E-02  1.7236303E-04  4.8731361E-04  0.0000000E+00  7.1289076E-05  0.1586942      3.4749251E-02  4.5336327E-03
 day              15        1800           2           1           2        1975           8                     1 hru0008            1.313974      1.1171441E-03  6.9511170E-03  0.1006229      7.4479258E-06  4.6342637E-05  0.0000000E+00  7.8101926E-05  3.2527125E-04  3.1121403E-02  0.0000000E+00  0.0000000E+00   1.605968      4.3444489E-03  0.1568248      2.5015001E-03  2.5785636E-02  3.1256292E-03  3.7719670E-03  8.3840173E-03  1.3373277E-04  1.9746399E-03  3.1255954E-04  2.8885371E-04  0.0000000E+00  0.0000000E+00  0.0000000E+00  1.5969184E-05  0.0000000E+00  1.1193302E-02  1.7854347E-04  6.0389587E-04  0.0000000E+00  8.8343164E-05  0.1613788      3.5335992E-02  4.6101823E-03
 day              16        2000           2           1           2        1975           8                     1 hru0008           0.8852125      7.5262936E-04  4.6830256E-03  6.6009641E-02  5.0177314E-06  3.1221432E-05  0.0000000E+00  5.1105286E-05  2.1603549E-04  2.2746593E-02  0.0000000E+00  0.0000000E+00   1.081926      2.9268914E-03  0.1056564      1.6853173E-03  1.7372014E-02  2.1057641E-03  2.5412075E-03  5.5785049E-03  8.8982284E-05  1.2954184E-03  2.1057407E-04  1.8949597E-04  0.0000000E+00  0.0000000E+00  0.0000000E+00  8.7280496E-06  0.0000000E+00  7.6100333E-03  1.2138703E-04  4.4176367E-04  0.0000000E+00  6.4624881E-05  0.1087246      2.3806173E-02  3.1059205E-03
 day              -1          -1           2           1           2        1975           8                     1 hru0008            38.62461      3.3171631E-02  0.2071653       3.731099      3.0500451E-04  1.8672448E-03   2.193009      4.8385360E-03  1.2153442E-02  0.1686018      0.0000000E+00  0.0000000E+00   47.60877      0.1296011       4.554368      8.4369011E-02  0.7931641      9.5104702E-02  0.1081749      0.3109380      5.7805581E-03  7.7007353E-02  9.5103839E-03  1.0508881E-02  0.0000000E+00  0.0000000E+00  4.7087196E-02  2.3723766E-03  6.3848016E-03  0.2631683      4.8561720E-03  2.3083165E-03  0.0000000E+00  3.0863273E-04   4.293069       1.085662      0.1322137    
 day               1          10           2           1           2        1975           9                     1 hru0009            3.167446      2.4658041E-03  1.7260632E-02  0.1583723      1.0229828E-04  6.9042528E-04  0.0000000E+00  2.0991916E-05  0.0000000E+00  0.1610591      0.0000000E+00  2.5662768E-05   4.751170      1.1096120E-02  0.3935544      8.6884452E-03  9.3200676E-02  1.1156996E-02  7.8338040E-03  1.5742175E-02  3.4753780E-04  4.6600336E-03  1.1156313E-03  3.9169021E-04  0.0000000E+00  0.0000000E+00  0.0000000E+00  6.8219379E-08  0.0000000E+00  3.3019636E-02  7.2896993E-04  4.6594637E-03  0.0000000E+00  3.9169120E-04  0.4916301      0.1275483      9.5746489E-03
 day               2          25           2           1           2        1975           9                     1 hru0009            4.133709      3.6395371E-03  2.2645978E-02  0.4183521      3.9635674E-05  2.4662164E-04  0.7239744      9.6612913E-04  1.5781674E-03  0.0000000E+00  0.0000000E+00  0.0000000E+00   5.052311      1.4153743E-02  0.4977612      9.4077922E-03  8.7039970E-02  1.0419501E-02  1.1802387E-02  4.0109076E-02  7.5806997E-04  8.7040598E-03  1.0419575E-03  1.1802426E-03  0.0000000E+00  0.0000000E+00  1.5348927E-02  4.1505496E-04  2.0812782E-03  2.3960151E-02  4.5285182E-04  0.0000000E+00  0.0000000E+00  0.0000000E+00  0.4607109      0.1191171      1.4425141E-02
 day               3          50           2           1           2        1975           9                     1 hru0009            6.976389      6.1431858E-03  3.8224243E-02  0.7060983      6.6901281E-05  4.1627436E-04   1.117371      1.5387880E-03  2.6298773E-03  0.0000000E+00  0.0000000E+00  0.0000000E+00   8.526698      2.3890158E-02  0.8402656      1.5881196E-02  0.1469157      1.7587187E-02  1.9921364E-02  6.6962123E-02  1.2655981E-03  1.4691649E-02  1.7587283E-03  1.9921430E-03  0.0000000E+00  0.0000000E+00  2.3708778E-02  6.8287121E-04  3.2148494E-03  4.0878028E-02  7.7260321E-04  0.0000000E+00  0.0000000E+00  0.0000000E+00  0.7777210      0.2010591      2.4348335E-02
 day               4         100           2           1           2        1975           9                     1 hru0009            6.552765      5.6659942E-03  3.5255063E-02  0.6633204      3.7780221E-05  2.3507683E-04  0.8261190      1.2500966E-03  2.4913468E-03  0.0000000E+00  0.0000000E+00  0.0000000E+00   8.008936      2.2034418E-02  0.8070674      1.5253744E-02  0.1411436      1.6896212E-02  1.9138686E-02  6.2413946E-02  1.1796367E-03  1.4114379E-02  1.6896233E-03  1.9138746E-03  0.0000000E+00  0.0000000E+00  1.7967470E-02  6.1020977E-04  2.4363364E-03  4.0561348E-02  7.6661806E-04  0.0000000E+00  0.0000000E+00  0.0000000E+00  0.7469941      0.1931598      2.3391727E-02
 day               5         150           2           1           2        1975           9                     1 hru0009            6.647052      5.7484275E-03  3.5767969E-02  0.6729248      3.8329927E-05  2.3849714E-04  0.6853009      1.1362752E-03  2.4588129E-03  0.0000000E+00  0.0000000E+00  0.0000000E+00   8.124175      2.2354987E-02  0.8189132      1.5477632E-02  0.1431976      1.7142098E-02  1.9417189E-02  6.1755329E-02  1.1671887E-03  1.4319729E-02  1.7142058E-03  1.9417249E-03  0.0000000E+00  0.0000000E+00  1.4940565E-02  5.8044214E-04  2.0258876E-03  4.2303883E-02  7.9955219E-04  0.0000000E+00  0.0000000E+00  0.0000000E+00  0.7579582      0.1959708      2.3732122E-02
 day               6         200           2           1           2        1975           9                     1 hru0009            2.252158      1.9480353E-03  1.2121100E-02  0.2280241      1.2989318E-05  8.0822370E-05  0.1902980      3.4884419E-04  8.1126922E-04  0.0000000E+00  0.0000000E+00  0.0000000E+00   2.752637      7.5756893E-03  0.2775549      5.2458458E-03  4.8527271E-02  5.8091693E-03  6.5801530E-03  2.0427551E-02  3.8608498E-04  4.8526991E-03  5.8091362E-04  6.5801729E-04  0.0000000E+00  0.0000000E+00  4.1608913E-03  1.8414715E-04  5.6419865E-04  1.4729127E-02  2.7838364E-04  0.0000000E+00  0.0000000E+00  0.0000000E+00  0.2568953      6.6411205E-02  8.0424100E-03
 day               7         300           2           1           2        1975           9                     1 hru0009            4.568372      3.9520008E-03  2.4590220E-02  0.4625686      2.6351609E-05  1.6396552E-04  0.2627554      6.0111069E-04  1.5680820E-03  0.0000000E+00  0.0000000E+00  0.0000000E+00   5.583566      1.5368890E-02  0.5631398      1.0643461E-02  9.8448247E-02  1.1785178E-02  1.3349281E-02  3.9665561E-02  7.4968749E-04  9.8447101E-03  1.1785041E-03  1.3349321E-03  0.0000000E+00  0.0000000E+00  5.7859970E-03  3.2816583E-04  7.8454392E-04  3.1326901E-02  5.9208513E-04  0.0000000E+00  0.0000000E+00  0.0000000E+00  0.5212230      0.1347297      1.6315788E-02
 day               8         450           2           1           2        1975           9                     1 hru0009            6.869172      5.9410152E-03  3.6966305E-02  0.6954446      3.9614108E-05  2.4648770E-04  0.2191740      7.5142214E-04  2.2170360E-03  0.0000000E+00  0.0000000E+00  0.0000000E+00   8.395655      2.3103943E-02  0.8464069      1.5997268E-02  0.1479955      1.7716454E-02  2.0067764E-02  5.6406599E-02  1.0660965E-03  1.4799275E-02  1.7716122E-03  2.0067818E-03  0.0000000E+00  0.0000000E+00  4.9060816E-03  4.0877413E-04  6.6520739E-04  4.9801741E-02  9.4126340E-04  0.0000000E+00  0.0000000E+00  0.0000000E+00  0.7834054      0.2025369      2.4527268E-02
 day               9         600           2           1           2        1975           9                     1 hru0009            3.942410      3.3770399E-03  2.1012686E-02  0.3969594      2.2515937E-05  1.4009912E-04  6.3943863E-02  3.7229049E-04  1.1981898E-03  0.0000000E+00  0.0000000E+00  0.0000000E+00   4.818501      1.3132932E-02  0.4773462      9.0219444E-03  8.4101327E-02  1.0067718E-02  1.1404437E-02  3.0401975E-02  5.7460374E-04  8.4100179E-03  1.0067582E-03  1.1404455E-03  0.0000000E+00  0.0000000E+00  1.4221864E-03  1.9370986E-04  1.9283616E-04  2.9298160E-02  5.5374129E-04  0.0000000E+00  0.0000000E+00  0.0000000E+00  0.4418154      0.1150955      1.3938758E-02
 day              10         750           2           1           2        1975           9                     1 hru0009            1.592867      1.3544365E-03  8.4276060E-03  0.1597190      9.0299491E-06  5.6186356E-05  8.8101327E-03  1.3427266E-04  4.6084617E-04  0.0000000E+00  0.0000000E+00  0.0000000E+00   1.946838      5.2672536E-03  0.1902835      3.5963987E-03  3.3723455E-02  4.0370137E-03  4.5731873E-03  1.1673869E-02  2.2063858E-04  3.3723239E-03  4.0369877E-04  4.5731902E-04  0.0000000E+00  0.0000000E+00  1.9569788E-04  6.5108587E-05  2.6535097E-05  1.2105976E-02  2.2880553E-04  0.0000000E+00  0.0000000E+00  0.0000000E+00  0.1761200      4.6151686E-02  5.5894512E-03
 day              11         900           2           1           2        1975           9                     1 hru0009            1.132482      9.6272473E-04  5.9902836E-03  0.1107623      6.4184155E-06  3.9936782E-05  0.0000000E+00  8.7740817E-05  3.1630244E-04  2.7771890E-03  0.0000000E+00  0.0000000E+00   1.384145      3.7439282E-03  0.1352693      2.4018409E-03  2.3270080E-02  2.7996583E-03  3.2505684E-03  8.0444012E-03  1.4283629E-04  2.2759286E-03  2.7996380E-04  3.1792163E-04  0.0000000E+00  0.0000000E+00  0.0000000E+00  3.8009894E-05  0.0000000E+00  8.8557061E-03  1.5724184E-04  5.1062554E-05  0.0000000E+00  7.1353861E-06  0.1306310      3.1863015E-02  3.9729173E-03
 day              12        1050           2           1           2        1975           9                     1 hru0009           0.5319261      4.5220368E-04  2.8137097E-03  4.8847027E-02  3.0148099E-06  1.8758803E-05  0.0000000E+00  3.8511265E-05  1.4427034E-04  4.4832453E-03  0.0000000E+00  0.0000000E+00  0.6501319      1.7585690E-03  6.3475542E-02  1.0124933E-03  1.0437614E-02  1.2652047E-03  1.5268329E-03  3.6778357E-03  5.8664868E-05  9.5849106E-04  1.2651939E-04  1.4020980E-04  0.0000000E+00  0.0000000E+00  0.0000000E+00  1.4510486E-05  0.0000000E+00  4.2510265E-03  6.7807792E-05  8.5261359E-05  0.0000000E+00  1.2473582E-05  6.5318801E-02  1.4303446E-02  1.8661291E-03
 day              13        1200           2           1           2        1975           9                     1 hru0009           0.5389108      4.5815518E-04  2.8507414E-03  4.7016460E-02  3.0544893E-06  1.9005698E-05  0.0000000E+00  3.6916565E-05  1.4259413E-04  7.0150085E-03  0.0000000E+00  0.0000000E+00  0.6586688      1.7817139E-03  6.4312555E-02  1.0258444E-03  1.0574996E-02  1.2818577E-03  1.5469291E-03  3.6456827E-03  5.8151985E-05  9.2259957E-04  1.2818459E-04  1.3495950E-04  0.0000000E+00  0.0000000E+00  0.0000000E+00  1.2454970E-05  0.0000000E+00  4.3862686E-03  6.9965012E-05  1.3489032E-04  0.0000000E+00  1.9733503E-05  6.6180117E-02  1.4491711E-02  1.8906912E-03
 day              14        1500           2           1           2        1975           9                     1 hru0009            1.095198      9.3111722E-04  5.7936171E-03  8.8471413E-02  6.2076961E-06  3.8625658E-05  0.0000000E+00  6.9009104E-05  2.7879415E-04  2.1335974E-02  0.0000000E+00  0.0000000E+00   1.338575      3.6210110E-03  0.1307077      2.0849076E-03  2.1491794E-02  2.6051472E-03  3.1438572E-03  7.1611926E-03  1.1422760E-04  1.7361336E-03  2.6051211E-04  2.5396465E-04  0.0000000E+00  0.0000000E+00  0.0000000E+00  1.8292252E-05  0.0000000E+00  9.1585647E-03  1.4608751E-04  4.1302433E-04  0.0000000E+00  6.0421211E-05  0.1345033      2.9451819E-02  3.8424921E-03
 day              15        1800           2           1           2        1975           9                     1 hru0009            1.112839      9.4615214E-04  5.8871671E-03  8.5220180E-02  6.3079347E-06  3.9249360E-05  0.0000000E+00  6.6147513E-05  2.7548466E-04  2.6358411E-02  0.0000000E+00  0.0000000E+00   1.360137      3.6794799E-03  0.1328224      2.1186399E-03  2.1838849E-02  2.6472157E-03  3.1946243E-03  7.1008243E-03  1.1326467E-04  1.6723986E-03  2.6471869E-04  2.4464136E-04  0.0000000E+00  0.0000000E+00  0.0000000E+00  1.3524928E-05  0.0000000E+00  9.4800740E-03  1.5121586E-04  5.1146268E-04  0.0000000E+00  7.4821233E-05  0.1366794      2.9927414E-02  3.9045408E-03
 day              16        2000           2           1           2        1975           9                     1 hru0009           0.7492113      6.3700613E-04  3.9635911E-03  5.5868138E-02  4.2468796E-06  2.6425008E-05  0.0000000E+00  4.3254200E-05  1.8284679E-04  1.9252416E-02  0.0000000E+00  0.0000000E+00  0.9157027      2.4772449E-03  8.9425735E-02  1.4264227E-03  1.4703220E-02  1.7822640E-03  2.1508115E-03  4.7215479E-03  7.5313037E-05  1.0964082E-03  1.7822442E-04  1.6038443E-04  0.0000000E+00  0.0000000E+00  0.0000000E+00  7.3871925E-06  0.0000000E+00  6.4409547E-03  1.0273915E-04  3.7389749E-04  0.0000000E+00  5.4696837E-05  9.2022553E-02  2.0148925E-02  2.6287700E-03
 day              -1          -1           2           1           2        1975           9                     1 hru0009            51.86290      4.4622838E-02  0.2795710       4.997969      4.2469651E-04  2.6964580E-03   4.097747      7.4618002E-03  1.6753921E-02  0.2422814      0.0000000E+00  0.0000000E+00   64.26784      0.1750401       6.328306      0.1192839       1.126610      0.1349989      0.1489019      0.4399097      8.2776016E-03  0.1064308      1.3499756E-02  1.4269252E-02  0.0000000E+00  0.0000000E+00  8.8436589E-02  3.5727317E-03  1.1991673E-02  0.3605575      6.8099322E-03  6.2290626E-03  0.0000000E+00  6.2097295E-04   6.039808       1.541966      0.1819912    
 day               1          10           2           1           2        1975          10                     1 hru0010            2.830722      2.1760818E-03  1.5232569E-02  0.1415361      1.0036246E-04  6.0930272E-04  0.0000000E+00  8.4416315E-06  0.0000000E+00  0.1438679      0.0000000E+00  9.3234295E-05   4.246083      9.7923670E-03  0.3246546      7.1673552E-03  7.6801099E-02  9.1938116E-03  6.4553660E-03  1.2986183E-02  2.8669421E-04  3.8400549E-03  9.1932475E-04  3.2276829E-04  0.0000000E+00  0.0000000E+00  0.0000000E+00  5.6403223E-08  0.0000000E+00  2.7213007E-02  6.0077774E-04  3.8395836E-03  0.0000000E+00  3.2276910E-04  0.4055602      0.1051049      7.8898920E-03
 day               2          25           2           1           2        1975          10                     1 hru0010            3.422297      3.0244822E-03  1.8818993E-02  0.3463447      3.5530280E-05  2.2107722E-04  0.5993854      8.0026611E-04  1.2953368E-03  0.0000000E+00  0.0000000E+00  0.0000000E+00   4.182808      1.1761872E-02  0.4101716      7.7523282E-03  7.1719751E-02  8.5855275E-03  9.7250063E-03  3.3051182E-02  6.2467420E-04  7.1720271E-03  8.5855904E-04  9.7250391E-04  0.0000000E+00  0.0000000E+00  1.2647269E-02  3.4199923E-04  1.7149398E-03  1.9747339E-02  3.7322874E-04  0.0000000E+00  0.0000000E+00  0.0000000E+00  0.3796408      9.8150901E-02  1.1886120E-02
 day               3          50           2           1           2        1975          10                     1 hru0010            5.775173      5.1045269E-03  3.1761456E-02  0.5845047      5.9965820E-05  3.7312016E-04  0.9249924      1.2742400E-03  2.1580011E-03  0.0000000E+00  0.0000000E+00  0.0000000E+00   7.058545      1.9850921E-02  0.6923358      1.3085293E-02  0.1210443      1.4490141E-02  1.6413277E-02  5.5173349E-02  1.0427879E-03  1.2104498E-02  1.4490219E-03  1.6413330E-03  0.0000000E+00  0.0000000E+00  1.9533699E-02  5.6261930E-04  2.6487196E-03  3.3686396E-02  6.3667982E-04  0.0000000E+00  0.0000000E+00  0.0000000E+00  0.6408024      0.1656532      2.0060671E-02
 day               4         100           2           1           2        1975          10                     1 hru0010            6.450219      5.5773053E-03  3.4703221E-02  0.6529384      3.7188849E-05  2.3139721E-04  0.8132030      1.2305384E-03  2.4523542E-03  0.0000000E+00  0.0000000E+00  0.0000000E+00   7.883601      2.1689517E-02  0.7944322      1.5014935E-02  0.1389343      1.6631735E-02  1.8839102E-02  6.1436899E-02  1.1611703E-03  1.3893446E-02  1.6631759E-03  1.8839162E-03  0.0000000E+00  0.0000000E+00  1.7686455E-02  6.0066022E-04  2.3982311E-03  3.9925933E-02  7.5460866E-04  0.0000000E+00  0.0000000E+00  0.0000000E+00  0.7352993      0.1901363      2.3025572E-02
 day               5         150           2           1           2        1975          10                     1 hru0010            6.541547      5.6571509E-03  3.5200041E-02  0.6622417      3.7721296E-05  2.3471024E-04  0.6744283      1.1182353E-03  2.4197728E-03  0.0000000E+00  0.0000000E+00  0.0000000E+00   7.995224      2.2000028E-02  0.8059066      1.5231804E-02  0.1409239      1.6869910E-02  1.9108878E-02  6.0774516E-02  1.1486511E-03  1.4092356E-02  1.6869872E-03  1.9108938E-03  0.0000000E+00  0.0000000E+00  1.4703387E-02  5.7122670E-04  1.9937274E-03  4.1631501E-02  7.8684418E-04  0.0000000E+00  0.0000000E+00  0.0000000E+00  0.7459196      0.1928591      2.3355296E-02
 day               6         200           2           1           2        1975          10                     1 hru0010            2.250331      1.9464386E-03  1.2111169E-02  0.2278381      1.2978673E-05  8.0756152E-05  0.1901448      3.4855833E-04  8.1060454E-04  0.0000000E+00  0.0000000E+00  0.0000000E+00   2.750405      7.5694821E-03  0.2773257      5.2415151E-03  4.8487511E-02  5.8044102E-03  6.5747625E-03  2.0410687E-02  3.8576627E-04  4.8487233E-03  5.8043766E-04  6.5747823E-04  0.0000000E+00  0.0000000E+00  4.1574836E-03  1.8399640E-04  5.6373677E-04  1.4716804E-02  2.7815078E-04  0.0000000E+00  0.0000000E+00  0.0000000E+00  0.2566833      6.6356800E-02  8.0358209E-03
 day               7         300           2           1           2        1975          10                     1 hru0010            4.563385      3.9476436E-03  2.4563111E-02  0.4620609      2.6322550E-05  1.6378473E-04  0.2624715      6.0044794E-04  1.5663534E-03  0.0000000E+00  0.0000000E+00  0.0000000E+00   5.577471      1.5351946E-02  0.5625139      1.0631632E-02  9.8339677E-02  1.1772182E-02  1.3334559E-02  3.9621480E-02  7.4885431E-04  9.8338528E-03  1.1772043E-03  1.3334599E-03  0.0000000E+00  0.0000000E+00  5.7796156E-03  3.2780401E-04  7.8367873E-04  3.1291790E-02  5.9142144E-04  0.0000000E+00  0.0000000E+00  0.0000000E+00  0.5206437      0.1345812      1.6297795E-02
 day               8         450           2           1           2        1975          10                     1 hru0010            6.859061      5.9321783E-03  3.6911335E-02  0.6944152      3.9555180E-05  2.4612117E-04  0.2188573      7.5030449E-04  2.2137393E-03  0.0000000E+00  0.0000000E+00  0.0000000E+00   8.383297      2.3069583E-02  0.8451383      1.5973290E-02  0.1477754      1.7690105E-02  2.0037919E-02  5.6322049E-02  1.0644986E-03  1.4777266E-02  1.7689774E-03  2.0037973E-03  0.0000000E+00  0.0000000E+00  4.8987856E-03  4.0816609E-04  6.6421833E-04  4.9726818E-02  9.3984732E-04  0.0000000E+00  0.0000000E+00  0.0000000E+00  0.7822312      0.2022357      2.4490792E-02
 day               9         600           2           1           2        1975          10                     1 hru0010            3.935303      3.3709158E-03  2.0974590E-02  0.3962415      2.2475107E-05  1.3984513E-04  6.3830972E-02  3.7161537E-04  1.1960175E-03  0.0000000E+00  0.0000000E+00  0.0000000E+00   4.809815      1.3109120E-02  0.4764768      9.0055121E-03  8.3948851E-02  1.0049464E-02  1.1383760E-02  3.0346602E-02  5.7355716E-04  8.3947722E-03  1.0049328E-03  1.1383777E-03  0.0000000E+00  0.0000000E+00  1.4196066E-03  1.9335875E-04  1.9248656E-04  2.9244773E-02  5.5273232E-04  0.0000000E+00  0.0000000E+00  0.0000000E+00  0.4410107      0.1148868      1.3913485E-02
 day              10         750           2           1           2        1975          10                     1 hru0010            1.589671      1.3517134E-03  8.4106587E-03  0.1593982      9.0117928E-06  5.6073364E-05  8.7928623E-03  1.3400271E-04  4.5991945E-04  0.0000000E+00  0.0000000E+00  0.0000000E+00   1.942932      5.2566626E-03  0.1899001      3.5891521E-03  3.3655625E-02  4.0288940E-03  4.5639891E-03  1.1650347E-02  2.2019401E-04  3.3655411E-03  4.0288683E-04  4.5639917E-04  0.0000000E+00  0.0000000E+00  1.9530416E-04  6.4977619E-05  2.6481750E-05  1.2081592E-02  2.2834462E-04  0.0000000E+00  0.0000000E+00  0.0000000E+00  0.1757651      4.6058860E-02  5.5782096E-03
 day              11         900           2           1           2        1975          10                     1 hru0010            1.153131      9.8027394E-04  6.0994779E-03  0.1127819      6.5354157E-06  4.0664778E-05  0.0000000E+00  8.9340210E-05  3.2206817E-04  2.8275177E-03  0.0000000E+00  0.0000000E+00   1.409383      3.8121748E-03  0.1377346      2.4456137E-03  2.3694260E-02  2.8506923E-03  3.3098215E-03  8.1910081E-03  1.4543945E-04  2.3174156E-03  2.8506716E-04  3.2371687E-04  0.0000000E+00  0.0000000E+00  0.0000000E+00  3.8702739E-05  0.0000000E+00  9.0171099E-03  1.6010769E-04  5.1993178E-05  0.0000000E+00  7.2654511E-06  0.1330117      3.2443833E-02  4.0453374E-03
 day              12        1050           2           1           2        1975          10                     1 hru0010           0.5573363      4.7380305E-04  2.9481070E-03  5.1180460E-02  3.1588108E-06  1.9654817E-05  0.0000000E+00  4.0350751E-05  1.5116142E-04  4.6972670E-03  0.0000000E+00  0.0000000E+00  0.6811888      1.8425671E-03  6.6507213E-02  1.0608512E-03  1.0936167E-02  1.3256373E-03  1.5997621E-03  3.8534943E-03  6.1466766E-05  1.0042734E-03  1.3256258E-04  1.4690691E-04  0.0000000E+00  0.0000000E+00  0.0000000E+00  1.5203594E-05  0.0000000E+00  4.4540651E-03  7.1046437E-05  8.9333742E-05  0.0000000E+00  1.3069395E-05  6.8438500E-02  1.4986651E-02  1.9552649E-03
 day              13        1200           2           1           2        1975          10                     1 hru0010           0.5646768      4.8005767E-04  2.9870246E-03  4.9264375E-02  3.2005114E-06  1.9914285E-05  0.0000000E+00  3.8681399E-05  1.4941103E-04  7.3502474E-03  0.0000000E+00  0.0000000E+00  0.6901605      1.8668906E-03  6.7386828E-02  1.0748819E-03  1.1080546E-02  1.3431384E-03  1.6208818E-03  3.8199537E-03  6.0931772E-05  9.6670561E-04  1.3431259E-04  1.4141139E-04  0.0000000E+00  0.0000000E+00  0.0000000E+00  1.3050405E-05  0.0000000E+00  4.5959493E-03  7.3309617E-05  1.4133879E-04  0.0000000E+00  2.0676845E-05  6.9343664E-02  1.5184505E-02  1.9810779E-03
 day              14        1500           2           1           2        1975          10                     1 hru0010            1.147704      9.7575295E-04  6.0713496E-03  9.2712961E-02  6.5052795E-06  4.0477280E-05  0.0000000E+00  7.2317242E-05  2.9215889E-04  2.2358567E-02  0.0000000E+00  0.0000000E+00   1.402750      3.7945942E-03  0.1369730      2.1848453E-03  2.2522056E-02  2.7300313E-03  3.2945659E-03  7.5044557E-03  1.1970298E-04  1.8193595E-03  2.7300036E-04  2.6613910E-04  0.0000000E+00  0.0000000E+00  0.0000000E+00  1.9169180E-05  0.0000000E+00  9.5975883E-03  1.5309037E-04  4.3282320E-04  0.0000000E+00  6.3317624E-05  0.1409505      3.0863663E-02  4.0266919E-03
 day              15        1800           2           1           2        1975          10                     1 hru0010            1.166465      9.9174143E-04  6.1708344E-03  8.9326791E-02  6.6118751E-06  4.1140549E-05  0.0000000E+00  6.9334761E-05  2.8875860E-04  2.7628317E-02  0.0000000E+00  0.0000000E+00   1.425679      3.8567719E-03  0.1392219      2.2207168E-03  2.2891127E-02  2.7747685E-03  3.3485536E-03  7.4429438E-03  1.1872180E-04  1.7529811E-03  2.7747382E-04  2.5642911E-04  0.0000000E+00  0.0000000E+00  0.0000000E+00  1.4176621E-05  0.0000000E+00  9.9368487E-03  1.5850191E-04  5.3610664E-04  0.0000000E+00  7.8426383E-05  0.1432647      3.1369429E-02  4.0926766E-03
 day              16        2000           2           1           2        1975          10                     1 hru0010           0.7854810      6.6784071E-04  4.1554538E-03  5.8572739E-02  4.4524509E-06  2.7704142E-05  0.0000000E+00  4.5347941E-05  1.9169773E-04  2.0184264E-02  0.0000000E+00  0.0000000E+00  0.9600323      2.5971585E-03  9.3754239E-02  1.4954662E-03  1.5414950E-02  1.8685370E-03  2.2549252E-03  4.9500866E-03  7.8958430E-05  1.1494815E-03  1.8685164E-04  1.6814811E-04  0.0000000E+00  0.0000000E+00  0.0000000E+00  7.7447621E-06  0.0000000E+00  6.7527331E-03  1.0771230E-04  3.9199647E-04  0.0000000E+00  5.7344529E-05  9.6476749E-02  2.1124262E-02  2.7560196E-03
 day              -1          -1           2           1           2        1975          10                     1 hru0010            49.59251      4.2657912E-02  0.2671194       4.781359      4.1157639E-04  2.5457437E-03   3.756106      6.9920230E-03  1.5967356E-02  0.2289141      0.0000000E+00  0.0000000E+00   61.39937      0.1672217       6.020432      0.1131752       1.068169      0.1280090      0.1418651      0.4175352      7.8420686E-03  0.1013327      1.2800775E-02  1.3623680E-02  0.0000000E+00  0.0000000E+00  8.1021599E-02  3.3629122E-03  1.0986221E-02  0.3436202      6.4664036E-03  5.4831756E-03  0.0000000E+00  5.6286936E-04   5.735042       1.461996      0.1733907    
 day               1          10           2           1           2        1975          11                     1 hru0011            3.369392      2.6395747E-03  1.8476998E-02  0.1684696      1.0344091E-04  7.2408543E-04  0.0000000E+00  2.8537826E-05  1.4994526E-05  0.1713694      0.0000000E+00  0.0000000E+00   5.054089      1.1878076E-02  0.4349203      9.6016740E-03  0.1030468      1.2335667E-02  8.6613996E-03  1.7396811E-02  3.8406695E-04  5.1523396E-03  1.2334916E-03  4.3306997E-04  0.0000000E+00  0.0000000E+00  0.0000000E+00  7.5204298E-08  0.0000000E+00  3.6505848E-02  8.0593454E-04  5.1517109E-03  0.0000000E+00  4.3307114E-04  0.5433047      0.1410230      1.0586155E-02
 day               2          25           2           1           2        1975          11                     1 hru0011            4.559461      4.0075141E-03  2.4935627E-02  0.4614447      4.2072475E-05  2.6178415E-04  0.7985345      1.0653797E-03  1.7475021E-03  0.0000000E+00  0.0000000E+00  0.0000000E+00   5.572675      1.5584771E-02  0.5501906      1.0398719E-02  9.6210621E-02  1.1517314E-02  1.3045904E-02  4.4333775E-02  8.3791773E-04  9.6211312E-03  1.1517397E-03  1.3045947E-03  0.0000000E+00  0.0000000E+00  1.6966090E-02  4.5878545E-04  2.3005619E-03  2.6481498E-02  5.0050596E-04  0.0000000E+00  0.0000000E+00  0.0000000E+00  0.5092377      0.1316675      1.5944995E-02
 day               3          50           2           1           2        1975          11                     1 hru0011            7.691870      6.7615877E-03  4.2072102E-02  0.7785197      7.0985923E-05  4.4169021E-04   1.231960      1.6963393E-03  2.9111034E-03  0.0000000E+00  0.0000000E+00  0.0000000E+00   9.401175      2.6295066E-02  0.9283965      1.7546881E-02  0.1623299      1.9432418E-02  2.2011496E-02  7.3985413E-02  1.3983392E-03  1.6233083E-02  1.9432523E-03  2.2011569E-03  0.0000000E+00  0.0000000E+00  2.6196271E-02  7.5451750E-04  3.5521474E-03  4.5161374E-02  8.5355924E-04  0.0000000E+00  0.0000000E+00  0.0000000E+00  0.8592919      0.2221540      2.6902940E-02
 day               4         100           2           1           2        1975          11                     1 hru0011            5.856717      5.0640698E-03  3.1509757E-02  0.5928563      3.3766650E-05  2.1010354E-04  0.7383693      1.1172912E-03  2.2266784E-03  0.0000000E+00  0.0000000E+00  0.0000000E+00   7.158210      1.9693602E-02  0.7213207      1.3633113E-02  0.1261492      1.5101243E-02  1.7105488E-02  5.5782761E-02  1.0543059E-03  1.2614939E-02  1.5101265E-03  1.7105542E-03  0.0000000E+00  0.0000000E+00  1.6058644E-02  5.4538320E-04  2.1775053E-03  3.6250796E-02  6.8514782E-04  0.0000000E+00  0.0000000E+00  0.0000000E+00  0.6676298      0.1726394      2.0906707E-02
 day               5         150           2           1           2        1975          11                     1 hru0011            5.935641      5.1330733E-03  3.1939112E-02  0.6008962      3.4226803E-05  2.1296670E-04  0.6119581      1.0146355E-03  2.1956014E-03  0.0000000E+00  0.0000000E+00  0.0000000E+00   7.254673      1.9961948E-02  0.7312374      1.3820541E-02  0.1278687      1.5307081E-02  1.7338630E-02  5.5143524E-02  1.0422242E-03  1.2786838E-02  1.5307046E-03  1.7338682E-03  0.0000000E+00  0.0000000E+00  1.3341104E-02  5.1830593E-04  1.8090066E-03  3.7773166E-02  7.1392069E-04  0.0000000E+00  0.0000000E+00  0.0000000E+00  0.6768084      0.1749926      2.1191660E-02
 day               6         200           2           1           2        1975          11                     1 hru0011            2.578028      2.2298305E-03  1.3874497E-02  0.2610128      1.4868300E-05  9.2513845E-05  0.2178377      3.9930685E-04  9.2862477E-04  0.0000000E+00  0.0000000E+00  0.0000000E+00   3.150924      8.6715622E-03  0.3176970      6.0045407E-03  5.5547018E-02  6.6494988E-03  7.5320117E-03  2.3381941E-02  4.4192362E-04  5.5546700E-03  6.6494604E-04  7.5320341E-04  0.0000000E+00  0.0000000E+00  4.7627934E-03  2.1078519E-04  6.4581423E-04  1.6858622E-02  3.1863153E-04  0.0000000E+00  0.0000000E+00  0.0000000E+00  0.2940495      7.6017968E-02  9.2057921E-03
 day               7         300           2           1           2        1975          11                     1 hru0011            5.223500      4.5185387E-03  2.8115356E-02  0.5288903      3.0129220E-05  1.8747074E-04  0.3004490      6.8728277E-04  1.7928750E-03  0.0000000E+00  0.0000000E+00  0.0000000E+00   6.384278      1.7572097E-02  0.6438462      1.2168828E-02  0.1125612      1.3474630E-02  1.5262954E-02  4.5350235E-02  8.5712894E-04  1.1255988E-02  1.3474474E-03  1.5262999E-03  0.0000000E+00  0.0000000E+00  6.6154422E-03  3.7520961E-04  8.9701149E-04  3.5815228E-02  6.7691534E-04  0.0000000E+00  0.0000000E+00  0.0000000E+00  0.5959221      0.1540438      1.8654723E-02
 day               8         450           2           1           2        1975          11                     1 hru0011            7.842147      6.7821150E-03  4.2199831E-02  0.7939233      4.5222452E-05  2.8138419E-04  0.2502455      8.5780479E-04  2.5309143E-03  0.0000000E+00  0.0000000E+00  0.0000000E+00   9.584847      2.6374895E-02  0.9661912      1.8261218E-02  0.1689478      2.0224642E-02  2.2908846E-02  6.4389311E-02  1.2169715E-03  1.6894471E-02  2.0224268E-03  2.2908908E-03  0.0000000E+00  0.0000000E+00  5.6006517E-03  4.6664546E-04  7.5938366E-04  5.6848459E-02  1.0744480E-03  0.0000000E+00  0.0000000E+00  0.0000000E+00  0.8942737      0.2312108      2.7999701E-02
 day               9         600           2           1           2        1975          11                     1 hru0011            4.494688      3.8499560E-03  2.3955284E-02  0.4525574      2.5669029E-05  1.5971840E-04  7.2912186E-02  4.2442558E-04  1.3659833E-03  0.0000000E+00  0.0000000E+00  0.0000000E+00   5.493507      1.4972053E-02  0.5441749      1.0285020E-02  9.5878705E-02  1.1477580E-02  1.3001494E-02  3.4658264E-02  6.5504847E-04  9.5877415E-03  1.1477424E-03  1.3001516E-03  0.0000000E+00  0.0000000E+00  1.6213451E-03  2.2083672E-04  2.1984044E-04  3.3399794E-02  6.3126307E-04  0.0000000E+00  0.0000000E+00  0.0000000E+00  0.5036697      0.1312132      1.5890716E-02
 day              10         750           2           1           2        1975          11                     1 hru0011            1.814424      1.5428003E-03  9.5996475E-03  0.1819329      1.0285757E-05  6.4000269E-05  1.0037422E-02  1.5294617E-04  5.2493688E-04  0.0000000E+00  0.0000000E+00  0.0000000E+00   2.217629      5.9997793E-03  0.2167432      4.0964922E-03  3.8413405E-02  4.5984453E-03  5.2091856E-03  1.3297167E-02  2.5131926E-04  3.8413161E-03  4.5984160E-04  5.2091893E-04  0.0000000E+00  0.0000000E+00  2.2291322E-04  7.4163283E-05  3.0225259E-05  1.3789384E-02  2.6062230E-04  0.0000000E+00  0.0000000E+00  0.0000000E+00  0.2006101      5.2570045E-02  6.3667824E-03
 day              11         900           2           1           2        1975          11                     1 hru0011            1.330219      1.1307991E-03  7.0360810E-03  0.1301019      7.5389535E-06  4.6909030E-05  0.0000000E+00  1.0305877E-04  3.7152326E-04  3.2607168E-03  0.0000000E+00  0.0000000E+00   1.625823      4.3975515E-03  0.1588825      2.8211160E-03  2.7332613E-02  3.2884278E-03  3.8180591E-03  9.4486661E-03  1.6777038E-04  2.6732641E-03  3.2884043E-04  3.7342499E-04  0.0000000E+00  0.0000000E+00  0.0000000E+00  4.4645683E-05  0.0000000E+00  1.0401640E-02  1.8469138E-04  5.9977407E-05  0.0000000E+00  8.3811465E-06  0.1534344      3.7425719E-02  4.6665170E-03
 day              12        1050           2           1           2        1975          11                     1 hru0011           0.6525604      5.5474683E-04  3.4517571E-03  5.9924930E-02  3.6984570E-06  2.3012615E-05  0.0000000E+00  4.7244208E-05  1.7698562E-04  5.4992810E-03  0.0000000E+00  0.0000000E+00  0.7975739      2.1573484E-03  7.7868253E-02  1.2420701E-03  1.2804480E-02  1.5521066E-03  1.8730628E-03  4.5117638E-03  7.1966773E-05  1.1758414E-03  1.5520933E-04  1.7200425E-04  0.0000000E+00  0.0000000E+00  0.0000000E+00  1.7800921E-05  0.0000000E+00  5.2149505E-03  8.3183244E-05  1.0459567E-04  0.0000000E+00  1.5302096E-05  8.0129452E-02  1.7546941E-02  2.2892992E-03
 day              13        1200           2           1           2        1975          11                     1 hru0011           0.6612002      5.6210835E-04  3.4975619E-03  5.7685409E-02  3.7475365E-06  2.3317998E-05  0.0000000E+00  4.5292756E-05  1.7494810E-04  8.6061172E-03  0.0000000E+00  0.0000000E+00  0.8081336      2.1859766E-03  7.8903504E-02  1.2585834E-03  1.2974408E-02  1.5727045E-03  1.8979197E-03  4.4727987E-03  7.1345254E-05  1.1319326E-03  1.5726902E-04  1.6558114E-04  0.0000000E+00  0.0000000E+00  0.0000000E+00  1.5280923E-05  0.0000000E+00  5.3814435E-03  8.5838947E-05  1.6549637E-04  0.0000000E+00  2.4210924E-05  8.1194766E-02  1.7779805E-02  2.3196798E-03
 day              14        1500           2           1           2        1975          11                     1 hru0011            1.344327      1.1429017E-03  7.1113841E-03  0.1085964      7.6196470E-06  4.7411108E-05  0.0000000E+00  8.4705360E-05  3.4220633E-04  2.6187912E-02  0.0000000E+00  0.0000000E+00   1.643067      4.4446159E-03  0.1604348      2.5590828E-03  2.6380114E-02  3.1976893E-03  3.8589297E-03  8.7898783E-03  1.4020664E-04  2.1310181E-03  3.1976571E-04  3.1172909E-04  0.0000000E+00  0.0000000E+00  0.0000000E+00  2.2452878E-05  0.0000000E+00  1.1241607E-02  1.7931398E-04  5.0696661E-04  0.0000000E+00  7.4164011E-05  0.1650936      3.6150653E-02  4.7164699E-03
 day              15        1800           2           1           2        1975          11                     1 hru0011            1.367202      1.1623952E-03  7.2326800E-03  0.1046991      7.7496134E-06  4.8219805E-05  0.0000000E+00  8.1265527E-05  3.3844673E-04  3.2381840E-02  0.0000000E+00  0.0000000E+00   1.671025      4.5204256E-03  0.1631767      2.6028182E-03  2.6830103E-02  3.2522350E-03  3.9247540E-03  8.7235942E-03  1.3914934E-04  2.0546243E-03  3.2522003E-04  3.0055398E-04  0.0000000E+00  0.0000000E+00  0.0000000E+00  1.6615988E-05  0.0000000E+00  1.1646681E-02  1.8577528E-04  6.2835729E-04  0.0000000E+00  9.1921596E-05  0.1679151      3.6767304E-02  4.7969217E-03
 day              16        2000           2           1           2        1975          11                     1 hru0011           0.9212241      7.8324479E-04  4.8735216E-03  6.8695001E-02  5.2218420E-06  3.2491454E-05  0.0000000E+00  5.3184147E-05  2.2482336E-04  2.3671784E-02  0.0000000E+00  0.0000000E+00   1.125941      3.0459515E-03  0.1099540      1.7538675E-03  1.8078664E-02  2.1914216E-03  2.6445780E-03  5.8054114E-03  9.2601636E-05  1.3481127E-03  2.1913972E-04  1.9720424E-04  0.0000000E+00  0.0000000E+00  0.0000000E+00  9.0830872E-06  0.0000000E+00  7.9195853E-03  1.2632468E-04  4.5973365E-04  0.0000000E+00  6.7253713E-05  0.1131469      2.4774551E-02  3.2322621E-03
 day              -1          -1           2           1           2        1975          11                     1 hru0011            55.64260      4.7865260E-02  0.2998812       5.350207      4.4624356E-04  2.8570793E-03   4.232303      7.8587001E-03  1.7868148E-02  0.2709770      0.0000000E+00  0.0000000E+00   68.94357      0.1877557       6.803937      0.1280546       1.211354      0.1451731      0.1600947      0.4694713      8.8222846E-03  0.1140573      1.4517163E-02  1.5295205E-02  0.0000000E+00  0.0000000E+00  9.1385260E-02  3.7505871E-03  1.2391497E-02  0.3906901      7.3660766E-03  7.0768390E-03  0.0000000E+00  7.1430462E-04   6.505712       1.657977      0.1956713    
 day               1          10           2           1           2        1975          12                     1 hru0012            3.068762      2.3809052E-03  1.6666295E-02  0.1534381      1.0172673E-04  6.6665182E-04  0.0000000E+00  1.7318533E-05  0.0000000E+00  0.1560209      0.0000000E+00  4.5433524E-05   4.603144      1.0714056E-02  0.3733727      8.2428977E-03  8.8397078E-02  1.0581960E-02  7.4300449E-03  1.4934909E-02  3.2971590E-04  4.4198539E-03  1.0581315E-03  3.7150225E-04  0.0000000E+00  0.0000000E+00  0.0000000E+00  6.4494088E-08  0.0000000E+00  3.1318814E-02  6.9142098E-04  4.4193147E-03  0.0000000E+00  3.7150329E-04  0.4664192      0.1209744      9.0811662E-03
 day               2          25           2           1           2        1975          12                     1 hru0012            3.925019      3.4590862E-03  2.1523179E-02  0.3972287      3.8426428E-05  2.3909753E-04  0.6874255      9.1747026E-04  1.4952171E-03  0.0000000E+00  0.0000000E+00  0.0000000E+00   4.797246      1.3451993E-02  0.4720697      8.9222165E-03  8.2546361E-02  9.8815737E-03  1.1193066E-02  3.8038872E-02  7.1894255E-04  8.2546966E-03  9.8816457E-04  1.1193104E-03  0.0000000E+00  0.0000000E+00  1.4556470E-02  3.9362640E-04  1.9738227E-03  2.2724379E-02  4.2949565E-04  0.0000000E+00  0.0000000E+00  0.0000000E+00  0.4369316      0.1129675      1.3680414E-02
 day               3          50           2           1           2        1975          12                     1 hru0012            6.623247      5.8377697E-03  3.6323890E-02  0.6703507      6.4850938E-05  4.0351681E-04   1.060814      1.4610076E-03  2.4911920E-03  0.0000000E+00  0.0000000E+00  0.0000000E+00   8.095080      2.2702433E-02  0.7967812      1.5059337E-02  0.1393110      1.6676834E-02  1.8890185E-02  6.3496768E-02  1.2001026E-03  1.3931174E-02  1.6676922E-03  1.8890244E-03  0.0000000E+00  0.0000000E+00  2.2481512E-02  6.4752379E-04  3.0484349E-03  3.8763784E-02  7.3264388E-04  0.0000000E+00  0.0000000E+00  0.0000000E+00  0.7374737      0.1906518      2.3088006E-02
 day               4         100           2           1           2        1975          12                     1 hru0012            6.009980      5.1966365E-03  3.2334618E-02  0.6083738      3.4650595E-05  2.1560365E-04  0.7576834      1.1465352E-03  2.2849659E-03  0.0000000E+00  0.0000000E+00  0.0000000E+00   7.345531      2.0209137E-02  0.7402089      1.3990105E-02  0.1294516      1.5496568E-02  1.7553277E-02  5.7243418E-02  1.0819127E-03  1.2945177E-02  1.5496592E-03  1.7553334E-03  0.0000000E+00  0.0000000E+00  1.6478922E-02  5.5965909E-04  2.2344934E-03  3.7200842E-02  7.0310396E-04  0.0000000E+00  0.0000000E+00  0.0000000E+00  0.6851122      0.1771588      2.1454006E-02
 day               5         150           2           1           2        1975          12                     1 hru0012            6.094506      5.2705319E-03  3.2794423E-02  0.6169840      3.5143363E-05  2.1866983E-04  0.6283331      1.0418076E-03  2.2543990E-03  0.0000000E+00  0.0000000E+00  0.0000000E+00   7.448841      2.0496516E-02  0.7508287      1.4190821E-02  0.1312930      1.5717002E-02  1.7802956E-02  5.6620944E-02  1.0701477E-03  1.3129269E-02  1.5716967E-03  1.7803010E-03  0.0000000E+00  0.0000000E+00  1.3698402E-02  5.3218636E-04  1.8574550E-03  3.8786206E-02  7.3306763E-04  0.0000000E+00  0.0000000E+00  0.0000000E+00  0.6949415      0.1796789      2.1759169E-02
 day               6         200           2           1           2        1975          12                     1 hru0012            2.293119      1.9834419E-03  1.2341413E-02  0.2321698      1.3225407E-05  8.2291401E-05  0.1937608      3.5518481E-04  8.2601490E-04  0.0000000E+00  0.0000000E+00  0.0000000E+00   2.802701      7.7133845E-03  0.2825972      5.3411466E-03  4.9409293E-02  5.9147561E-03  6.6997530E-03  2.0798657E-02  3.9309901E-04  4.9409010E-03  5.9147220E-04  6.6997734E-04  0.0000000E+00  0.0000000E+00  4.2365240E-03  1.8749427E-04  5.7445414E-04  1.4996473E-02  2.8343647E-04  0.0000000E+00  0.0000000E+00  0.0000000E+00  0.2615623      6.7618288E-02  8.1885876E-03
 day               7         300           2           1           2        1975          12                     1 hru0012            4.649611      4.0222192E-03  2.5027126E-02  0.4707904      2.6819813E-05  1.6687873E-04  0.2674320      6.1179104E-04  1.5959430E-03  0.0000000E+00  0.0000000E+00  0.0000000E+00   5.682858      1.5641958E-02  0.5731380      1.0832429E-02  0.1001974      1.1994563E-02  1.3586454E-02  4.0369801E-02  7.6299772E-04  1.0019616E-02  1.1994421E-03  1.3586495E-03  0.0000000E+00  0.0000000E+00  5.8887945E-03  3.3399649E-04  7.9848245E-04  3.1882681E-02  6.0258951E-04  0.0000000E+00  0.0000000E+00  0.0000000E+00  0.5304770      0.1371235      1.6605666E-02
 day               8         450           2           1           2        1975          12                     1 hru0012            6.987555      6.0432744E-03  3.7602585E-02  0.7074215      4.0295956E-05  2.5073029E-04  0.2229597      7.6435594E-04  2.2551967E-03  0.0000000E+00  0.0000000E+00  0.0000000E+00   8.540345      2.3501618E-02  0.8609611      1.6272346E-02  0.1505428      1.8021390E-02  2.0413171E-02  5.7376523E-02  1.0844283E-03  1.5054002E-02  1.8021052E-03  2.0413226E-03  0.0000000E+00  0.0000000E+00  4.9905237E-03  4.1580992E-04  6.7665684E-04  5.0657678E-02  9.5744082E-04  0.0000000E+00  0.0000000E+00  0.0000000E+00  0.7968763      0.2060229      2.4949431E-02
 day               9         600           2           1           2        1975          12                     1 hru0012            4.008467      3.4335721E-03  2.1364452E-02  0.4036073      2.2892858E-05  1.4244448E-04  6.5018654E-02  3.7852270E-04  1.2182483E-03  0.0000000E+00  0.0000000E+00  0.0000000E+00   4.899238      1.3352783E-02  0.4853315      9.1728671E-03  8.5509226E-02  1.0236257E-02  1.1595353E-02  3.0910553E-02  5.8421592E-04  8.5508060E-03  1.0236118E-03  1.1595370E-03  0.0000000E+00  0.0000000E+00  1.4459947E-03  1.9695284E-04  1.9606447E-04  2.9788243E-02  5.6300400E-04  0.0000000E+00  0.0000000E+00  0.0000000E+00  0.4492063      0.1170223      1.4172100E-02
 day              10         750           2           1           2        1975          12                     1 hru0012            1.619085      1.3767212E-03  8.5662622E-03  0.1623473      9.1785205E-06  5.7110770E-05  8.9556873E-03  1.3648185E-04  4.6842828E-04  0.0000000E+00  0.0000000E+00  0.0000000E+00   1.978881      5.3539150E-03  0.1934131      3.6555487E-03  3.4278285E-02  4.1034319E-03  4.6484270E-03  1.1865870E-02  2.2426742E-04  3.4278068E-03  4.1034061E-04  4.6484295E-04  0.0000000E+00  0.0000000E+00  1.9891700E-04  6.6179724E-05  2.6971684E-05  1.2305089E-02  2.3256880E-04  0.0000000E+00  0.0000000E+00  0.0000000E+00  0.1790166      4.6910990E-02  5.6814109E-03
 day              11         900           2           1           2        1975          12                     1 hru0012            1.165064      9.9041592E-04  6.1625843E-03  0.1139490      6.6030302E-06  4.1085499E-05  0.0000000E+00  9.0264533E-05  3.2540035E-04  2.8566495E-03  0.0000000E+00  0.0000000E+00   1.423967      3.8516161E-03  0.1391594      2.4709119E-03  2.3939399E-02  2.8801851E-03  3.3440653E-03  8.2757389E-03  1.4694392E-04  2.3413913E-03  2.8801640E-04  3.2706608E-04  0.0000000E+00  0.0000000E+00  0.0000000E+00  3.9103208E-05  0.0000000E+00  9.1103921E-03  1.6176399E-04  5.2531017E-05  0.0000000E+00  7.3406554E-06  0.1343876      3.2779492E-02  4.0871911E-03
 day              12        1050           2           1           2        1975          12                     1 hru0012           0.5568414      4.7338160E-04  2.9454834E-03  5.1135011E-02  3.1560010E-06  1.9637326E-05  0.0000000E+00  4.0314855E-05  1.5102691E-04  4.6930313E-03  0.0000000E+00  0.0000000E+00  0.6805840      1.8409276E-03  6.6447914E-02  1.0599053E-03  1.0926434E-02  1.3244575E-03  1.5983385E-03  3.8500582E-03  6.1411964E-05  1.0033796E-03  1.3244461E-04  1.4677618E-04  0.0000000E+00  0.0000000E+00  0.0000000E+00  1.5190046E-05  0.0000000E+00  4.4500972E-03  7.0983137E-05  8.9254347E-05  0.0000000E+00  1.3057768E-05  6.8377480E-02  1.4973313E-02  1.9535250E-03
 day              13        1200           2           1           2        1975          12                     1 hru0012           0.5641833      4.7963712E-04  2.9844078E-03  4.9221322E-02  3.1977070E-06  1.9896837E-05  0.0000000E+00  3.8647511E-05  1.4928014E-04  7.3437542E-03  0.0000000E+00  0.0000000E+00  0.6895574      1.8652552E-03  6.7327678E-02  1.0739383E-03  1.1070837E-02  1.3419614E-03  1.6194617E-03  3.8166009E-03  6.0878287E-05  9.6585852E-04  1.3419491E-04  1.4128750E-04  0.0000000E+00  0.0000000E+00  0.0000000E+00  1.3038967E-05  0.0000000E+00  4.5919186E-03  7.3245319E-05  1.4121510E-04  0.0000000E+00  2.0658728E-05  6.9282793E-02  1.5171199E-02  1.9793422E-03
 day              14        1500           2           1           2        1975          12                     1 hru0012            1.146759      9.7494700E-04  6.0663358E-03  9.2636570E-02  6.4999058E-06  4.0443851E-05  0.0000000E+00  7.2257513E-05  2.9191765E-04  2.2340022E-02  0.0000000E+00  0.0000000E+00   1.401594      3.7914603E-03  0.1368597      2.1830373E-03  2.2503456E-02  2.7277768E-03  3.2918446E-03  7.4982457E-03  1.1960392E-04  1.8178569E-03  2.7277489E-04  2.6591925E-04  0.0000000E+00  0.0000000E+00  0.0000000E+00  1.9153376E-05  0.0000000E+00  9.5896553E-03  1.5296381E-04  4.3246569E-04  0.0000000E+00  6.3265354E-05  0.1408339      3.0838175E-02  4.0233657E-03
 day              15        1800           2           1           2        1975          12                     1 hru0012            1.165614      9.9101732E-04  6.1663263E-03  8.9261666E-02  6.6070479E-06  4.1110496E-05  0.0000000E+00  6.9284128E-05  2.8854766E-04  2.7608052E-02  0.0000000E+00  0.0000000E+00   1.424640      3.8539548E-03  0.1391199      2.2190909E-03  2.2874398E-02  2.7727408E-03  3.3461063E-03  7.4374955E-03  1.1863490E-04  1.7517001E-03  2.7727106E-04  2.5624168E-04  0.0000000E+00  0.0000000E+00  0.0000000E+00  1.4166260E-05  0.0000000E+00  9.9295788E-03  1.5838593E-04  5.3571479E-04  0.0000000E+00  7.8369107E-05  0.1431598      3.1346504E-02  4.0896856E-03
 day              16        2000           2           1           2        1975          12                     1 hru0012           0.7849764      6.6741061E-04  4.1527776E-03  5.8535114E-02  4.4495841E-06  2.7686301E-05  0.0000000E+00  4.5318735E-05  1.9157429E-04  2.0171233E-02  0.0000000E+00  0.0000000E+00  0.9594156      2.5954859E-03  9.3693726E-02  1.4945010E-03  1.5405023E-02  1.8673337E-03  2.2534730E-03  4.9468917E-03  7.8907469E-05  1.1487412E-03  1.8673128E-04  1.6803983E-04  0.0000000E+00  0.0000000E+00  0.0000000E+00  7.7397999E-06  0.0000000E+00  6.7483806E-03  1.0764286E-04  3.9174384E-04  0.0000000E+00  5.7307581E-05  9.6414484E-02  2.1110658E-02  2.7542447E-03
 day              -1          -1           2           1           2        1975          12                     1 hru0012            50.66280      4.3580968E-02  0.2730221       4.877450      4.1772390E-04  2.6328554E-03   3.892383      7.1865632E-03  1.6287353E-02  0.2410336      0.0000000E+00  0.0000000E+00   62.77362      0.1709365       6.171310      0.1161811       1.097656      0.1315388      0.1452660      0.4274814      8.0362102E-03  0.1037022      1.3153750E-02  1.3915131E-02  0.0000000E+00  0.0000000E+00  8.3976068E-02  3.4418853E-03  1.1386836E-02  0.3528442      6.6537564E-03  6.0622394E-03  0.0000000E+00  6.1150250E-04   5.890473       1.502349      0.1775473    
