 demo                      SWAT+ 2026-07-13        MODULAR Rev 2026.cb442f7c05fc3bfc34349c446010f452d2737c
 freq       soil_lyr  soil_depth        jday         mon         day          yr        unit                gis_id    name                 sut        tillagef       cons_bmix tillagef_biomix tillagef_tillmix       till_eff            cdg             ox             cs            no3            nh4       co2_resp      soil_temp           emix
 day              1          10           1           1           1        1975           1                     1 hru0001           0.7150851      5.2727284E-03  9.9999998E-03  5.2727284E-03  0.0000000E+00   1.005273      0.3104393      0.9999998      0.4262786      0.3326858      0.5447554       2.414248       8.239979      0.0000000E+00
 day              2          25           1           1           1        1975           1                     1 hru0001           0.7162194      5.2727284E-03  9.9999998E-03  5.2727284E-03  0.0000000E+00   1.005273      0.3112143      0.9999998      0.4271487       1.286015      0.0000000E+00   2.188232       8.256558      0.0000000E+00
 day              3          50           1           1           1        1975           1                     1 hru0001           0.7222652      5.2727284E-03  9.9999998E-03  5.2727284E-03  0.0000000E+00   1.005273      0.3124501      0.9999993      0.4297984       2.097564      0.0000000E+00   3.669678       8.282991      0.0000000E+00
 day              4         100           1           1           1        1975           1                     1 hru0001           0.7274632      0.0000000E+00  0.0000000E+00  0.0000000E+00  0.0000000E+00   1.000000      0.3147517      0.9999964      0.4306560       4.497039      0.0000000E+00   5.392068       8.332196      0.0000000E+00
 day              5         150           1           1           1        1975           1                     1 hru0001           0.7310826      0.0000000E+00  0.0000000E+00  0.0000000E+00  0.0000000E+00   1.000000      0.3177837      0.9999804      0.4337935       4.277716      0.0000000E+00   5.431350       8.396965      0.0000000E+00
 day              6         200           1           1           1        1975           1                     1 hru0001           0.7363961      0.0000000E+00  0.0000000E+00  0.0000000E+00  0.0000000E+00   1.000000      0.3207658      0.9999107      0.4373746      5.1121235E-02   4.247215       3.262052       8.460616      0.0000000E+00
 day              7         300           1           1           1        1975           1                     1 hru0001           0.7363961      0.0000000E+00  0.0000000E+00  0.0000000E+00  0.0000000E+00   1.000000      0.3251293      0.9992469      0.4400471      0.2993693       7.479222       6.563967       8.553665      0.0000000E+00
 day              8         450           1           1           1        1975           1                     1 hru0001           0.7363961      0.0000000E+00  0.0000000E+00  0.0000000E+00  0.0000000E+00   1.000000      0.3320598      0.9787498      0.4355901      0.7017260       9.340918       9.746229       8.701254      0.0000000E+00
 day              9         600           1           1           1        1975           1                     1 hru0001           0.7363961      0.0000000E+00  0.0000000E+00  0.0000000E+00  0.0000000E+00   1.000000      0.3397317      0.5428548      0.2443711      0.4801826       8.163600       5.467749       8.864375      0.0000000E+00
 day             10         750           1           1           1        1975           1                     1 hru0001           0.7363961      0.0000000E+00  0.0000000E+00  0.0000000E+00  0.0000000E+00   1.000000      0.3466436      0.2131508      9.6922979E-02  0.2131243       7.226648       2.168629       9.011138      0.0000000E+00
 day             11         900           1           1           1        1975           1                     1 hru0001           0.7363961      0.0000000E+00  0.0000000E+00  0.0000000E+00  0.0000000E+00   1.000000      0.3527851      0.2003133      9.1888927E-02  0.1641026       6.410140       1.552429       9.141405      0.0000000E+00
 day             12        1050           1           1           1        1975           1                     1 hru0001           0.7363961      0.0000000E+00  0.0000000E+00  0.0000000E+00  0.0000000E+00   1.000000      0.3581829      0.2000076      9.2447937E-02  8.2366943E-02   5.796596      0.7409064       9.255807      0.0000000E+00
 day             13        1200           1           1           1        1975           1                     1 hru0001           0.7363961      0.0000000E+00  0.0000000E+00  0.0000000E+00  0.0000000E+00   1.000000      0.3628874      0.2000002      9.3049608E-02  8.5935116E-02   4.974134      0.7457283       9.355453      0.0000000E+00
 day             14        1500           1           1           1        1975           1                     1 hru0001           0.7363961      0.0000000E+00  0.0000000E+00  0.0000000E+00  0.0000000E+00   1.000000      0.3687839      0.2000000      9.3802437E-02  0.1817713       7.315421       1.503525       9.480281      0.0000000E+00
 day             15        1800           1           1           1        1975           1                     1 hru0001           0.7363961      0.0000000E+00  0.0000000E+00  0.0000000E+00  0.0000000E+00   1.000000      0.3748356      0.2000000      9.4568960E-02  0.1887736       5.365283       1.515812       9.608334      0.0000000E+00
 day             16        2000           1           1           1        1975           1                     1 hru0001           0.7363961      0.0000000E+00  0.0000000E+00  0.0000000E+00  0.0000000E+00   1.000000      0.3786317      0.2000000      9.5046625E-02  0.1282413       2.903275       1.015645       9.688631      0.0000000E+00
 day              1          10           1           1           1        1975           2                     1 hru0002           0.7008560      5.2388385E-03  9.9999998E-03  5.2388385E-03  0.0000000E+00   1.005239      0.3085509      0.9999998      0.4207164      0.1635377      0.5702446       1.186549       8.199556      0.0000000E+00
 day              2          25           1           1           1        1975           2                     1 hru0002           0.7027692      5.2388385E-03  9.9999998E-03  5.2388385E-03  0.0000000E+00   1.005239      0.3092601      0.9999998      0.4217741       1.069098      0.0000000E+00   1.081047       8.214740      0.0000000E+00
 day              3          50           1           1           1        1975           2                     1 hru0002           0.7129241      5.2388385E-03  9.9999998E-03  5.2388385E-03  0.0000000E+00   1.005239      0.3103916      0.9999993      0.4255867       1.747969      0.0000000E+00   1.818031       8.238956      0.0000000E+00
 day              4         100           1           1           1        1975           2                     1 hru0002           0.7215998      0.0000000E+00  0.0000000E+00  0.0000000E+00  0.0000000E+00   1.000000      0.3125010      0.9999964      0.4273806       5.478793      0.0000000E+00   8.479927       8.284080      0.0000000E+00
 day              5         150           1           1           1        1975           2                     1 hru0002           0.7276115      0.0000000E+00  0.0000000E+00  0.0000000E+00  0.0000000E+00   1.000000      0.3152843      0.9999804      0.4310573       5.211588      0.0000000E+00   8.552877       8.343577      0.0000000E+00
 day              6         200           1           1           1        1975           2                     1 hru0002           0.7363961      0.0000000E+00  0.0000000E+00  0.0000000E+00  0.0000000E+00   1.000000      0.3180287      0.9999107      0.4355044      5.9386253E-02   4.955339       3.789454       8.402195      0.0000000E+00
 day              7         300           1           1           1        1975           2                     1 hru0002           0.7363961      0.0000000E+00  0.0000000E+00  0.0000000E+00  0.0000000E+00   1.000000      0.3220596      0.9992469      0.4379648      0.3476114       8.727412       7.621725       8.488216      0.0000000E+00
 day              8         450           1           1           1        1975           2                     1 hru0002           0.7363961      0.0000000E+00  0.0000000E+00  0.0000000E+00  0.0000000E+00   1.000000      0.3285107      0.9787498      0.4332561      0.8142929       10.90212       11.30967       8.625702      0.0000000E+00
 day              9         600           1           1           1        1975           2                     1 hru0002           0.7363961      0.0000000E+00  0.0000000E+00  0.0000000E+00  0.0000000E+00   1.000000      0.3357433      0.5428548      0.2429325      0.5569153       9.527498       6.341485       8.779605      0.0000000E+00
 day             10         750           1           1           1        1975           2                     1 hru0002           0.7363961      0.0000000E+00  0.0000000E+00  0.0000000E+00  0.0000000E+00   1.000000      0.3423662      0.2131508      9.6323147E-02  0.2471066       8.432628       2.514410       8.920337      0.0000000E+00
 day             11         900           1           1           1        1975           2                     1 hru0002           0.7363961      0.0000000E+00  0.0000000E+00  0.0000000E+00  0.0000000E+00   1.000000      0.3483572      0.2003133      9.1310456E-02  0.1937771       7.618458       1.833152       9.047498      0.0000000E+00
 day             12        1050           1           1           1        1975           2                     1 hru0002           0.7363961      0.0000000E+00  0.0000000E+00  0.0000000E+00  0.0000000E+00   1.000000      0.3537230      0.2000076      9.1870569E-02  9.9757671E-02   7.065217      0.8973387       9.161289      0.0000000E+00
 day             13        1200           1           1           1        1975           2                     1 hru0002           0.7363961      0.0000000E+00  0.0000000E+00  0.0000000E+00  0.0000000E+00   1.000000      0.3584908      0.2000002      9.2484206E-02  0.1040969       6.062853      0.9033323       9.262329      0.0000000E+00
 day             14        1500           1           1           1        1975           2                     1 hru0002           0.7363961      0.0000000E+00  0.0000000E+00  0.0000000E+00  0.0000000E+00   1.000000      0.3646112      0.2000000      9.3270272E-02  0.2202768       8.916930       1.822026       9.391953      0.0000000E+00
 day             15        1800           1           1           1        1975           2                     1 hru0002           0.7363961      0.0000000E+00  0.0000000E+00  0.0000000E+00  0.0000000E+00   1.000000      0.3711020      0.2000000      9.4096795E-02  0.2289190       6.540090       1.838172       9.529339      0.0000000E+00
 day             16        2000           1           1           1        1975           2                     1 hru0002           0.7363961      0.0000000E+00  0.0000000E+00  0.0000000E+00  0.0000000E+00   1.000000      0.3753122      0.2000000      9.4629064E-02  0.1556072       3.539051       1.232378       9.618416      0.0000000E+00
 day              1          10           1           1           1        1975           3                     1 hru0003           0.7150851      5.2726199E-03  9.9999998E-03  5.2726199E-03  0.0000000E+00   1.005273      0.3104381      0.9999998      0.4262777      0.5917835      0.3901148       4.248066       8.239952      0.0000000E+00
 day              2          25           1           1           1        1975           3                     1 hru0003           0.7162194      5.2726199E-03  9.9999998E-03  5.2726199E-03  0.0000000E+00   1.005273      0.3112098      0.9999998      0.4271456       1.439112      0.0000000E+00   5.099748       8.256463      0.0000000E+00
 day              3          50           1           1           1        1975           3                     1 hru0003           0.7222652      5.2726199E-03  9.9999998E-03  5.2726199E-03  0.0000000E+00   1.005273      0.3124406      0.9999993      0.4297918       2.347274      0.0000000E+00   8.552233       8.282788      0.0000000E+00
 day              4         100           1           1           1        1975           3                     1 hru0003           0.7274632      0.0000000E+00  0.0000000E+00  0.0000000E+00  0.0000000E+00   1.000000      0.3147330      0.9999964      0.4306432       4.655390      0.0000000E+00   11.96092       8.331795      0.0000000E+00
 day              5         150           1           1           1        1975           3                     1 hru0003           0.7310826      0.0000000E+00  0.0000000E+00  0.0000000E+00  0.0000000E+00   1.000000      0.3177529      0.9999804      0.4337724       4.428344      0.0000000E+00   12.04784       8.396306      0.0000000E+00
 day              6         200           1           1           1        1975           3                     1 hru0003           0.7363961      0.0000000E+00  0.0000000E+00  0.0000000E+00  0.0000000E+00   1.000000      0.3207234      0.9999107      0.4373456      5.1117420E-02   4.247219       3.261836       8.459710      0.0000000E+00
 day              7         300           1           1           1        1975           3                     1 hru0003           0.7363961      0.0000000E+00  0.0000000E+00  0.0000000E+00  0.0000000E+00   1.000000      0.3250706      0.9992469      0.4400073      0.2993422       7.479249       6.563375       8.552413      0.0000000E+00
 day              8         450           1           1           1        1975           3                     1 hru0003           0.7363961      0.0000000E+00  0.0000000E+00  0.0000000E+00  0.0000000E+00   1.000000      0.3319773      0.9787498      0.4355361      0.7016382       9.341005       9.745019       8.699498      0.0000000E+00
 day              9         600           1           1           1        1975           3                     1 hru0003           0.7363961      0.0000000E+00  0.0000000E+00  0.0000000E+00  0.0000000E+00   1.000000      0.3396267      0.5428548      0.2443334      0.4801092       8.163673       5.466903       8.862145      0.0000000E+00
 day             10         750           1           1           1        1975           3                     1 hru0003           0.7363961      0.0000000E+00  0.0000000E+00  0.0000000E+00  0.0000000E+00   1.000000      0.3465229      0.2131508      9.6906111E-02  0.2130871       7.226686       2.168252       9.008577      0.0000000E+00
 day             11         900           1           1           1        1975           3                     1 hru0003           0.7363961      0.0000000E+00  0.0000000E+00  0.0000000E+00  0.0000000E+00   1.000000      0.3526548      0.2003133      9.1871955E-02  0.1640720       6.410170       1.552142       9.138643      0.0000000E+00
 day             12        1050           1           1           1        1975           3                     1 hru0003           0.7363961      0.0000000E+00  0.0000000E+00  0.0000000E+00  0.0000000E+00   1.000000      0.3580482      0.2000076      9.2430539E-02  8.2351208E-02   5.796611      0.7407669       9.252953      0.0000000E+00
 day             13        1200           1           1           1        1975           3                     1 hru0003           0.7363961      0.0000000E+00  0.0000000E+00  0.0000000E+00  0.0000000E+00   1.000000      0.3627523      0.2000002      9.3032286E-02  8.5919380E-02   4.974150      0.7455896       9.352593      0.0000000E+00
 day             14        1500           1           1           1        1975           3                     1 hru0003           0.7363961      0.0000000E+00  0.0000000E+00  0.0000000E+00  0.0000000E+00   1.000000      0.3686538      0.2000000      9.3785904E-02  0.1817393       7.315453       1.503260       9.477530      0.0000000E+00
 day             15        1800           1           1           1        1975           3                     1 hru0003           0.7363961      0.0000000E+00  0.0000000E+00  0.0000000E+00  0.0000000E+00   1.000000      0.3747185      0.2000000      9.4554193E-02  0.1887441       5.365313       1.515575       9.605855      0.0000000E+00
 day             16        2000           1           1           1        1975           3                     1 hru0003           0.7363961      0.0000000E+00  0.0000000E+00  0.0000000E+00  0.0000000E+00   1.000000      0.3785276      0.2000000      9.5033556E-02  0.1282237       2.903293       1.015505       9.686428      0.0000000E+00
 day              1          10           1           1           1        1975           4                     1 hru0004           0.7150851      5.2724984E-03  9.9999998E-03  5.2724984E-03  0.0000000E+00   1.005273      0.3104367      0.9999998      0.4262767      0.5585555      0.3397770       4.012887       8.239921      0.0000000E+00
 day              2          25           1           1           1        1975           4                     1 hru0004           0.7162194      5.2724984E-03  9.9999998E-03  5.2724984E-03  0.0000000E+00   1.005273      0.3112049      0.9999998      0.4271421       1.316634      0.0000000E+00   4.726336       8.256356      0.0000000E+00
 day              3          50           1           1           1        1975           4                     1 hru0004           0.7222652      5.2724984E-03  9.9999998E-03  5.2724984E-03  0.0000000E+00   1.005273      0.3124298      0.9999993      0.4297844       2.147506      0.0000000E+00   7.925956       8.282558      0.0000000E+00
 day              4         100           1           1           1        1975           4                     1 hru0004           0.7274632      0.0000000E+00  0.0000000E+00  0.0000000E+00  0.0000000E+00   1.000000      0.3147117      0.9999964      0.4306286       4.212021      0.0000000E+00   12.07443       8.331340      0.0000000E+00
 day              5         150           1           1           1        1975           4                     1 hru0004           0.7310826      0.0000000E+00  0.0000000E+00  0.0000000E+00  0.0000000E+00   1.000000      0.3177179      0.9999804      0.4337486       4.006598      0.0000000E+00   12.16191       8.395560      0.0000000E+00
 day              6         200           1           1           1        1975           4                     1 hru0004           0.7363961      0.0000000E+00  0.0000000E+00  0.0000000E+00  0.0000000E+00   1.000000      0.3206754      0.9999107      0.4373129      5.2817822E-02   4.388797       3.370312       8.458686      0.0000000E+00
 day              7         300           1           1           1        1975           4                     1 hru0004           0.7363961      0.0000000E+00  0.0000000E+00  0.0000000E+00  0.0000000E+00   1.000000      0.3250042      0.9992469      0.4399623      0.3092890       7.728597       6.781466       8.550997      0.0000000E+00
 day              8         450           1           1           1        1975           4                     1 hru0004           0.7363961      0.0000000E+00  0.0000000E+00  0.0000000E+00  0.0000000E+00   1.000000      0.3318840      0.9787498      0.4354748      0.7249250       9.652486       10.06845       8.697512      0.0000000E+00
 day              9         600           1           1           1        1975           4                     1 hru0004           0.7363961      0.0000000E+00  0.0000000E+00  0.0000000E+00  0.0000000E+00   1.000000      0.3395079      0.5428548      0.2442906      0.4960260       8.435894       5.648153       8.859621      0.0000000E+00
 day             10         750           1           1           1        1975           4                     1 hru0004           0.7363961      0.0000000E+00  0.0000000E+00  0.0000000E+00  0.0000000E+00   1.000000      0.3463861      0.2131508      9.6886985E-02  0.2201467       7.467628       2.240087       9.005675      0.0000000E+00
 day             11         900           1           1           1        1975           4                     1 hru0004           0.7363961      0.0000000E+00  0.0000000E+00  0.0000000E+00  0.0000000E+00   1.000000      0.3525070      0.2003133      9.1852702E-02  0.1672335       6.535081       1.582048       9.135509      0.0000000E+00
 day             12        1050           1           1           1        1975           4                     1 hru0004           0.7363961      0.0000000E+00  0.0000000E+00  0.0000000E+00  0.0000000E+00   1.000000      0.3578952      0.2000076      9.2410788E-02  8.2333565E-02   5.796629      0.7406086       9.249711      0.0000000E+00
 day             13        1200           1           1           1        1975           4                     1 hru0004           0.7363961      0.0000000E+00  0.0000000E+00  0.0000000E+00  0.0000000E+00   1.000000      0.3625989      0.2000002      9.3012601E-02  8.5900784E-02   4.974169      0.7454317       9.349343      0.0000000E+00
 day             14        1500           1           1           1        1975           4                     1 hru0004           0.7363961      0.0000000E+00  0.0000000E+00  0.0000000E+00  0.0000000E+00   1.000000      0.3685060      0.2000000      9.3767092E-02  0.1817026       7.315490       1.502959       9.474400      0.0000000E+00
 day             15        1800           1           1           1        1975           4                     1 hru0004           0.7363961      0.0000000E+00  0.0000000E+00  0.0000000E+00  0.0000000E+00   1.000000      0.3745851      0.2000000      9.4537348E-02  0.1887102       5.365346       1.515305       9.603033      0.0000000E+00
 day             16        2000           1           1           1        1975           4                     1 hru0004           0.7363961      0.0000000E+00  0.0000000E+00  0.0000000E+00  0.0000000E+00   1.000000      0.3784088      0.2000000      9.5018633E-02  0.1282034       2.903313       1.015345       9.683916      0.0000000E+00
 day              1          10           1           1           1        1975           5                     1 hru0005           0.7150851      5.2725342E-03  9.9999998E-03  5.2725342E-03  0.0000000E+00   1.005273      0.3104371      0.9999998      0.4262770      0.6753361      0.3274539       4.839428       8.239930      0.0000000E+00
 day              2          25           1           1           1        1975           5                     1 hru0005           0.7162194      5.2725342E-03  9.9999998E-03  5.2725342E-03  0.0000000E+00   1.005273      0.3112063      0.9999998      0.4271432       1.469732      0.0000000E+00   6.038620       8.256387      0.0000000E+00
 day              3          50           1           1           1        1975           5                     1 hru0005           0.7222652      5.2725342E-03  9.9999998E-03  5.2725342E-03  0.0000000E+00   1.005273      0.3124329      0.9999993      0.4297865       2.397216      0.0000000E+00   10.12664       8.282624      0.0000000E+00
 day              4         100           1           1           1        1975           5                     1 hru0005           0.7274632      0.0000000E+00  0.0000000E+00  0.0000000E+00  0.0000000E+00   1.000000      0.3147178      0.9999964      0.4306328       4.497039      0.0000000E+00   11.75650       8.331470      0.0000000E+00
 day              5         150           1           1           1        1975           5                     1 hru0005           0.7310826      0.0000000E+00  0.0000000E+00  0.0000000E+00  0.0000000E+00   1.000000      0.3177280      0.9999804      0.4337554       4.277716      0.0000000E+00   11.84175       8.395774      0.0000000E+00
 day              6         200           1           1           1        1975           5                     1 hru0005           0.7363961      0.0000000E+00  0.0000000E+00  0.0000000E+00  0.0000000E+00   1.000000      0.3206891      0.9999107      0.4373223      5.1796436E-02   4.303851       3.305150       8.458980      0.0000000E+00
 day              7         300           1           1           1        1975           5                     1 hru0005           0.7363961      0.0000000E+00  0.0000000E+00  0.0000000E+00  0.0000000E+00   1.000000      0.3250232      0.9992469      0.4399752      0.3033109       7.578992       6.650398       8.551403      0.0000000E+00
 day              8         450           1           1           1        1975           5                     1 hru0005           0.7363961      0.0000000E+00  0.0000000E+00  0.0000000E+00  0.0000000E+00   1.000000      0.3319108      0.9787498      0.4354924      0.7109232       9.465630       9.873970       8.698082      0.0000000E+00
 day              9         600           1           1           1        1975           5                     1 hru0005           0.7363961      0.0000000E+00  0.0000000E+00  0.0000000E+00  0.0000000E+00   1.000000      0.3395420      0.5428548      0.2443029      0.4864502       8.272590       5.539109       8.860346      0.0000000E+00
 day             10         750           1           1           1        1975           5                     1 hru0005           0.7363961      0.0000000E+00  0.0000000E+00  0.0000000E+00  0.0000000E+00   1.000000      0.3464255      0.2131508      9.6892484E-02  0.2158980       7.323077       2.196854       9.006509      0.0000000E+00
 day             11         900           1           1           1        1975           5                     1 hru0005           0.7363961      0.0000000E+00  0.0000000E+00  0.0000000E+00  0.0000000E+00   1.000000      0.3525494      0.2003133      9.1858231E-02  0.1653490       6.460118       1.564238       9.136410      0.0000000E+00
 day             12        1050           1           1           1        1975           5                     1 hru0005           0.7363961      0.0000000E+00  0.0000000E+00  0.0000000E+00  0.0000000E+00   1.000000      0.3579392      0.2000076      9.2416473E-02  8.2367420E-02   5.796595      0.7409320       9.250642      0.0000000E+00
 day             13        1200           1           1           1        1975           5                     1 hru0005           0.7363961      0.0000000E+00  0.0000000E+00  0.0000000E+00  0.0000000E+00   1.000000      0.3626429      0.2000002      9.3018256E-02  8.5936069E-02   4.974133      0.7457569       9.350277      0.0000000E+00
 day             14        1500           1           1           1        1975           5                     1 hru0005           0.7363961      0.0000000E+00  0.0000000E+00  0.0000000E+00  0.0000000E+00   1.000000      0.3685485      0.2000000      9.3772508E-02  0.1817765       7.315416       1.503610       9.475300      0.0000000E+00
 day             15        1800           1           1           1        1975           5                     1 hru0005           0.7363961      0.0000000E+00  0.0000000E+00  0.0000000E+00  0.0000000E+00   1.000000      0.3746234      0.2000000      9.4542190E-02  0.1887860       5.365271       1.515951       9.603845      0.0000000E+00
 day             16        2000           1           1           1        1975           5                     1 hru0005           0.7363961      0.0000000E+00  0.0000000E+00  0.0000000E+00  0.0000000E+00   1.000000      0.3784430      0.2000000      9.5022932E-02  0.1282539       2.903263       1.015772       9.684639      0.0000000E+00
 day              1          10           1           1           1        1975           6                     1 hru0006           0.7150851      5.2723926E-03  9.9999998E-03  5.2723926E-03  0.0000000E+00   1.005272      0.3104354      0.9999998      0.4262757      0.6568875      0.3110834       4.708853       8.239894      0.0000000E+00
 day              2          25           1           1           1        1975           6                     1 hru0006           0.7162194      5.2723926E-03  9.9999998E-03  5.2723926E-03  0.0000000E+00   1.005272      0.3112004      0.9999998      0.4271391       1.418699      0.0000000E+00   5.831275       8.256262      0.0000000E+00
 day              3          50           1           1           1        1975           6                     1 hru0006           0.7222652      5.2723926E-03  9.9999998E-03  5.2723926E-03  0.0000000E+00   1.005272      0.3124205      0.9999993      0.4297779       2.313979      0.0000000E+00   9.778832       8.282358      0.0000000E+00
 day              4         100           1           1           1        1975           6                     1 hru0006           0.7274632      0.0000000E+00  0.0000000E+00  0.0000000E+00  0.0000000E+00   1.000000      0.3146931      0.9999964      0.4306159      0.1217527       4.343621       13.52488       8.330943      0.0000000E+00
 day              5         150           1           1           1        1975           6                     1 hru0006           0.7310826      0.0000000E+00  0.0000000E+00  0.0000000E+00  0.0000000E+00   1.000000      0.3176874      0.9999804      0.4337278      0.3727591       3.874836       13.62262       8.394909      0.0000000E+00
 day              6         200           1           1           1        1975           6                     1 hru0006           0.7363961      0.0000000E+00  0.0000000E+00  0.0000000E+00  0.0000000E+00   1.000000      0.3206334      0.9999107      0.4372843      0.1401033       4.301512       3.370091       8.457791      0.0000000E+00
 day              7         300           1           1           1        1975           6                     1 hru0006           0.7363961      0.0000000E+00  0.0000000E+00  0.0000000E+00  0.0000000E+00   1.000000      0.3249461      0.9992469      0.4399230      0.4210920       7.616794       6.780861       8.549760      0.0000000E+00
 day              8         450           1           1           1        1975           6                     1 hru0006           0.7363961      0.0000000E+00  0.0000000E+00  0.0000000E+00  0.0000000E+00   1.000000      0.3318024      0.9787498      0.4354213      0.8221130       9.555298       10.06721       8.695775      0.0000000E+00
 day              9         600           1           1           1        1975           6                     1 hru0006           0.7363961      0.0000000E+00  0.0000000E+00  0.0000000E+00  0.0000000E+00   1.000000      0.3394040      0.5428548      0.2442533      0.5314817       8.400438       5.647288       8.857413      0.0000000E+00
 day             10         750           1           1           1        1975           6                     1 hru0006           0.7363961      0.0000000E+00  0.0000000E+00  0.0000000E+00  0.0000000E+00   1.000000      0.3462665      0.2131508      9.6870251E-02  0.2299247       7.457850       2.239701       9.003136      0.0000000E+00
 day             11         900           1           1           1        1975           6                     1 hru0006           0.7363961      0.0000000E+00  0.0000000E+00  0.0000000E+00  0.0000000E+00   1.000000      0.3523776      0.2003133      9.1835842E-02  0.1722431       6.530071       1.581757       9.132766      0.0000000E+00
 day             12        1050           1           1           1        1975           6                     1 hru0006           0.7363961      0.0000000E+00  0.0000000E+00  0.0000000E+00  0.0000000E+00   1.000000      0.3577611      0.2000076      9.2393473E-02  8.4088802E-02   5.794874      0.7404699       9.246870      0.0000000E+00
 day             13        1200           1           1           1        1975           6                     1 hru0006           0.7363961      0.0000000E+00  0.0000000E+00  0.0000000E+00  0.0000000E+00   1.000000      0.3624642      0.2000002      9.2995338E-02  8.7264061E-02   4.972806      0.7452933       9.346493      0.0000000E+00
 day             14        1500           1           1           1        1975           6                     1 hru0006           0.7363961      0.0000000E+00  0.0000000E+00  0.0000000E+00  0.0000000E+00   1.000000      0.3683761      0.2000000      9.3750581E-02  0.1834269       7.313766       1.502694       9.471651      0.0000000E+00
 day             15        1800           1           1           1        1975           6                     1 hru0006           0.7363961      0.0000000E+00  0.0000000E+00  0.0000000E+00  0.0000000E+00   1.000000      0.3744677      0.2000000      9.4522543E-02  0.1898556       5.364201       1.515068       9.600550      0.0000000E+00
 day             16        2000           1           1           1        1975           6                     1 hru0006           0.7363961      0.0000000E+00  0.0000000E+00  0.0000000E+00  0.0000000E+00   1.000000      0.3783042      0.2000000      9.5005497E-02  0.1287961       2.902720       1.015205       9.681703      0.0000000E+00
 day              1          10           1           1           1        1975           7                     1 hru0007           0.7150851      5.2727978E-03  9.9999998E-03  5.2727978E-03  0.0000000E+00   1.005273      0.3104402      0.9999998      0.4262792      0.3185945      0.4892084       2.314513       8.239997      0.0000000E+00
 day              2          25           1           1           1        1975           7                     1 hru0007           0.7162194      5.2727978E-03  9.9999998E-03  5.2727978E-03  0.0000000E+00   1.005273      0.3112172      0.9999998      0.4271507       1.183950      0.0000000E+00   2.029889       8.256620      0.0000000E+00
 day              3          50           1           1           1        1975           7                     1 hru0007           0.7222652      5.2727978E-03  9.9999998E-03  5.2727978E-03  0.0000000E+00   1.005273      0.3124563      0.9999993      0.4298026       1.931091      0.0000000E+00   3.404152       8.283123      0.0000000E+00
 day              4         100           1           1           1        1975           7                     1 hru0007           0.7274632      0.0000000E+00  0.0000000E+00  0.0000000E+00  0.0000000E+00   1.000000      0.3147640      0.9999964      0.4306644      4.3228149E-02   4.358805       4.802016       8.332458      0.0000000E+00
 day              5         150           1           1           1        1975           7                     1 hru0007           0.7310826      0.0000000E+00  0.0000000E+00  0.0000000E+00  0.0000000E+00   1.000000      0.3178039      0.9999804      0.4338072      0.1323576       4.054986       4.837059       8.397395      0.0000000E+00
 day              6         200           1           1           1        1975           7                     1 hru0007           0.7363961      0.0000000E+00  0.0000000E+00  0.0000000E+00  0.0000000E+00   1.000000      0.3207935      0.9999107      0.4373934      0.1356177       4.162719       3.262192       8.461207      0.0000000E+00
 day              7         300           1           1           1        1975           7                     1 hru0007           0.7363961      0.0000000E+00  0.0000000E+00  0.0000000E+00  0.0000000E+00   1.000000      0.3251676      0.9992469      0.4400730      0.4076471       7.370944       6.564353       8.554482      0.0000000E+00
 day              8         450           1           1           1        1975           7                     1 hru0007           0.7363961      0.0000000E+00  0.0000000E+00  0.0000000E+00  0.0000000E+00   1.000000      0.3321136      0.9787498      0.4356255      0.7959652       9.246678       9.747022       8.702399      0.0000000E+00
 day              9         600           1           1           1        1975           7                     1 hru0007           0.7363961      0.0000000E+00  0.0000000E+00  0.0000000E+00  0.0000000E+00   1.000000      0.3398000      0.5428548      0.2443957      0.5146370       8.129146       5.468298       8.865828      0.0000000E+00
 day             10         750           1           1           1        1975           7                     1 hru0007           0.7363961      0.0000000E+00  0.0000000E+00  0.0000000E+00  0.0000000E+00   1.000000      0.3467222      0.2131508      9.6933976E-02  0.2226539       7.217119       2.168875       9.012806      0.0000000E+00
 day             11         900           1           1           1        1975           7                     1 hru0007           0.7363961      0.0000000E+00  0.0000000E+00  0.0000000E+00  0.0000000E+00   1.000000      0.3528699      0.2003133      9.1899976E-02  0.1690698       6.405172       1.552615       9.143204      0.0000000E+00
 day             12        1050           1           1           1        1975           7                     1 hru0007           0.7363961      0.0000000E+00  0.0000000E+00  0.0000000E+00  0.0000000E+00   1.000000      0.3582706      0.2000076      9.2459239E-02  8.4148884E-02   5.794814      0.7409970       9.257665      0.0000000E+00
 day             13        1200           1           1           1        1975           7                     1 hru0007           0.7363961      0.0000000E+00  0.0000000E+00  0.0000000E+00  0.0000000E+00   1.000000      0.3629753      0.2000002      9.3060873E-02  8.7325573E-02   4.972744      0.7458186       9.357314      0.0000000E+00
 day             14        1500           1           1           1        1975           7                     1 hru0007           0.7363961      0.0000000E+00  0.0000000E+00  0.0000000E+00  0.0000000E+00   1.000000      0.3688683      0.2000000      9.3813181E-02  0.1835494       7.313643       1.503697       9.482068      0.0000000E+00
 day             15        1800           1           1           1        1975           7                     1 hru0007           0.7363961      0.0000000E+00  0.0000000E+00  0.0000000E+00  0.0000000E+00   1.000000      0.3749116      0.2000000      9.4578549E-02  0.1899681       5.364089       1.515965       9.609941      0.0000000E+00
 day             16        2000           1           1           1        1975           7                     1 hru0007           0.7363961      0.0000000E+00  0.0000000E+00  0.0000000E+00  0.0000000E+00   1.000000      0.3786992      0.2000000      9.5055088E-02  0.1288633       2.902653       1.015735       9.690059      0.0000000E+00
 day              1          10           1           1           1        1975           8                     1 hru0008           0.7150851      5.2704322E-03  9.9999998E-03  5.2704322E-03  0.0000000E+00   1.005270      0.3104122      0.9999998      0.4262590      0.1991023      0.3580032       1.468779       8.239398      0.0000000E+00
 day              2          25           1           1           1        1975           8                     1 hru0008           0.7162194      5.2704322E-03  9.9999998E-03  5.2704322E-03  0.0000000E+00   1.005270      0.3111195      0.9999998      0.4270827      0.8165175      0.0000000E+00  0.6871251       8.254531      0.0000000E+00
 day              3          50           1           1           1        1975           8                     1 hru0008           0.7222652      5.2704322E-03  9.9999998E-03  5.2704322E-03  0.0000000E+00   1.005270      0.3122478      0.9999993      0.4296583       1.331787      0.0000000E+00   1.152115       8.278666      0.0000000E+00
 day              4         100           1           1           1        1975           8                     1 hru0008           0.7274632      0.0000000E+00  0.0000000E+00  0.0000000E+00  0.0000000E+00   1.000000      0.3143508      0.9999964      0.4303817      7.3266983E-02   5.088829       8.138871       8.323627      0.0000000E+00
 day              5         150           1           1           1        1975           8                     1 hru0008           0.7310826      0.0000000E+00  0.0000000E+00  0.0000000E+00  0.0000000E+00   1.000000      0.3171249      0.9999804      0.4333436      0.2242384       4.686100       8.194885       8.382896      0.0000000E+00
 day              6         200           1           1           1        1975           8                     1 hru0008           0.7363961      0.0000000E+00  0.0000000E+00  0.0000000E+00  0.0000000E+00   1.000000      0.3198589      0.9999107      0.4367558      0.1399341       4.301681       3.366019       8.441265      0.0000000E+00
 day              7         300           1           1           1        1975           8                     1 hru0008           0.7363961      0.0000000E+00  0.0000000E+00  0.0000000E+00  0.0000000E+00   1.000000      0.3238722      0.9992469      0.4391955      0.4203959       7.617490       6.769646       8.526868      0.0000000E+00
 day              8         450           1           1           1        1975           8                     1 hru0008           0.7363961      0.0000000E+00  0.0000000E+00  0.0000000E+00  0.0000000E+00   1.000000      0.3302866      0.9787498      0.4344256      0.8202324       9.557178       10.04419       8.663513      0.0000000E+00
 day              9         600           1           1           1        1975           8                     1 hru0008           0.7363961      0.0000000E+00  0.0000000E+00  0.0000000E+00  0.0000000E+00   1.000000      0.3374628      0.5428548      0.2435538      0.5299597       8.401960       5.631115       8.816159      0.0000000E+00
 day             10         750           1           1           1        1975           8                     1 hru0008           0.7363961      0.0000000E+00  0.0000000E+00  0.0000000E+00  0.0000000E+00   1.000000      0.3440163      0.2131508      9.6554980E-02  0.2291765       7.458598       2.232411       8.955372      0.0000000E+00
 day             11         900           1           1           1        1975           8                     1 hru0008           0.7363961      0.0000000E+00  0.0000000E+00  0.0000000E+00  0.0000000E+00   1.000000      0.3499268      0.2003133      9.1515929E-02  0.1847615       7.029810       1.696720       9.080792      0.0000000E+00
 day             12        1050           1           1           1        1975           8                     1 hru0008           0.7363961      0.0000000E+00  0.0000000E+00  0.0000000E+00  0.0000000E+00   1.000000      0.3552038      0.2000076      9.2062667E-02  9.9497795E-02   6.881750      0.8761572       9.192677      0.0000000E+00
 day             13        1200           1           1           1        1975           8                     1 hru0008           0.7363961      0.0000000E+00  0.0000000E+00  0.0000000E+00  0.0000000E+00   1.000000      0.3598776      0.2000002      9.2662916E-02  0.1032553       5.905560      0.8818697       9.291707      0.0000000E+00
 day             14        1500           1           1           1        1975           8                     1 hru0008           0.7363961      0.0000000E+00  0.0000000E+00  0.0000000E+00  0.0000000E+00   1.000000      0.3658532      0.2000000      9.3428984E-02  0.2170715       8.685814       1.778322       9.418247      0.0000000E+00
 day             15        1800           1           1           1        1975           8                     1 hru0008           0.7363961      0.0000000E+00  0.0000000E+00  0.0000000E+00  0.0000000E+00   1.000000      0.3721554      0.2000000      9.4230250E-02  0.2247558       6.370664       1.793573       9.551628      0.0000000E+00
 day             16        2000           1           1           1        1975           8                     1 hru0008           0.7363961      0.0000000E+00  0.0000000E+00  0.0000000E+00  0.0000000E+00   1.000000      0.3762201      0.2000000      9.4743446E-02  0.1525228       3.447389       1.202226       9.637621      0.0000000E+00
 day              1          10           1           1           1        1975           9                     1 hru0009           0.7150851      5.2722842E-03  9.9999998E-03  5.2722842E-03  0.0000000E+00   1.005272      0.3104342      0.9999998      0.4262749      0.7001594      0.3304855       5.015119       8.239867      0.0000000E+00
 day              2          25           1           1           1        1975           9                     1 hru0009           0.7162194      5.2722842E-03  9.9999998E-03  5.2722842E-03  0.0000000E+00   1.005272      0.3111960      0.9999998      0.4271360       1.510557      0.0000000E+00   6.317495       8.256166      0.0000000E+00
 day              3          50           1           1           1        1975           9                     1 hru0009           0.7222652      5.2722842E-03  9.9999998E-03  5.2722842E-03  0.0000000E+00   1.005272      0.3124110      0.9999993      0.4297713       2.463805      0.0000000E+00   10.59412       8.282155      0.0000000E+00
 day              4         100           1           1           1        1975           9                     1 hru0009           0.7274632      0.0000000E+00  0.0000000E+00  0.0000000E+00  0.0000000E+00   1.000000      0.3146743      0.9999964      0.4306031      8.9816093E-02   4.660580       9.977215       8.330542      0.0000000E+00
 day              5         150           1           1           1        1975           9                     1 hru0009           0.7310826      0.0000000E+00  0.0000000E+00  0.0000000E+00  0.0000000E+00   1.000000      0.3176566      0.9999804      0.4337067      0.2749767       4.243740       10.04913       8.394250      0.0000000E+00
 day              6         200           1           1           1        1975           9                     1 hru0009           0.7363961      0.0000000E+00  0.0000000E+00  0.0000000E+00  0.0000000E+00   1.000000      0.3205909      0.9999107      0.4372553      0.1400943       4.301521       3.369868       8.456884      0.0000000E+00
 day              7         300           1           1           1        1975           9                     1 hru0009           0.7363961      0.0000000E+00  0.0000000E+00  0.0000000E+00  0.0000000E+00   1.000000      0.3248873      0.9992469      0.4398833      0.4210544       7.616831       6.780248       8.548507      0.0000000E+00
 day              8         450           1           1           1        1975           9                     1 hru0009           0.7363961      0.0000000E+00  0.0000000E+00  0.0000000E+00  0.0000000E+00   1.000000      0.3317196      0.9787498      0.4353670      0.8220100       9.555401       10.06596       8.694015      0.0000000E+00
 day              9         600           1           1           1        1975           9                     1 hru0009           0.7363961      0.0000000E+00  0.0000000E+00  0.0000000E+00  0.0000000E+00   1.000000      0.3392986      0.5428548      0.2442154      0.5313997       8.400520       5.646412       8.855174      0.0000000E+00
 day             10         750           1           1           1        1975           9                     1 hru0009           0.7363961      0.0000000E+00  0.0000000E+00  0.0000000E+00  0.0000000E+00   1.000000      0.3461450      0.2131508      9.6853264E-02  0.2298841       7.457891       2.239308       9.000558      0.0000000E+00
 day             11         900           1           1           1        1975           9                     1 hru0009           0.7363961      0.0000000E+00  0.0000000E+00  0.0000000E+00  0.0000000E+00   1.000000      0.3522461      0.2003133      9.1818713E-02  0.1722107       6.530104       1.581462       9.129978      0.0000000E+00
 day             12        1050           1           1           1        1975           9                     1 hru0009           0.7363961      0.0000000E+00  0.0000000E+00  0.0000000E+00  0.0000000E+00   1.000000      0.3576249      0.2000076      9.2375889E-02  8.4073067E-02   5.794889      0.7403290       9.243983      0.0000000E+00
 day             13        1200           1           1           1        1975           9                     1 hru0009           0.7363961      0.0000000E+00  0.0000000E+00  0.0000000E+00  0.0000000E+00   1.000000      0.3623273      0.2000002      9.2977777E-02  8.7247372E-02   4.972822      0.7451527       9.343594      0.0000000E+00
 day             14        1500           1           1           1        1975           9                     1 hru0009           0.7363961      0.0000000E+00  0.0000000E+00  0.0000000E+00  0.0000000E+00   1.000000      0.3682438      0.2000000      9.3733743E-02  0.1833940       7.313798       1.502424       9.468852      0.0000000E+00
 day             15        1800           1           1           1        1975           9                     1 hru0009           0.7363961      0.0000000E+00  0.0000000E+00  0.0000000E+00  0.0000000E+00   1.000000      0.3743480      0.2000000      9.4507433E-02  0.1898255       5.364231       1.514825       9.598018      0.0000000E+00
 day             16        2000           1           1           1        1975           9                     1 hru0009           0.7363961      0.0000000E+00  0.0000000E+00  0.0000000E+00  0.0000000E+00   1.000000      0.3781973      0.2000000      9.4992086E-02  0.1287780       2.902739       1.015062       9.679444      0.0000000E+00
 day              1          10           1           1           1        1975          10                     1 hru0010           0.7150851      5.2716997E-03  9.9999998E-03  5.2716997E-03  0.0000000E+00   1.005272      0.3104272      0.9999998      0.4262698      0.6023175      0.3377981       4.322621       8.239718      0.0000000E+00
 day              2          25           1           1           1        1975          10                     1 hru0010           0.7162194      5.2716997E-03  9.9999998E-03  5.2716997E-03  0.0000000E+00   1.005272      0.3111718      0.9999998      0.4271191       1.377873      0.0000000E+00   5.217922       8.255650      0.0000000E+00
 day              3          50           1           1           1        1975          10                     1 hru0010           0.7222652      5.2716997E-03  9.9999998E-03  5.2716997E-03  0.0000000E+00   1.005272      0.3123595      0.9999993      0.4297356       2.247390      0.0000000E+00   8.749806       8.281053      0.0000000E+00
 day              4         100           1           1           1        1975          10                     1 hru0010           0.7274632      0.0000000E+00  0.0000000E+00  0.0000000E+00  0.0000000E+00   1.000000      0.3145721      0.9999964      0.4305331      8.8429451E-02   4.471951       9.823170       8.328358      0.0000000E+00
 day              5         150           1           1           1        1975          10                     1 hru0010           0.7310826      0.0000000E+00  0.0000000E+00  0.0000000E+00  0.0000000E+00   1.000000      0.3174887      0.9999804      0.4335921      0.2707038       4.067264       9.892963       8.390665      0.0000000E+00
 day              6         200           1           1           1        1975          10                     1 hru0010           0.7363961      0.0000000E+00  0.0000000E+00  0.0000000E+00  0.0000000E+00   1.000000      0.3203600      0.9999107      0.4370978      0.1400437       4.301571       3.368654       8.451957      0.0000000E+00
 day              7         300           1           1           1        1975          10                     1 hru0010           0.7363961      0.0000000E+00  0.0000000E+00  0.0000000E+00  0.0000000E+00   1.000000      0.3245673      0.9992469      0.4396666      0.4208469       7.617039       6.776908       8.541687      0.0000000E+00
 day              8         450           1           1           1        1975          10                     1 hru0010           0.7363961      0.0000000E+00  0.0000000E+00  0.0000000E+00  0.0000000E+00   1.000000      0.3312690      0.9787498      0.4350712      0.8214521       9.555959       10.05912       8.684425      0.0000000E+00
 day              9         600           1           1           1        1975          10                     1 hru0010           0.7363961      0.0000000E+00  0.0000000E+00  0.0000000E+00  0.0000000E+00   1.000000      0.3387234      0.5428548      0.2440082      0.5309486       8.400971       5.641623       8.842951      0.0000000E+00
 day             10         750           1           1           1        1975          10                     1 hru0010           0.7363961      0.0000000E+00  0.0000000E+00  0.0000000E+00  0.0000000E+00   1.000000      0.3454807      0.2131508      9.6760266E-02  0.2296638       7.458111       2.237158       8.986458      0.0000000E+00
 day             11         900           1           1           1        1975          10                     1 hru0010           0.7363961      0.0000000E+00  0.0000000E+00  0.0000000E+00  0.0000000E+00   1.000000      0.3515254      0.2003133      9.1724716E-02  0.1755404       6.663359       1.612038       9.114696      0.0000000E+00
 day             12        1050           1           1           1        1975          10                     1 hru0010           0.7363961      0.0000000E+00  0.0000000E+00  0.0000000E+00  0.0000000E+00   1.000000      0.3568758      0.2000076      9.2279099E-02  8.8183880E-02   6.084705      0.7765281       9.228112      0.0000000E+00
 day             13        1200           1           1           1        1975          10                     1 hru0010           0.7363961      0.0000000E+00  0.0000000E+00  0.0000000E+00  0.0000000E+00   1.000000      0.3615728      0.2000002      9.2880920E-02  9.1514111E-02   5.221540      0.7815924       9.327615      0.0000000E+00
 day             14        1500           1           1           1        1975          10                     1 hru0010           0.7363961      0.0000000E+00  0.0000000E+00  0.0000000E+00  0.0000000E+00   1.000000      0.3675125      0.2000000      9.3640618E-02  0.1923714       7.679635       1.575969       9.453373      0.0000000E+00
 day             15        1800           1           1           1        1975          10                     1 hru0010           0.7363961      0.0000000E+00  0.0000000E+00  0.0000000E+00  0.0000000E+00   1.000000      0.3736831      0.2000000      9.4423465E-02  0.1991386       5.632586       1.589144       9.583952      0.0000000E+00
 day             16        2000           1           1           1        1975          10                     1 hru0010           0.7363961      0.0000000E+00  0.0000000E+00  0.0000000E+00  0.0000000E+00   1.000000      0.3776019      0.2000000      9.4917282E-02  0.1351097       3.047968       1.064971       9.666850      0.0000000E+00
 day              1          10           1           1           1        1975          11                     1 hru0011           0.7150851      5.2699796E-03  9.9999998E-03  5.2699796E-03  0.0000000E+00   1.005270      0.3104069      0.9999998      0.4262552      0.7589457      0.3761566       5.431188       8.239284      0.0000000E+00
 day              2          25           1           1           1        1975          11                     1 hru0011           0.7162194      5.2699796E-03  9.9999998E-03  5.2699796E-03  0.0000000E+00   1.005270      0.3111008      0.9999998      0.4270697       1.663654      0.0000000E+00   6.977390       8.254131      0.0000000E+00
 day              3          50           1           1           1        1975          11                     1 hru0011           0.7222652      5.2699801E-03  9.9999998E-03  5.2699801E-03  0.0000000E+00   1.005270      0.3122079      0.9999993      0.4296306       2.713515      0.0000000E+00   11.69872       8.277812      0.0000000E+00
 day              4         100           1           1           1        1975          11                     1 hru0011           0.7274632      0.0000000E+00  0.0000000E+00  0.0000000E+00  0.0000000E+00   1.000000      0.3142717      0.9999964      0.4303275      8.0343723E-02   4.923411       8.924968       8.321936      0.0000000E+00
 day              5         150           1           1           1        1975          11                     1 hru0011           0.7310826      0.0000000E+00  0.0000000E+00  0.0000000E+00  0.0000000E+00   1.000000      0.3169947      0.9999804      0.4332547      0.2458773       4.513841       8.985679       8.380116      0.0000000E+00
 day              6         200           1           1           1        1975          11                     1 hru0011           0.7363961      0.0000000E+00  0.0000000E+00  0.0000000E+00  0.0000000E+00   1.000000      0.3196795      0.9999107      0.4366333      0.1606531       4.940038       3.864405       8.437434      0.0000000E+00
 day              7         300           1           1           1        1975          11                     1 hru0011           0.7363961      0.0000000E+00  0.0000000E+00  0.0000000E+00  0.0000000E+00   1.000000      0.3236227      0.9992469      0.4390262      0.4825907       8.748000       7.771168       8.521548      0.0000000E+00
 day              8         450           1           1           1        1975          11                     1 hru0011           0.7363961      0.0000000E+00  0.0000000E+00  0.0000000E+00  0.0000000E+00   1.000000      0.3299329      0.9787498      0.4341929      0.9414387       10.97582       11.52842       8.655984      0.0000000E+00
 day              9         600           1           1           1        1975          11                     1 hru0011           0.7363961      0.0000000E+00  0.0000000E+00  0.0000000E+00  0.0000000E+00   1.000000      0.3370068      0.5428548      0.2433892      0.6081867       9.649096       6.462318       8.806467      0.0000000E+00
 day             10         750           1           1           1        1975          11                     1 hru0011           0.7363961      0.0000000E+00  0.0000000E+00  0.0000000E+00  0.0000000E+00   1.000000      0.3434838      0.2131508      9.6480228E-02  0.2629786       8.565546       2.561683       8.944066      0.0000000E+00
 day             11         900           1           1           1        1975          11                     1 hru0011           0.7363961      0.0000000E+00  0.0000000E+00  0.0000000E+00  0.0000000E+00   1.000000      0.3493421      0.2003133      9.1439448E-02  0.2031775       7.737123       1.865835       9.068392      0.0000000E+00
 day             12        1050           1           1           1        1975          11                     1 hru0011           0.7363961      0.0000000E+00  0.0000000E+00  0.0000000E+00  0.0000000E+00   1.000000      0.3545887      0.2000076      9.1982916E-02  0.1035976       7.171609      0.9122584       9.179639      0.0000000E+00
 day             13        1200           1           1           1        1975          11                     1 hru0011           0.7363961      0.0000000E+00  0.0000000E+00  0.0000000E+00  0.0000000E+00   1.000000      0.3592501      0.2000002      9.2582099E-02  0.1075091       6.154319      0.9182010       9.278416      0.0000000E+00
 day             14        1500           1           1           1        1975          11                     1 hru0011           0.7363961      0.0000000E+00  0.0000000E+00  0.0000000E+00  0.0000000E+00   1.000000      0.3652335      0.2000000      9.3349829E-02  0.2260199       9.051738       1.851631       9.405128      0.0000000E+00
 day             15        1800           1           1           1        1975          11                     1 hru0011           0.7363961      0.0000000E+00  0.0000000E+00  0.0000000E+00  0.0000000E+00   1.000000      0.3715783      0.2000000      9.4157174E-02  0.2340379       6.639094       1.867645       9.539417      0.0000000E+00
 day             16        2000           1           1           1        1975          11                     1 hru0011           0.7363961      0.0000000E+00  0.0000000E+00  0.0000000E+00  0.0000000E+00   1.000000      0.3756933      0.2000000      9.4677098E-02  0.1588342       3.592665       1.251973       9.626477      0.0000000E+00
 day              1          10           1           1           1        1975          12                     1 hru0012           0.7150851      5.2714576E-03  9.9999998E-03  5.2714576E-03  0.0000000E+00   1.005271      0.3104244      0.9999998      0.4262678      0.6715099      0.3869905       4.812345       8.239657      0.0000000E+00
 day              2          25           1           1           1        1975          12                     1 hru0012           0.7162194      5.2714576E-03  9.9999998E-03  5.2714576E-03  0.0000000E+00   1.005271      0.3111618      0.9999998      0.4271122       1.551383      0.0000000E+00   5.995355       8.255437      0.0000000E+00
 day              3          50           1           1           1        1975          12                     1 hru0012           0.7222652      5.2714576E-03  9.9999998E-03  5.2714576E-03  0.0000000E+00   1.005271      0.3123382      0.9999993      0.4297208       2.530395      0.0000000E+00   10.05329       8.280599      0.0000000E+00
 day              4         100           1           1           1        1975          12                     1 hru0012           0.7274632      0.0000000E+00  0.0000000E+00  0.0000000E+00  0.0000000E+00   1.000000      0.3145301      0.9999964      0.4305044      8.2401276E-02   4.731333       9.153526       8.327459      0.0000000E+00
 day              5         150           1           1           1        1975          12                     1 hru0012           0.7310826      0.0000000E+00  0.0000000E+00  0.0000000E+00  0.0000000E+00   1.000000      0.3174196      0.9999804      0.4335449      0.2522388       4.326727       9.218176       8.389190      0.0000000E+00
 day              6         200           1           1           1        1975          12                     1 hru0012           0.7363961      0.0000000E+00  0.0000000E+00  0.0000000E+00  0.0000000E+00   1.000000      0.3202648      0.9999107      0.4370328      0.1427331       4.384851       3.433346       8.449926      0.0000000E+00
 day              7         300           1           1           1        1975          12                     1 hru0012           0.7363961      0.0000000E+00  0.0000000E+00  0.0000000E+00  0.0000000E+00   1.000000      0.3244354      0.9992469      0.4395773      0.4289050       7.764552       6.906671       8.538876      0.0000000E+00
 day              8         450           1           1           1        1975          12                     1 hru0012           0.7363961      0.0000000E+00  0.0000000E+00  0.0000000E+00  0.0000000E+00   1.000000      0.3310831      0.9787498      0.4349490      0.8371153       9.741145       10.25093       8.680467      0.0000000E+00
 day              9         600           1           1           1        1975          12                     1 hru0012           0.7363961      0.0000000E+00  0.0000000E+00  0.0000000E+00  0.0000000E+00   1.000000      0.3384854      0.5428548      0.2439225      0.5410347       8.563758       5.748793       8.837893      0.0000000E+00
 day             10         750           1           1           1        1975          12                     1 hru0012           0.7363961      0.0000000E+00  0.0000000E+00  0.0000000E+00  0.0000000E+00   1.000000      0.3452051      0.2131508      9.6721664E-02  0.2340155       7.602551       2.279547       8.980609      0.0000000E+00
 day             11         900           1           1           1        1975          12                     1 hru0012           0.7363961      0.0000000E+00  0.0000000E+00  0.0000000E+00  0.0000000E+00   1.000000      0.3512256      0.2003133      9.1685608E-02  0.1774368       6.738304       1.629456       9.108338      0.0000000E+00
 day             12        1050           1           1           1        1975          12                     1 hru0012           0.7363961      0.0000000E+00  0.0000000E+00  0.0000000E+00  0.0000000E+00   1.000000      0.3565634      0.2000076      9.2238694E-02  8.8145256E-02   6.084743      0.7761882       9.221492      0.0000000E+00
 day             13        1200           1           1           1        1975          12                     1 hru0012           0.7363961      0.0000000E+00  0.0000000E+00  0.0000000E+00  0.0000000E+00   1.000000      0.3612572      0.2000002      9.2840374E-02  9.1474056E-02   5.221581      0.7812513       9.320930      0.0000000E+00
 day             14        1500           1           1           1        1975          12                     1 hru0012           0.7363961      0.0000000E+00  0.0000000E+00  0.0000000E+00  0.0000000E+00   1.000000      0.3672053      0.2000000      9.3601473E-02  0.1922908       7.679715       1.575310       9.446869      0.0000000E+00
 day             15        1800           1           1           1        1975          12                     1 hru0012           0.7363961      0.0000000E+00  0.0000000E+00  0.0000000E+00  0.0000000E+00   1.000000      0.3734022      0.2000000      9.4387963E-02  0.1990638       5.632661       1.588547       9.578009      0.0000000E+00
 day             16        2000           1           1           1        1975          12                     1 hru0012           0.7363961      0.0000000E+00  0.0000000E+00  0.0000000E+00  0.0000000E+00   1.000000      0.3773493      0.2000000      9.4885528E-02  0.1350646       3.048013       1.064614       9.661506      0.0000000E+00
 day              1          10           2           1           2        1975           1                     1 hru0001           0.6954528      4.4373483E-03  9.9999998E-03  4.4373483E-03  0.0000000E+00   1.004437      0.2600813      0.9999998      0.3844622      0.4043494      0.4670640       3.075738       7.152118      0.0000000E+00
 day              2          25           2           1           2        1975           1                     1 hru0001           0.6975832      4.4373488E-03  9.9999998E-03  4.4373488E-03  0.0000000E+00   1.004437      0.2615993      0.9999998      0.3861727       1.281553      3.6859684E-04   1.994895       7.185276      0.0000000E+00
 day              3          50           2           1           2        1975           1                     1 hru0001           0.7090236      4.4373493E-03  9.9999998E-03  4.4373493E-03  0.0000000E+00   1.004437      0.2640220      0.9999993      0.3911248       2.097023      6.1432802E-04   3.367090       7.238139      0.0000000E+00
 day              4         100           2           1           2        1975           1                     1 hru0001           0.7189963      0.0000000E+00  0.0000000E+00  0.0000000E+00  0.0000000E+00   1.000000      0.2685399      0.9999964      0.3954656       4.497039      0.0000000E+00   4.861766       7.336546      0.0000000E+00
 day              5         150           2           1           2        1975           1                     1 hru0001           0.7242731      0.0000000E+00  0.0000000E+00  0.0000000E+00  0.0000000E+00   1.000000      0.2745023      0.9999804      0.4012899       4.277716      0.0000000E+00   4.932706       7.466077      0.0000000E+00
 day              6         200           2           1           2        1975           1                     1 hru0001           0.7363961      0.0000000E+00  0.0000000E+00  0.0000000E+00  0.0000000E+00   1.000000      0.2803780      0.9999107      0.4089135      5.5838227E-02   4.242224       2.993672       7.593371      0.0000000E+00
 day              7         300           2           1           2        1975           1                     1 hru0001           0.7363961      0.0000000E+00  0.0000000E+00  0.0000000E+00  0.0000000E+00   1.000000      0.2889942      0.9992469      0.4148734      0.2936265       7.484929       6.073915       7.779453      0.0000000E+00
 day              8         450           2           1           2        1975           1                     1 hru0001           0.7363961      0.0000000E+00  0.0000000E+00  0.0000000E+00  0.0000000E+00   1.000000      0.3027197      0.9787498      0.4159013      0.6805599       9.362083       9.135190       8.074594      0.0000000E+00
 day              9         600           2           1           2        1975           1                     1 hru0001           0.7363961      0.0000000E+00  0.0000000E+00  0.0000000E+00  0.0000000E+00   1.000000      0.3179620      0.5428548      0.2364120      0.4666976       8.177085       5.235291       8.400771      0.0000000E+00
 day             10         750           2           1           2        1975           1                     1 hru0001           0.7363961      0.0000000E+00  0.0000000E+00  0.0000000E+00  0.0000000E+00   1.000000      0.3317289      0.2131508      9.4814964E-02  0.2087051       7.231068       2.112814       8.694213      0.0000000E+00
 day             11         900           2           1           2        1975           1                     1 hru0001           0.7363961      0.0000000E+00  0.0000000E+00  0.0000000E+00  0.0000000E+00   1.000000      0.3439822      0.2003133      9.0735257E-02  0.1621318       6.412110       1.527047       8.954649      0.0000000E+00
 day             12        1050           2           1           2        1975           1                     1 hru0001           0.7363961      0.0000000E+00  0.0000000E+00  0.0000000E+00  0.0000000E+00   1.000000      0.3547633      0.2000076      9.2005566E-02  8.1996083E-02   5.796967      0.7345350       9.183341      0.0000000E+00
 day             13        1200           2           1           2        1975           1                     1 hru0001           0.7363961      0.0000000E+00  0.0000000E+00  0.0000000E+00  0.0000000E+00   1.000000      0.3641655      0.2000002      9.3213335E-02  8.6093664E-02   4.973976      0.7441589       9.382518      0.0000000E+00
 day             14        1500           2           1           2        1975           1                     1 hru0001           0.7363961      0.0000000E+00  0.0000000E+00  0.0000000E+00  0.0000000E+00   1.000000      0.3759541      0.2000000      9.4709940E-02  0.1834977       7.313694       1.512168       9.631993      0.0000000E+00
 day             15        1800           2           1           2        1975           1                     1 hru0001           0.7363961      0.0000000E+00  0.0000000E+00  0.0000000E+00  0.0000000E+00   1.000000      0.3880534      0.2000000      9.6221901E-02  0.1920091       5.362048       1.536259       9.887871      0.0000000E+00
 day             16        2000           2           1           2        1975           1                     1 hru0001           0.7363961      0.0000000E+00  0.0000000E+00  0.0000000E+00  0.0000000E+00   1.000000      0.3956409      0.2000000      9.7158045E-02  0.1310370       2.900479       1.034116       10.04830      0.0000000E+00
 day              1          10           2           1           2        1975           2                     1 hru0002           0.6693975      4.3676035E-03  9.9999998E-03  4.3676035E-03  0.0000000E+00   1.004368      0.2561797      0.9999998      0.3743255      0.2042273      0.5248381       1.484291       7.066767      0.0000000E+00
 day              2          25           2           1           2        1975           2                     1 hru0002           0.6728801      4.3676035E-03  9.9999998E-03  4.3676035E-03  0.0000000E+00   1.004368      0.2575678      0.9999998      0.3763134       1.062986      3.8052414E-04  0.9717929       7.097155      0.0000000E+00
 day              3          50           2           1           2        1975           2                     1 hru0002           0.6915799      4.3676035E-03  9.9999998E-03  4.3676035E-03  0.0000000E+00   1.004368      0.2597840      0.9999993      0.3831442       1.747392      6.3420687E-04   1.648792       7.145622      0.0000000E+00
 day              4         100           2           1           2        1975           2                     1 hru0002           0.7078869      0.0000000E+00  0.0000000E+00  0.0000000E+00  0.0000000E+00   1.000000      0.2639206      0.9999964      0.3890089       5.478793      0.0000000E+00   7.579811       7.235929      0.0000000E+00
 day              5         150           2           1           2        1975           2                     1 hru0002           0.7147269      0.0000000E+00  0.0000000E+00  0.0000000E+00  0.0000000E+00   1.000000      0.2693886      0.9999804      0.3949060       5.211588      0.0000000E+00   7.693503       7.355006      0.0000000E+00
 day              6         200           2           1           2        1975           2                     1 hru0002           0.7363961      0.0000000E+00  0.0000000E+00  0.0000000E+00  0.0000000E+00   1.000000      0.2747903      0.9999107      0.4048183      6.4451039E-02   4.949961       3.457917       7.472322      0.0000000E+00
 day              7         300           2           1           2        1975           2                     1 hru0002           0.7363961      0.0000000E+00  0.0000000E+00  0.0000000E+00  0.0000000E+00   1.000000      0.2827415      0.9992469      0.4103608      0.3387755       8.736208       7.009781       7.644483      0.0000000E+00
 day              8         450           2           1           2        1975           2                     1 hru0002           0.7363961      0.0000000E+00  0.0000000E+00  0.0000000E+00  0.0000000E+00   1.000000      0.2955051      0.9787498      0.4109154      0.7844028       10.93201       10.53101       7.919642      0.0000000E+00
 day              9         600           2           1           2        1975           2                     1 hru0002           0.7363961      0.0000000E+00  0.0000000E+00  0.0000000E+00  0.0000000E+00   1.000000      0.3098637      0.5428548      0.2333819      0.5374874       9.546926       6.029924       8.227659      0.0000000E+00
 day             10         750           2           1           2        1975           2                     1 hru0002           0.7363961      0.0000000E+00  0.0000000E+00  0.0000000E+00  0.0000000E+00   1.000000      0.3230490      0.2131508      9.3566284E-02  0.2402811       8.439453       2.432549       8.509316      0.0000000E+00
 day             11         900           2           1           2        1975           2                     1 hru0002           0.7363961      0.0000000E+00  0.0000000E+00  0.0000000E+00  0.0000000E+00   1.000000      0.3350007      0.2003133      8.9542866E-02  0.1901302       7.622105       1.790801       8.763814      0.0000000E+00
 day             12        1050           2           1           2        1975           2                     1 hru0002           0.7363961      0.0000000E+00  0.0000000E+00  0.0000000E+00  0.0000000E+00   1.000000      0.3457207      0.2000076      9.0825431E-02  9.8650575E-02   7.066324      0.8837516       8.991553      0.0000000E+00
 day             13        1200           2           1           2        1975           2                     1 hru0002           0.7363961      0.0000000E+00  0.0000000E+00  0.0000000E+00  0.0000000E+00   1.000000      0.3552555      0.2000002      9.2065938E-02  0.1036348       6.063315      0.8957991       9.193772      0.0000000E+00
 day             14        1500           2           1           2        1975           2                     1 hru0002           0.7363961      0.0000000E+00  0.0000000E+00  0.0000000E+00  0.0000000E+00   1.000000      0.3675044      0.2000000      9.3639590E-02  0.2211107       8.916097       1.822168       9.453200      0.0000000E+00
 day             15        1800           2           1           2        1975           2                     1 hru0002           0.7363961      0.0000000E+00  0.0000000E+00  0.0000000E+00  0.0000000E+00   1.000000      0.3805008      0.2000000      9.5280930E-02  0.2317231       6.537286       1.854043       9.728163      0.0000000E+00
 day             16        2000           2           1           2        1975           2                     1 hru0002           0.7363961      0.0000000E+00  0.0000000E+00  0.0000000E+00  0.0000000E+00   1.000000      0.3889315      0.2000000      9.6330717E-02  0.1583416       3.536317       1.249618       9.906439      0.0000000E+00
 day              1          10           2           1           2        1975           3                     1 hru0003           0.6954528      4.4371299E-03  9.9999998E-03  4.4371299E-03  0.0000000E+00   1.004437      0.2600784      0.9999998      0.3844599      0.6447148      0.3344782       4.708241       7.152054      0.0000000E+00
 day              2          25           2           1           2        1975           3                     1 hru0003           0.6975831      4.4371299E-03  9.9999998E-03  4.4371299E-03  0.0000000E+00   1.004437      0.2615902      0.9999998      0.3861658       1.434270      2.6395003E-04   4.579770       7.185076      0.0000000E+00
 day              3          50           2           1           2        1975           3                     1 hru0003           0.7090236      4.4371304E-03  9.9999998E-03  4.4371304E-03  0.0000000E+00   1.004437      0.2640029      0.9999993      0.3911106       2.346921      4.3991671E-04   7.729821       7.237723      0.0000000E+00
 day              4         100           2           1           2        1975           3                     1 hru0003           0.7189963      0.0000000E+00  0.0000000E+00  0.0000000E+00  0.0000000E+00   1.000000      0.2685025      0.9999964      0.3954380       4.655390      0.0000000E+00   10.78416       7.335732      0.0000000E+00
 day              5         150           2           1           2        1975           3                     1 hru0003           0.7242731      0.0000000E+00  0.0000000E+00  0.0000000E+00  0.0000000E+00   1.000000      0.2744411      0.9999804      0.4012451       4.428344      0.0000000E+00   10.94106       7.464747      0.0000000E+00
 day              6         200           2           1           2        1975           3                     1 hru0003           0.7363961      0.0000000E+00  0.0000000E+00  0.0000000E+00  0.0000000E+00   1.000000      0.2802937      0.9999107      0.4088520      5.5829108E-02   4.242234       2.993226       7.591547      0.0000000E+00
 day              7         300           2           1           2        1975           3                     1 hru0003           0.7363961      0.0000000E+00  0.0000000E+00  0.0000000E+00  0.0000000E+00   1.000000      0.2888774      0.9992469      0.4147896      0.2935662       7.484990       6.072698       7.776936      0.0000000E+00
 day              8         450           2           1           2        1975           3                     1 hru0003           0.7363961      0.0000000E+00  0.0000000E+00  0.0000000E+00  0.0000000E+00   1.000000      0.3025554      0.9787498      0.4157884      0.6803735       9.362269       9.132730       8.071069      0.0000000E+00
 day              9         600           2           1           2        1975           3                     1 hru0003           0.7363961      0.0000000E+00  0.0000000E+00  0.0000000E+00  0.0000000E+00   1.000000      0.3177525      0.5428548      0.2363341      0.4665434       8.177239       5.233573       8.396298      0.0000000E+00
 day             10         750           2           1           2        1975           3                     1 hru0003           0.7363961      0.0000000E+00  0.0000000E+00  0.0000000E+00  0.0000000E+00   1.000000      0.3314877      0.2131508      9.4780467E-02  0.2086291       7.231143       2.112046       8.689078      0.0000000E+00
 day             11         900           2           1           2        1975           3                     1 hru0003           0.7363961      0.0000000E+00  0.0000000E+00  0.0000000E+00  0.0000000E+00   1.000000      0.3437214      0.2003133      9.0700842E-02  0.1620703       6.412172       1.526468       8.949111      0.0000000E+00
 day             12        1050           2           1           2        1975           3                     1 hru0003           0.7363961      0.0000000E+00  0.0000000E+00  0.0000000E+00  0.0000000E+00   1.000000      0.3544934      0.2000076      9.1970555E-02  8.1964910E-02   5.796998      0.7342561       9.177620      0.0000000E+00
 day             13        1200           2           1           2        1975           3                     1 hru0003           0.7363961      0.0000000E+00  0.0000000E+00  0.0000000E+00  0.0000000E+00   1.000000      0.3638948      0.2000002      9.3178675E-02  8.6061656E-02   4.974008      0.7438827       9.376785      0.0000000E+00
 day             14        1500           2           1           2        1975           3                     1 hru0003           0.7363961      0.0000000E+00  0.0000000E+00  0.0000000E+00  0.0000000E+00   1.000000      0.3756935      0.2000000      9.4677120E-02  0.1834341       7.313758       1.511645       9.626481      0.0000000E+00
 day             15        1800           2           1           2        1975           3                     1 hru0003           0.7363961      0.0000000E+00  0.0000000E+00  0.0000000E+00  0.0000000E+00   1.000000      0.3878187      0.2000000      9.6192792E-02  0.1919510       5.362106       1.535795       9.882908      0.0000000E+00
 day             16        2000           2           1           2        1975           3                     1 hru0003           0.7363961      0.0000000E+00  0.0000000E+00  0.0000000E+00  0.0000000E+00   1.000000      0.3954322      0.2000000      9.7132415E-02  0.1310024       2.900514       1.033844       10.04388      0.0000000E+00
 day              1          10           2           1           2        1975           4                     1 hru0004           0.6954528      4.4368836E-03  9.9999998E-03  4.4368836E-03  0.0000000E+00   1.004437      0.2600750      0.9999998      0.3844574      0.6048532      0.2913199       4.498855       7.151981      0.0000000E+00
 day              2          25           2           1           2        1975           4                     1 hru0004           0.6975831      4.4368836E-03  9.9999998E-03  4.4368836E-03  0.0000000E+00   1.004437      0.2615798      0.9999998      0.3861581       1.312217      2.2987930E-04   4.248195       7.184850      0.0000000E+00
 day              3          50           2           1           2        1975           4                     1 hru0004           0.7090236      4.4368836E-03  9.9999998E-03  4.4368836E-03  0.0000000E+00   1.004437      0.2639813      0.9999993      0.3910945       2.147204      3.8313214E-04   7.170038       7.237252      0.0000000E+00
 day              4         100           2           1           2        1975           4                     1 hru0004           0.7189963      0.0000000E+00  0.0000000E+00  0.0000000E+00  0.0000000E+00   1.000000      0.2684602      0.9999964      0.3954069       4.212021      0.0000000E+00   10.88602       7.334811      0.0000000E+00
 day              5         150           2           1           2        1975           4                     1 hru0004           0.7242731      0.0000000E+00  0.0000000E+00  0.0000000E+00  0.0000000E+00   1.000000      0.2743717      0.9999804      0.4011944       4.006598      0.0000000E+00   11.04388       7.463243      0.0000000E+00
 day              6         200           2           1           2        1975           4                     1 hru0004           0.7363961      0.0000000E+00  0.0000000E+00  0.0000000E+00  0.0000000E+00   1.000000      0.2801984      0.9999107      0.4087825      5.7679772E-02   4.383653       3.092479       7.589485      0.0000000E+00
 day              7         300           2           1           2        1975           4                     1 hru0004           0.7363961      0.0000000E+00  0.0000000E+00  0.0000000E+00  0.0000000E+00   1.000000      0.2887455      0.9992469      0.4146948      0.3032814       7.734568       6.273705       7.774089      0.0000000E+00
 day              8         450           2           1           2        1975           4                     1 hru0004           0.7363961      0.0000000E+00  0.0000000E+00  0.0000000E+00  0.0000000E+00   1.000000      0.3023695      0.9787498      0.4156606      0.7028360       9.674574       9.434292       8.067080      0.0000000E+00
 day              9         600           2           1           2        1975           4                     1 hru0004           0.7363961      0.0000000E+00  0.0000000E+00  0.0000000E+00  0.0000000E+00   1.000000      0.3175153      0.5428548      0.2362459      0.4819151       8.450005       5.406024       8.391233      0.0000000E+00
 day             10         750           2           1           2        1975           4                     1 hru0004           0.7363961      0.0000000E+00  0.0000000E+00  0.0000000E+00  0.0000000E+00   1.000000      0.3312142      0.2131508      9.4741367E-02  0.2154948       7.472280       2.181552       8.683258      0.0000000E+00
 day             11         900           2           1           2        1975           4                     1 hru0004           0.7363961      0.0000000E+00  0.0000000E+00  0.0000000E+00  0.0000000E+00   1.000000      0.3434255      0.2003133      9.0661794E-02  0.1651564       6.537158       1.555537       8.942828      0.0000000E+00
 day             12        1050           2           1           2        1975           4                     1 hru0004           0.7363961      0.0000000E+00  0.0000000E+00  0.0000000E+00  0.0000000E+00   1.000000      0.3541869      0.2000076      9.1930799E-02  8.1929445E-02   5.797033      0.7339393       9.171123      0.0000000E+00
 day             13        1200           2           1           2        1975           4                     1 hru0004           0.7363961      0.0000000E+00  0.0000000E+00  0.0000000E+00  0.0000000E+00   1.000000      0.3635872      0.2000002      9.3139291E-02  8.6025298E-02   4.974044      0.7435688       9.370273      0.0000000E+00
 day             14        1500           2           1           2        1975           4                     1 hru0004           0.7363961      0.0000000E+00  0.0000000E+00  0.0000000E+00  0.0000000E+00   1.000000      0.3753971      0.2000000      9.4639763E-02  0.1833618       7.313830       1.511050       9.620210      0.0000000E+00
 day             15        1800           2           1           2        1975           4                     1 hru0004           0.7363961      0.0000000E+00  0.0000000E+00  0.0000000E+00  0.0000000E+00   1.000000      0.3875513      0.2000000      9.6159630E-02  0.1918849       5.362172       1.535267       9.877254      0.0000000E+00
 day             16        2000           2           1           2        1975           4                     1 hru0004           0.7363961      0.0000000E+00  0.0000000E+00  0.0000000E+00  0.0000000E+00   1.000000      0.3951942      0.2000000      9.7103179E-02  0.1309630       2.900554       1.033533       10.03885      0.0000000E+00
 day              1          10           2           1           2        1975           5                     1 hru0005           0.6954529      4.4369539E-03  9.9999998E-03  4.4369539E-03  0.0000000E+00   1.004437      0.2600760      0.9999998      0.3844582      0.7205794      0.2807540       5.234670       7.152002      0.0000000E+00
 day              2          25           2           1           2        1975           5                     1 hru0005           0.6975832      4.4369544E-03  9.9999998E-03  4.4369544E-03  0.0000000E+00   1.004437      0.2615828      0.9999998      0.3861603       1.464836      2.2154534E-04   5.413272       7.184915      0.0000000E+00
 day              3          50           2           1           2        1975           5                     1 hru0005           0.7090236      4.4369544E-03  9.9999998E-03  4.4369544E-03  0.0000000E+00   1.004437      0.2639875      0.9999993      0.3910992       2.396938      3.6924222E-04   9.136483       7.237388      0.0000000E+00
 day              4         100           2           1           2        1975           5                     1 hru0005           0.7189963      0.0000000E+00  0.0000000E+00  0.0000000E+00  0.0000000E+00   1.000000      0.2684723      0.9999964      0.3954158       4.497039      0.0000000E+00   10.59951       7.335075      0.0000000E+00
 day              5         150           2           1           2        1975           5                     1 hru0005           0.7242731      0.0000000E+00  0.0000000E+00  0.0000000E+00  0.0000000E+00   1.000000      0.2743916      0.9999804      0.4012089       4.277716      0.0000000E+00   10.75336       7.463675      0.0000000E+00
 day              6         200           2           1           2        1975           5                     1 hru0005           0.7363961      0.0000000E+00  0.0000000E+00  0.0000000E+00  0.0000000E+00   1.000000      0.2802257      0.9999107      0.4088024      5.6566179E-02   4.298804       3.032770       7.590076      0.0000000E+00
 day              7         300           2           1           2        1975           5                     1 hru0005           0.7363961      0.0000000E+00  0.0000000E+00  0.0000000E+00  0.0000000E+00   1.000000      0.2887833      0.9992469      0.4147220      0.2974310       7.584836       6.152671       7.774906      0.0000000E+00
 day              8         450           2           1           2        1975           5                     1 hru0005           0.7363961      0.0000000E+00  0.0000000E+00  0.0000000E+00  0.0000000E+00   1.000000      0.3024228      0.9787498      0.4156973      0.6892936       9.487259       9.252498       8.068224      0.0000000E+00
 day              9         600           2           1           2        1975           5                     1 hru0005           0.7363961      0.0000000E+00  0.0000000E+00  0.0000000E+00  0.0000000E+00   1.000000      0.3175834      0.5428548      0.2362712      0.4726382       8.286402       5.301954       8.392687      0.0000000E+00
 day             10         750           2           1           2        1975           5                     1 hru0005           0.7363961      0.0000000E+00  0.0000000E+00  0.0000000E+00  0.0000000E+00   1.000000      0.3312927      0.2131508      9.4752610E-02  0.2113489       7.327626       2.139581       8.684930      0.0000000E+00
 day             11         900           2           1           2        1975           5                     1 hru0005           0.7363961      0.0000000E+00  0.0000000E+00  0.0000000E+00  0.0000000E+00   1.000000      0.3435104      0.2003133      9.0673015E-02  0.1633055       6.462161       1.538124       8.944633      0.0000000E+00
 day             12        1050           2           1           2        1975           5                     1 hru0005           0.7363961      0.0000000E+00  0.0000000E+00  0.0000000E+00  0.0000000E+00   1.000000      0.3542749      0.2000076      9.1942213E-02  8.1968009E-02   5.796995      0.7343068       9.172989      0.0000000E+00
 day             13        1200           2           1           2        1975           5                     1 hru0005           0.7363961      0.0000000E+00  0.0000000E+00  0.0000000E+00  0.0000000E+00   1.000000      0.3636756      0.2000002      9.3150601E-02  8.6065650E-02   4.974004      0.7439390       9.372144      0.0000000E+00
 day             14        1500           2           1           2        1975           5                     1 hru0005           0.7363961      0.0000000E+00  0.0000000E+00  0.0000000E+00  0.0000000E+00   1.000000      0.3754823      0.2000000      9.4650500E-02  0.1834465       7.313745       1.511790       9.622013      0.0000000E+00
 day             15        1800           2           1           2        1975           5                     1 hru0005           0.7363961      0.0000000E+00  0.0000000E+00  0.0000000E+00  0.0000000E+00   1.000000      0.3876282      0.2000000      9.6169166E-02  0.1919709       5.362086       1.535998       9.878881      0.0000000E+00
 day             16        2000           2           1           2        1975           5                     1 hru0005           0.7363961      0.0000000E+00  0.0000000E+00  0.0000000E+00  0.0000000E+00   1.000000      0.3952627      0.2000000      9.7111598E-02  0.1310201       2.900496       1.034012       10.04030      0.0000000E+00
 day              1          10           2           1           2        1975           6                     1 hru0006           0.6954528      4.4366675E-03  9.9999998E-03  4.4366675E-03  0.0000000E+00   1.004437      0.2600722      0.9999998      0.3844552      0.6999382      0.2667187       5.118399       7.151918      0.0000000E+00
 day              2          25           2           1           2        1975           6                     1 hru0006           0.6975832      4.4366675E-03  9.9999998E-03  4.4366675E-03  0.0000000E+00   1.004437      0.2615708      0.9999998      0.3861513       1.413976      2.1045645E-04   5.229113       7.184652      0.0000000E+00
 day              3          50           2           1           2        1975           6                     1 hru0006           0.7090236      4.4366666E-03  9.9999998E-03  4.4366666E-03  0.0000000E+00   1.004437      0.2639625      0.9999993      0.3910805       2.313716      3.5076073E-04   8.825450       7.236842      0.0000000E+00
 day              4         100           2           1           2        1975           6                     1 hru0006           0.7189963      0.0000000E+00  0.0000000E+00  0.0000000E+00  0.0000000E+00   1.000000      0.2684232      0.9999964      0.3953797      0.1590332       4.294799       12.19324       7.334006      0.0000000E+00
 day              5         150           2           1           2        1975           6                     1 hru0006           0.7242731      0.0000000E+00  0.0000000E+00  0.0000000E+00  0.0000000E+00   1.000000      0.2743112      0.9999804      0.4011502      0.3750138       3.871031       12.36954       7.461930      0.0000000E+00
 day              6         200           2           1           2        1975           6                     1 hru0006           0.7363961      0.0000000E+00  0.0000000E+00  0.0000000E+00  0.0000000E+00   1.000000      0.2801151      0.9999107      0.4087217      0.1370881       4.304250       3.092024       7.587684      0.0000000E+00
 day              7         300           2           1           2        1975           6                     1 hru0006           0.7363961      0.0000000E+00  0.0000000E+00  0.0000000E+00  0.0000000E+00   1.000000      0.2886301      0.9992469      0.4146120      0.4058444       7.632006       6.272464       7.771603      0.0000000E+00
 day              8         450           2           1           2        1975           6                     1 hru0006           0.7363961      0.0000000E+00  0.0000000E+00  0.0000000E+00  0.0000000E+00   1.000000      0.3022069      0.9787498      0.4155489      0.7930861       9.584324       9.431779       8.063593      0.0000000E+00
 day              9         600           2           1           2        1975           6                     1 hru0006           0.7363961      0.0000000E+00  0.0000000E+00  0.0000000E+00  0.0000000E+00   1.000000      0.3173078      0.5428548      0.2361687      0.5156186       8.416302       5.404266       8.386803      0.0000000E+00
 day             10         750           2           1           2        1975           6                     1 hru0006           0.7363961      0.0000000E+00  0.0000000E+00  0.0000000E+00  0.0000000E+00   1.000000      0.3309748      0.2131508      9.4707131E-02  0.2249590       7.462816       2.180765       8.678164      0.0000000E+00
 day             11         900           2           1           2        1975           6                     1 hru0006           0.7363961      0.0000000E+00  0.0000000E+00  0.0000000E+00  0.0000000E+00   1.000000      0.3431663      0.2003133      9.0627581E-02  0.1700412       6.532273       1.554951       8.937325      0.0000000E+00
 day             12        1050           2           1           2        1975           6                     1 hru0006           0.7363961      0.0000000E+00  0.0000000E+00  0.0000000E+00  0.0000000E+00   1.000000      0.3539182      0.2000076      9.1895916E-02  8.3649814E-02   5.795313      0.7336614       9.165427      0.0000000E+00
 day             13        1200           2           1           2        1975           6                     1 hru0006           0.7363961      0.0000000E+00  0.0000000E+00  0.0000000E+00  0.0000000E+00   1.000000      0.3633173      0.2000002      9.3104705E-02  8.7366223E-02   4.972703      0.7432932       9.364558      0.0000000E+00
 day             14        1500           2           1           2        1975           6                     1 hru0006           0.7363961      0.0000000E+00  0.0000000E+00  0.0000000E+00  0.0000000E+00   1.000000      0.3751367      0.2000000      9.4606943E-02  0.1850607       7.312131       1.510527       9.614702      0.0000000E+00
 day             15        1800           2           1           2        1975           6                     1 hru0006           0.7363961      0.0000000E+00  0.0000000E+00  0.0000000E+00  0.0000000E+00   1.000000      0.3873160      0.2000000      9.6130438E-02  0.1930151       5.361042       1.534802       9.872280      0.0000000E+00
 day             16        2000           2           1           2        1975           6                     1 hru0006           0.7363961      0.0000000E+00  0.0000000E+00  0.0000000E+00  0.0000000E+00   1.000000      0.3949846      0.2000000      9.7077429E-02  0.1315485       2.899968       1.033260       10.03442      0.0000000E+00
 day              1          10           2           1           2        1975           7                     1 hru0007           0.6954528      4.4374913E-03  9.9999998E-03  4.4374913E-03  0.0000000E+00   1.004437      0.2600832      0.9999998      0.3844636      0.3830414      0.4194386       2.986961       7.152160      0.0000000E+00
 day              2          25           2           1           2        1975           7                     1 hru0007           0.6975831      4.4374913E-03  9.9999998E-03  4.4374913E-03  0.0000000E+00   1.004437      0.2616053      0.9999998      0.3861771       1.179850      3.3102249E-04   1.854327       7.185406      0.0000000E+00
 day              3          50           2           1           2        1975           7                     1 hru0007           0.7090236      4.4374908E-03  9.9999998E-03  4.4374908E-03  0.0000000E+00   1.004437      0.2640344      0.9999993      0.3911341       1.930607      5.5170414E-04   3.129871       7.238410      0.0000000E+00
 day              4         100           2           1           2        1975           7                     1 hru0007           0.7189963      0.0000000E+00  0.0000000E+00  0.0000000E+00  0.0000000E+00   1.000000      0.2685644      0.9999964      0.3954836      5.6559920E-02   4.333886       4.329857       7.337077      0.0000000E+00
 day              5         150           2           1           2        1975           7                     1 hru0007           0.7242731      0.0000000E+00  0.0000000E+00  0.0000000E+00  0.0000000E+00   1.000000      0.2745423      0.9999804      0.4013191      0.1332237       4.052496       4.393155       7.466944      0.0000000E+00
 day              6         200           2           1           2        1975           7                     1 hru0007           0.7363961      0.0000000E+00  0.0000000E+00  0.0000000E+00  0.0000000E+00   1.000000      0.2804330      0.9999107      0.4089536      0.1327426       4.165325       2.993964       7.594561      0.0000000E+00
 day              7         300           2           1           2        1975           7                     1 hru0007           0.7363961      0.0000000E+00  0.0000000E+00  0.0000000E+00  0.0000000E+00   1.000000      0.2890703      0.9992469      0.4149280      0.3930548       7.385501       6.074708       7.781094      0.0000000E+00
 day              8         450           2           1           2        1975           7                     1 hru0007           0.7363961      0.0000000E+00  0.0000000E+00  0.0000000E+00  0.0000000E+00   1.000000      0.3028269      0.9787498      0.4159749      0.7682922       9.274351       9.136791       8.076892      0.0000000E+00
 day              9         600           2           1           2        1975           7                     1 hru0007           0.7363961      0.0000000E+00  0.0000000E+00  0.0000000E+00  0.0000000E+00   1.000000      0.3180985      0.5428548      0.2364627      0.4996074       8.144175       5.236408       8.403686      0.0000000E+00
 day             10         750           2           1           2        1975           7                     1 hru0007           0.7363961      0.0000000E+00  0.0000000E+00  0.0000000E+00  0.0000000E+00   1.000000      0.3318861      0.2131508      9.4837427E-02  0.2180016       7.221771       2.113313       8.697557      0.0000000E+00
 day             11         900           2           1           2        1975           7                     1 hru0007           0.7363961      0.0000000E+00  0.0000000E+00  0.0000000E+00  0.0000000E+00   1.000000      0.3441520      0.2003133      9.0757661E-02  0.1670314       6.407211       1.527423       8.958254      0.0000000E+00
 day             12        1050           2           1           2        1975           7                     1 hru0007           0.7363961      0.0000000E+00  0.0000000E+00  0.0000000E+00  0.0000000E+00   1.000000      0.3549390      0.2000076      9.2028342E-02  8.3770394E-02   5.795192      0.7347166       9.187064      0.0000000E+00
 day             13        1200           2           1           2        1975           7                     1 hru0007           0.7363961      0.0000000E+00  0.0000000E+00  0.0000000E+00  0.0000000E+00   1.000000      0.3643416      0.2000002      9.3235865E-02  8.7489307E-02   4.972580      0.7443382       9.386246      0.0000000E+00
 day             14        1500           2           1           2        1975           7                     1 hru0007           0.7363961      0.0000000E+00  0.0000000E+00  0.0000000E+00  0.0000000E+00   1.000000      0.3761233      0.2000000      9.4731271E-02  0.1853039       7.311889       1.512508       9.635574      0.0000000E+00
 day             15        1800           2           1           2        1975           7                     1 hru0007           0.7363961      0.0000000E+00  0.0000000E+00  0.0000000E+00  0.0000000E+00   1.000000      0.3882056      0.2000000      9.6240774E-02  0.1932366       5.360820       1.536560       9.891090      0.0000000E+00
 day             16        2000           2           1           2        1975           7                     1 hru0007           0.7363961      0.0000000E+00  0.0000000E+00  0.0000000E+00  0.0000000E+00   1.000000      0.3957760      0.2000000      9.7174630E-02  0.1316802       2.899836       1.034292       10.05115      0.0000000E+00
 day              1          10           2           1           2        1975           8                     1 hru0008           0.6954528      4.4326871E-03  9.9999998E-03  4.4326871E-03  0.0000000E+00   1.004433      0.2600188      0.9999998      0.3844142      0.2461014      0.3069549       2.233801       7.150752      0.0000000E+00
 day              2          25           2           1           2        1975           8                     1 hru0008           0.6975833      4.4326871E-03  9.9999998E-03  4.4326871E-03  0.0000000E+00   1.004433      0.2614039      0.9999998      0.3860267      0.8136762      2.4198824E-04  0.6619607       7.181009      0.0000000E+00
 day              3          50           2           1           2        1975           8                     1 hru0008           0.7090236      4.4326871E-03  9.9999998E-03  4.4326871E-03  0.0000000E+00   1.004433      0.2636150      0.9999993      0.3908215       1.331429      4.0331372E-04   1.116857       7.229264      0.0000000E+00
 day              4         100           2           1           2        1975           8                     1 hru0008           0.7189963      0.0000000E+00  0.0000000E+00  0.0000000E+00  0.0000000E+00   1.000000      0.2677411      0.9999964      0.3948769      9.5708907E-02   5.052895       7.332259       7.319161      0.0000000E+00
 day              5         150           2           1           2        1975           8                     1 hru0008           0.7242731      0.0000000E+00  0.0000000E+00  0.0000000E+00  0.0000000E+00   1.000000      0.2731930      0.9999804      0.4003317      0.2253556       4.683114       7.432602       7.437664      0.0000000E+00
 day              6         200           2           1           2        1975           8                     1 hru0008           0.7363961      0.0000000E+00  0.0000000E+00  0.0000000E+00  0.0000000E+00   1.000000      0.2785759      0.9999107      0.4075972      0.1367033       4.304636       3.083586       7.554365      0.0000000E+00
 day              7         300           2           1           2        1975           8                     1 hru0008           0.7363961      0.0000000E+00  0.0000000E+00  0.0000000E+00  0.0000000E+00   1.000000      0.2864936      0.9992469      0.4130746      0.4043248       7.633525       6.249400       7.725516      0.0000000E+00
 day              8         450           2           1           2        1975           8                     1 hru0008           0.7363961      0.0000000E+00  0.0000000E+00  0.0000000E+00  0.0000000E+00   1.000000      0.2991847      0.9787498      0.4134658      0.7890910       9.588320       9.384899       7.998718      0.0000000E+00
 day              9         600           2           1           2        1975           8                     1 hru0008           0.7363961      0.0000000E+00  0.0000000E+00  0.0000000E+00  0.0000000E+00   1.000000      0.3134280      0.5428548      0.2347204      0.5124516       8.419468       5.371284       8.303902      0.0000000E+00
 day             10         750           2           1           2        1975           8                     1 hru0008           0.7363961      0.0000000E+00  0.0000000E+00  0.0000000E+00  0.0000000E+00   1.000000      0.3264693      0.2131508      9.4060294E-02  0.2234221       7.464353       2.165900       8.582218      0.0000000E+00
 day             11         900           2           1           2        1975           8                     1 hru0008           0.7363961      0.0000000E+00  0.0000000E+00  0.0000000E+00  0.0000000E+00   1.000000      0.3382529      0.2003133      8.9976452E-02  0.1817222       7.032849       1.661792       8.832952      0.0000000E+00
 day             12        1050           2           1           2        1975           8                     1 hru0008           0.7363961      0.0000000E+00  0.0000000E+00  0.0000000E+00  0.0000000E+00   1.000000      0.3487871      0.2000076      9.1227338E-02  9.8611116E-02   6.882636      0.8648937       9.056618      0.0000000E+00
 day             13        1200           2           1           2        1975           8                     1 hru0008           0.7363961      0.0000000E+00  0.0000000E+00  0.0000000E+00  0.0000000E+00   1.000000      0.3581249      0.2000002      9.2436999E-02  0.1030031       5.905811      0.8763401       9.254578      0.0000000E+00
 day             14        1500           2           1           2        1975           8                     1 hru0008           0.7363961      0.0000000E+00  0.0000000E+00  0.0000000E+00  0.0000000E+00   1.000000      0.3700708      0.2000000      9.3965985E-02  0.2182702       8.684615       1.781615       9.507518      0.0000000E+00
 day             15        1800           2           1           2        1975           8                     1 hru0008           0.7363961      0.0000000E+00  0.0000000E+00  0.0000000E+00  0.0000000E+00   1.000000      0.3826736      0.2000000      9.5552579E-02  0.2278271       6.367593       1.811638       9.774113      0.0000000E+00
 day             16        2000           2           1           2        1975           8                     1 hru0008           0.7363961      0.0000000E+00  0.0000000E+00  0.0000000E+00  0.0000000E+00   1.000000      0.3908016      0.2000000      9.6562028E-02  0.1553841       3.444527       1.220490       9.945978      0.0000000E+00
 day              1          10           2           1           2        1975           9                     1 hru0009           0.6954527      4.4364491E-03  9.9999998E-03  4.4364491E-03  0.0000000E+00   1.004436      0.2600692      0.9999998      0.3844529      0.7459052      0.2833543       5.391019       7.151854      0.0000000E+00
 day              2          25           2           1           2        1975           9                     1 hru0009           0.6975832      4.4364491E-03  9.9999998E-03  4.4364491E-03  0.0000000E+00   1.004436      0.2615616      0.9999998      0.3861445       1.505530      2.2357184E-04   5.660719       7.184452      0.0000000E+00
 day              3          50           2           1           2        1975           9                     1 hru0009           0.7090236      4.4364491E-03  9.9999998E-03  4.4364491E-03  0.0000000E+00   1.004436      0.2639434      0.9999993      0.3910663       2.463526      3.7261972E-04   9.553718       7.236426      0.0000000E+00
 day              4         100           2           1           2        1975           9                     1 hru0009           0.7189963      0.0000000E+00  0.0000000E+00  0.0000000E+00  0.0000000E+00   1.000000      0.2683858      0.9999964      0.3953521      0.1173943       4.620620       8.994515       7.333192      0.0000000E+00
 day              5         150           2           1           2        1975           9                     1 hru0009           0.7242731      0.0000000E+00  0.0000000E+00  0.0000000E+00  0.0000000E+00   1.000000      0.2742499      0.9999804      0.4011053      0.2766526       4.240367       9.124191       7.460600      0.0000000E+00
 day              6         200           2           1           2        1975           9                     1 hru0009           0.7363961      0.0000000E+00  0.0000000E+00  0.0000000E+00  0.0000000E+00   1.000000      0.2800308      0.9999107      0.4086602      0.1370671       4.304271       3.091562       7.585858      0.0000000E+00
 day              7         300           2           1           2        1975           9                     1 hru0009           0.7363961      0.0000000E+00  0.0000000E+00  0.0000000E+00  0.0000000E+00   1.000000      0.2885132      0.9992469      0.4145280      0.4057616       7.632088       6.271204       7.769083      0.0000000E+00
 day              8         450           2           1           2        1975           9                     1 hru0009           0.7363961      0.0000000E+00  0.0000000E+00  0.0000000E+00  0.0000000E+00   1.000000      0.3020422      0.9787498      0.4154356      0.7928686       9.584541       9.429228       8.060058      0.0000000E+00
 day              9         600           2           1           2        1975           9                     1 hru0009           0.7363961      0.0000000E+00  0.0000000E+00  0.0000000E+00  0.0000000E+00   1.000000      0.3170975      0.5428548      0.2360904      0.5154474       8.416472       5.402483       8.382310      0.0000000E+00
 day             10         750           2           1           2        1975           9                     1 hru0009           0.7363961      0.0000000E+00  0.0000000E+00  0.0000000E+00  0.0000000E+00   1.000000      0.3307319      0.2131508      9.4672367E-02  0.2248764       7.462898       2.179966       8.672994      0.0000000E+00
 day             11         900           2           1           2        1975           9                     1 hru0009           0.7363961      0.0000000E+00  0.0000000E+00  0.0000000E+00  0.0000000E+00   1.000000      0.3429031      0.2003133      9.0592824E-02  0.1699760       6.532339       1.554356       8.931737      0.0000000E+00
 day             12        1050           2           1           2        1975           9                     1 hru0009           0.7363961      0.0000000E+00  0.0000000E+00  0.0000000E+00  0.0000000E+00   1.000000      0.3536452      0.2000076      9.1860466E-02  8.3617568E-02   5.795345      0.7333788       9.159639      0.0000000E+00
 day             13        1200           2           1           2        1975           9                     1 hru0009           0.7363961      0.0000000E+00  0.0000000E+00  0.0000000E+00  0.0000000E+00   1.000000      0.3630429      0.2000002      9.3069538E-02  8.7333262E-02   4.972736      0.7430131       9.358747      0.0000000E+00
 day             14        1500           2           1           2        1975           9                     1 hru0009           0.7363961      0.0000000E+00  0.0000000E+00  0.0000000E+00  0.0000000E+00   1.000000      0.3748715      0.2000000      9.4573490E-02  0.1849953       7.312197       1.509994       9.609093      0.0000000E+00
 day             15        1800           2           1           2        1975           9                     1 hru0009           0.7363961      0.0000000E+00  0.0000000E+00  0.0000000E+00  0.0000000E+00   1.000000      0.3870761      0.2000000      9.6100666E-02  0.1929553       5.361101       1.534328       9.867208      0.0000000E+00
 day             16        2000           2           1           2        1975           9                     1 hru0009           0.7363961      0.0000000E+00  0.0000000E+00  0.0000000E+00  0.0000000E+00   1.000000      0.3947706      0.2000000      9.7051129E-02  0.1315129       2.900004       1.032980       10.02990      0.0000000E+00
 day              1          10           2           1           2        1975          10                     1 hru0010           0.6954528      4.4352612E-03  9.9999998E-03  4.4352612E-03  0.0000000E+00   1.004435      0.2600533      0.9999998      0.3844407      0.6485572      0.2896261       4.774430       7.151506      0.0000000E+00
 day              2          25           2           1           2        1975          10                     1 hru0010           0.6975832      4.4352612E-03  9.9999998E-03  4.4352612E-03  0.0000000E+00   1.004435      0.2615118      0.9999998      0.3861073       1.373262      2.2845938E-04   4.684247       7.183365      0.0000000E+00
 day              3          50           2           1           2        1975          10                     1 hru0010           0.7090236      4.4352612E-03  9.9999998E-03  4.4352612E-03  0.0000000E+00   1.004435      0.2638398      0.9999993      0.3909891       2.247094      3.8076562E-04   7.904912       7.234165      0.0000000E+00
 day              4         100           2           1           2        1975          10                     1 hru0010           0.7189963      0.0000000E+00  0.0000000E+00  0.0000000E+00  0.0000000E+00   1.000000      0.2681823      0.9999964      0.3952022      0.1155414       4.432965       8.853751       7.328765      0.0000000E+00
 day              5         150           2           1           2        1975          10                     1 hru0010           0.7242731      0.0000000E+00  0.0000000E+00  0.0000000E+00  0.0000000E+00   1.000000      0.2739165      0.9999804      0.4008615      0.2722515       4.064091       8.979359       7.453366      0.0000000E+00
 day              6         200           2           1           2        1975          10                     1 hru0010           0.7363961      0.0000000E+00  0.0000000E+00  0.0000000E+00  0.0000000E+00   1.000000      0.2795722      0.9999107      0.4083255      0.1369526       4.304386       3.089051       7.575933      0.0000000E+00
 day              7         300           2           1           2        1975          10                     1 hru0010           0.7363961      0.0000000E+00  0.0000000E+00  0.0000000E+00  0.0000000E+00   1.000000      0.2878772      0.9992469      0.4140709      0.4053096       7.632540       6.264346       7.755368      0.0000000E+00
 day              8         450           2           1           2        1975          10                     1 hru0010           0.7363961      0.0000000E+00  0.0000000E+00  0.0000000E+00  0.0000000E+00   1.000000      0.3011445      0.9787498      0.4148178      0.7916837       9.585727       9.415323       8.040794      0.0000000E+00
 day              9         600           2           1           2        1975          10                     1 hru0010           0.7363961      0.0000000E+00  0.0000000E+00  0.0000000E+00  0.0000000E+00   1.000000      0.3159488      0.5428548      0.2356624      0.5145115       8.417409       5.392735       8.357773      0.0000000E+00
 day             10         750           2           1           2        1975          10                     1 hru0010           0.7363961      0.0000000E+00  0.0000000E+00  0.0000000E+00  0.0000000E+00   1.000000      0.3294029      0.2131508      9.4481960E-02  0.2244240       7.463350       2.175591       8.644700      0.0000000E+00
 day             11         900           2           1           2        1975          10                     1 hru0010           0.7363961      0.0000000E+00  0.0000000E+00  0.0000000E+00  0.0000000E+00   1.000000      0.3414595      0.2003133      9.0401925E-02  0.1730744       6.665825       1.582696       8.901079      0.0000000E+00
 day             12        1050           2           1           2        1975          10                     1 hru0010           0.7363961      0.0000000E+00  0.0000000E+00  0.0000000E+00  0.0000000E+00   1.000000      0.3521438      0.2000076      9.1665268E-02  8.7611556E-02   6.085277      0.7684119       9.127809      0.0000000E+00
 day             13        1200           2           1           2        1975          10                     1 hru0010           0.7363961      0.0000000E+00  0.0000000E+00  0.0000000E+00  0.0000000E+00   1.000000      0.3615300      0.2000002      9.2875406E-02  9.1508329E-02   5.221547      0.7785367       9.326707      0.0000000E+00
 day             14        1500           2           1           2        1975          10                     1 hru0010           0.7363961      0.0000000E+00  0.0000000E+00  0.0000000E+00  0.0000000E+00   1.000000      0.3734048      0.2000000      9.4388291E-02  0.1938636       7.678142       1.582385       9.578062      0.0000000E+00
 day             15        1800           2           1           2        1975          10                     1 hru0010           0.7363961      0.0000000E+00  0.0000000E+00  0.0000000E+00  0.0000000E+00   1.000000      0.3857429      0.2000000      9.5935009E-02  0.2022527       5.629473       1.608263       9.839016      0.0000000E+00
 day             16        2000           2           1           2        1975          10                     1 hru0010           0.7363961      0.0000000E+00  0.0000000E+00  0.0000000E+00  0.0000000E+00   1.000000      0.3935769      0.2000000      9.6904293E-02  0.1378790       3.045198       1.082986       10.00466      0.0000000E+00
 day              1          10           2           1           2        1975          11                     1 hru0011           0.6954529      4.4317548E-03  9.9999998E-03  4.4317548E-03  0.0000000E+00   1.004432      0.2600063      0.9999998      0.3844046      0.8063658      0.3269880       5.760880       7.150479      0.0000000E+00
 day              2          25           2           1           2        1975          11                     1 hru0011           0.6975832      4.4317548E-03  9.9999998E-03  4.4317548E-03  0.0000000E+00   1.004432      0.2613648      0.9999998      0.3859974       1.658108      2.5420694E-04   6.245110       7.180156      0.0000000E+00
 day              3          50           2           1           2        1975          11                     1 hru0011           0.7090237      4.4317553E-03  9.9999998E-03  4.4317553E-03  0.0000000E+00   1.004432      0.2635336      0.9999993      0.3907608       2.713194      4.2367820E-04   10.53582       7.227489      0.0000000E+00
 day              4         100           2           1           2        1975          11                     1 hru0011           0.7189963      0.0000000E+00  0.0000000E+00  0.0000000E+00  0.0000000E+00   1.000000      0.2675812      0.9999964      0.3947590      0.1049109       4.885797       8.039079       7.315681      0.0000000E+00
 day              5         150           2           1           2        1975          11                     1 hru0011           0.7242731      0.0000000E+00  0.0000000E+00  0.0000000E+00  0.0000000E+00   1.000000      0.2729307      0.9999804      0.4001395      0.2470233       4.510897       8.147628       7.431969      0.0000000E+00
 day              6         200           2           1           2        1975          11                     1 hru0011           0.7363961      0.0000000E+00  0.0000000E+00  0.0000000E+00  0.0000000E+00   1.000000      0.2782144      0.9999107      0.4073327      0.1568845       4.943490       3.538869       7.546536      0.0000000E+00
 day              7         300           2           1           2        1975          11                     1 hru0011           0.7363961      0.0000000E+00  0.0000000E+00  0.0000000E+00  0.0000000E+00   1.000000      0.2859907      0.9992469      0.4127119      0.4639090       8.766642       7.170471       7.714663      0.0000000E+00
 day              8         450           2           1           2        1975          11                     1 hru0011           0.7363961      0.0000000E+00  0.0000000E+00  0.0000000E+00  0.0000000E+00   1.000000      0.2984701      0.9787498      0.4129718      0.9050921       11.01217       10.76471       7.983370      0.0000000E+00
 day              9         600           2           1           2        1975          11                     1 hru0011           0.7363961      0.0000000E+00  0.0000000E+00  0.0000000E+00  0.0000000E+00   1.000000      0.3125046      0.5428548      0.2343744      0.5876231       9.669661       6.159254       8.284158      0.0000000E+00
 day             10         750           2           1           2        1975          11                     1 hru0011           0.7363961      0.0000000E+00  0.0000000E+00  0.0000000E+00  0.0000000E+00   1.000000      0.3253888      0.2131508      9.3904532E-02  0.2561495       8.572375       2.483176       8.559196      0.0000000E+00
 day             11         900           2           1           2        1975          11                     1 hru0011           0.7363961      0.0000000E+00  0.0000000E+00  0.0000000E+00  0.0000000E+00   1.000000      0.3370651      0.2003133      8.9818336E-02  0.1996505       7.740651       1.825747       8.807706      0.0000000E+00
 day             12        1050           2           1           2        1975          11                     1 hru0011           0.7363961      0.0000000E+00  0.0000000E+00  0.0000000E+00  0.0000000E+00   1.000000      0.3475361      0.2000076      9.1063596E-02  0.1025789       7.172628      0.8996969       9.030078      0.0000000E+00
 day             13        1200           2           1           2        1975          11                     1 hru0011           0.7363961      0.0000000E+00  0.0000000E+00  0.0000000E+00  0.0000000E+00   1.000000      0.3568481      0.2000002      9.2272080E-02  0.1071488       6.154679      0.9116138       9.227525      0.0000000E+00
 day             14        1500           2           1           2        1975          11                     1 hru0011           0.7363961      0.0000000E+00  0.0000000E+00  0.0000000E+00  0.0000000E+00   1.000000      0.3688093      0.2000000      9.3805671E-02  0.2270728       9.050685       1.853472       9.480819      0.0000000E+00
 day             15        1800           2           1           2        1975          11                     1 hru0011           0.7363961      0.0000000E+00  0.0000000E+00  0.0000000E+00  0.0000000E+00   1.000000      0.3814986      0.2000000      9.5405780E-02  0.2370555       6.636077       1.885025       9.749264      0.0000000E+00
 day             16        2000           2           1           2        1975          11                     1 hru0011           0.7363961      0.0000000E+00  0.0000000E+00  0.0000000E+00  0.0000000E+00   1.000000      0.3897292      0.2000000      9.6429437E-02  0.1617048       3.589795       1.270140       9.923304      0.0000000E+00
 day              1          10           2           1           2        1975          12                     1 hru0012           0.6954527      4.4347728E-03  9.9999998E-03  4.4347728E-03  0.0000000E+00   1.004435      0.2600467      0.9999998      0.3844357      0.7243980      0.3318045       5.210333       7.151362      0.0000000E+00
 day              2          25           2           1           2        1975          12                     1 hru0012           0.6975832      4.4347728E-03  9.9999998E-03  4.4347728E-03  0.0000000E+00   1.004435      0.2614913      0.9999998      0.3860920       1.546187      2.6170124E-04   5.374277       7.182918      0.0000000E+00
 day              3          50           2           1           2        1975          12                     1 hru0012           0.7090237      4.4347723E-03  9.9999998E-03  4.4347723E-03  0.0000000E+00   1.004435      0.2637971      0.9999993      0.3909573       2.530054      4.3616869E-04   9.068997       7.233234      0.0000000E+00
 day              4         100           2           1           2        1975          12                     1 hru0012           0.7189963      0.0000000E+00  0.0000000E+00  0.0000000E+00  0.0000000E+00   1.000000      0.2680986      0.9999964      0.3951405      0.1076719       4.693503       8.249466       7.326942      0.0000000E+00
 day              5         150           2           1           2        1975          12                     1 hru0012           0.7242731      0.0000000E+00  0.0000000E+00  0.0000000E+00  0.0000000E+00   1.000000      0.2737792      0.9999804      0.4007610      0.2536502       4.323587       8.365716       7.450387      0.0000000E+00
 day              6         200           2           1           2        1975          12                     1 hru0012           0.7363961      0.0000000E+00  0.0000000E+00  0.0000000E+00  0.0000000E+00   1.000000      0.2793832      0.9999107      0.4081874      0.1395550       4.387748       3.147784       7.571842      0.0000000E+00
 day              7         300           2           1           2        1975          12                     1 hru0012           0.7363961      0.0000000E+00  0.0000000E+00  0.0000000E+00  0.0000000E+00   1.000000      0.2876150      0.9992469      0.4138823      0.4129642       7.780456       6.382707       7.749712      0.0000000E+00
 day              8         450           2           1           2        1975          12                     1 hru0012           0.7363961      0.0000000E+00  0.0000000E+00  0.0000000E+00  0.0000000E+00   1.000000      0.3007738      0.9787498      0.4145624      0.8065073       9.771752       9.591695       8.032839      0.0000000E+00
 day              9         600           2           1           2        1975          12                     1 hru0012           0.7363961      0.0000000E+00  0.0000000E+00  0.0000000E+00  0.0000000E+00   1.000000      0.3154733      0.5428548      0.2354850      0.5240743       8.580718       5.492991       8.347615      0.0000000E+00
 day             10         750           2           1           2        1975          12                     1 hru0012           0.7363961      0.0000000E+00  0.0000000E+00  0.0000000E+00  0.0000000E+00   1.000000      0.3288514      0.2131508      9.4402835E-02  0.2285759       7.607991       2.215845       8.632957      0.0000000E+00
 day             11         900           2           1           2        1975          12                     1 hru0012           0.7363961      0.0000000E+00  0.0000000E+00  0.0000000E+00  0.0000000E+00   1.000000      0.3408588      0.2003133      9.0322368E-02  0.1748649       6.740875       1.599073       8.888319      0.0000000E+00
 day             12        1050           2           1           2        1975          12                     1 hru0012           0.7363961      0.0000000E+00  0.0000000E+00  0.0000000E+00  0.0000000E+00   1.000000      0.3515172      0.2000076      9.1583684E-02  8.7533534E-02   6.085355      0.7677292       9.114523      0.0000000E+00
 day             13        1200           2           1           2        1975          12                     1 hru0012           0.7363961      0.0000000E+00  0.0000000E+00  0.0000000E+00  0.0000000E+00   1.000000      0.3608967      0.2000002      9.2794038E-02  9.1428161E-02   5.221626      0.7778559       9.313296      0.0000000E+00
 day             14        1500           2           1           2        1975          12                     1 hru0012           0.7363961      0.0000000E+00  0.0000000E+00  0.0000000E+00  0.0000000E+00   1.000000      0.3727881      0.2000000      9.4310328E-02  0.1937035       7.678303       1.581081       9.565016      0.0000000E+00
 day             15        1800           2           1           2        1975          12                     1 hru0012           0.7363961      0.0000000E+00  0.0000000E+00  0.0000000E+00  0.0000000E+00   1.000000      0.3851793      0.2000000      9.5864907E-02  0.2021049       5.629620       1.607090       9.827098      0.0000000E+00
 day             16        2000           2           1           2        1975          12                     1 hru0012           0.7363961      0.0000000E+00  0.0000000E+00  0.0000000E+00  0.0000000E+00   1.000000      0.3930702      0.2000000      9.6841887E-02  0.1377903       3.045287       1.082290       9.993944      0.0000000E+00
